Workbook

Sheet 4月部门分发
A1: 打卡地点 | B1: 姓名 | C1: 工号 | D1: 一级部门 | E1: 二级部门 | F1: 46113 | H1: 小时数 | I1: 天数 | J1: 46114 | L1: 小时数 | M1: 天数 | N1: 46115 | P1: 小时数 | Q1: 天数 | R1: 46116 | T1: 小时数 | U1: 天数 | V1: 46117 | X1: 小时数 | Y1: 天数 | Z1: 46118 | AB1: 小时数 | AC1: 天数 | AD1: 46119 | AF1: 小时数 | AG1: 天数 | AH1: 46120 | AJ1: 小时数 | AK1: 天数 | AL1: 46121 | AN1: 小时数 | AO1: 天数 | AP1: 46122 | AR1: 小时数 | AS1: 天数 | AT1: 46123 | AV1: 小时数 | AW1: 天数 | AX1: 46124 | AZ1: 小时数 | BA1: 天数 | BB1: 46125 | BD1: 小时数 | BE1: 天数 | BF1: 46126 | BH1: 小时数 | BI1: 天数 | BJ1: 46127 | BL1: 小时数 | BM1: 天数 | BN1: 46128 | BP1: 小时数 | BQ1: 天数 | BR1: 46129 | BT1: 小时数 | BU1: 天数 | BV1: 46130 | BX1: 小时数 | BY1: 天数 | BZ1: 46131 | CB1: 小时数 | CC1: 天数 | CD1: 46132 | CF1: 小时数 | CG1: 天数 | CH1: 46133 | CJ1: 小时数 | CK1: 天数 | CL1: 46134 | CN1: 小时数 | CO1: 天数 | CP1: 46135 | CR1: 小时数 | CS1: 天数 | CT1: 46136 | CV1: 小时数 | CW1: 天数 | CX1: 46137 | CZ1: 小时数 | DA1: 天数 | DB1: 46138 | DD1: 小时数 | DE1: 天数 | DF1: 46139 | DH1: 小时数 | DI1: 天数 | DJ1: 46140 | DL1: 小时数 | DM1: 天数 | DN1: 46141 | DP1: 小时数 | DQ1: 天数 | DR1: 46142 | DT1: 小时数 | DU1: 天数 | DZ1: 总小时数 | EA1: 总天数 | EB1: 1日异常 | EC1: 2日异常 | ED1: 3日异常 | EE1: 4日异常 | EF1: 5日异常 | EG1: 6日异常 | EH1: 7日异常 | EI1: 8日异常 | EJ1: 9日异常 | EK1: 10日异常 | EL1: 11日异常 | EM1: 12日异常 | EN1: 13日异常 | EO1: 14日异常 | EP1: 15日异常 | EQ1: 16日异常 | ER1: 17日异常 | ES1: 18日异常 | ET1: 19日异常 | EU1: 20日异常 | EV1: 21日异常 | EW1: 22日异常 | EX1: 23日异常 | EY1: 24日异常 | EZ1: 25日异常 | FA1: 26日异常 | FB1: 27日异常 | FC1: 28日异常 | FD1: 29日异常 | FE1: 30日异常
A2: 五楼 | B2: 高淑文 | C2: 2 | F2: 0.35347222 | G2: 0.73611111 | H2: =MOD(G2-F2,1)*24 | I2: 1 | J2: 0.34513889 | M2: 0.5 | N2: 0.34652778 | O2: 0.73611111 | P2: =MOD(O2-N2,1)*24 | Q2: 1 | Z2: 0.35069444 | AA2: 0.73611111 | AB2: =MOD(AA2-Z2,1)*24 | AC2: 1 | AD2: 0.34444444 | AE2: 0.73611111 | AF2: =MOD(AE2-AD2,1)*24 | AG2: 1 | AH2: 0.34166667 | AI2: 0.73611111 | AJ2: =MOD(AI2-AH2,1)*24 | AK2: 1 | AL2: 0.34166667 | AM2: 0.73611111 | AN2: =MOD(AM2-AL2,1)*24 | AO2: 1 | AP2: 0.34375 | AQ2: 0.73611111 | AR2: =MOD(AQ2-AP2,1)*24 | AS2: 1 | AT2: 0.34722222 | AU2: 0.73611111 | AV2: =MOD(AU2-AT2,1)*24 | AW2: 1 | BB2: 0.34930556 | BC2: 0.73680556 | BD2: =MOD(BC2-BB2,1)*24 | BE2: 1 | BF2: 0.34722222 | BG2: 0.73611111 | BH2: =MOD(BG2-BF2,1)*24 | BI2: 1 | BJ2: 0.34513889 | BK2: 0.73680556 | BL2: =MOD(BK2-BJ2,1)*24 | BM2: 1 | BN2: 0.34652778 | BO2: 0.73611111 | BP2: =MOD(BO2-BN2,1)*24 | BQ2: 1 | BR2: 0.34375 | BS2: 0.73680556 | BT2: =MOD(BS2-BR2,1)*24 | BU2: 1 | BV2: 0.34791667 | BW2: 0.73680556 | BX2: =MOD(BW2-BV2,1)*24 | BY2: 1 | CD2: 0.34305556 | CE2: 0.73611111 | CF2: =MOD(CE2-CD2,1)*24 | CG2: 1 | CH2: 0.34652778 | CI2: 0.73680556 | CJ2: =MOD(CI2-CH2,1)*24 | CK2: 1 | CL2: 0.34236111 | CM2: 0.73611111 | CN2: =MOD(CM2-CL2,1)*24 | CO2: 1 | CP2: 0.34375 | CQ2: 0.73611111 | CR2: =MOD(CQ2-CP2,1)*24 | CS2: 1 | CT2: 0.34930556 | CU2: 0.73611111 | CV2: =MOD(CU2-CT2,1)*24 | CW2: 1 | CX2: 0.33958333 | CY2: 0.73611111 | CZ2: =MOD(CY2-CX2,1)*24 | DA2: 1 | DF2: 0.34444444 | DG2: 0.73611111 | DH2: =MOD(DG2-DF2,1)*24 | DI2: 1 | DJ2: 0.34722222 | DK2: 0.73680556 | DL2: =MOD(DK2-DJ2,1)*24 | DM2: 1 | DN2: 0.34097222 | DO2: 0.73680556 | DP2: =MOD(DO2-DN2,1)*24 | DQ2: 1 | DR2: 0.34583333 | DS2: 0.73611111 | DT2: =MOD(DS2-DR2,1)*24 | DU2: 1 | DV2: =SUM(H2,L2,P2,T2,X2,AB2,AF2,AJ2,AN2,AR2,AV2,AZ2,BD2,BH2,BL2,BP2,BT2,BX2,CB2,CF2,CJ2,CN2,CR2,CV2,CZ2,DD2,DH2,DL2,DP2,DT2) | DW2: =SUM(I2,M2,Q2,U2,Y2,AC2,AG2,AK2,AO2,AS2,AW2,BA2,BE2,BI2,BM2,BQ2,BU2,BY2,CC2,CG2,CK2,CO2,CS2,CW2,DA2,DE2,DI2,DM2,DQ2,DU2) | EC2: 只打一次卡
A3: 五楼 | B3: 伍小雪 | C3: 3 | F3: 0.35347222 | G3: 0.75 | H3: =MOD(G3-F3,1)*24 | I3: 1 | J3: 0.35277778 | K3: 0.73819444 | L3: =MOD(K3-J3,1)*24 | M3: 1 | N3: 0.34930556 | O3: 0.74027778 | P3: =MOD(O3-N3,1)*24 | Q3: 1 | Z3: 0.35 | AA3: 0.73958333 | AB3: =MOD(AA3-Z3,1)*24 | AC3: 1 | AD3: 0.35347222 | AE3: 0.75833333 | AF3: =MOD(AE3-AD3,1)*24 | AG3: 1 | AH3: 0.35 | AI3: 0.74097222 | AJ3: =MOD(AI3-AH3,1)*24 | AK3: 1 | AL3: 0.35208333 | AM3: 0.7375 | AN3: =MOD(AM3-AL3,1)*24 | AO3: 1 | AP3: 0.35 | AQ3: 0.74375 | AR3: =MOD(AQ3-AP3,1)*24 | AS3: 1 | AT3: 0.34930556 | AU3: 0.73958333 | AV3: =MOD(AU3-AT3,1)*24 | AW3: 1 | BB3: 0.35208333 | BC3: 0.73680556 | BD3: =MOD(BC3-BB3,1)*24 | BE3: 1 | BF3: 0.35069444 | BG3: 0.83888889 | BH3: =MOD(BG3-BF3,1)*24 | BI3: 1 | BJ3: 0.35069444 | BK3: 0.73819444 | BL3: =MOD(BK3-BJ3,1)*24 | BM3: 1 | BN3: 0.35138889 | BO3: 0.73819444 | BP3: =MOD(BO3-BN3,1)*24 | BQ3: 1 | BR3: 0.35138889 | BS3: 0.74305556 | BT3: =MOD(BS3-BR3,1)*24 | BU3: 1 | BV3: 0.34652778 | BW3: 0.74513889 | BX3: =MOD(BW3-BV3,1)*24 | BY3: 1 | CD3: 0.35277778 | CE3: 0.74166667 | CF3: =MOD(CE3-CD3,1)*24 | CG3: 1 | CH3: 0.34861111 | CI3: 0.73819444 | CJ3: =MOD(CI3-CH3,1)*24 | CK3: 1 | CL3: 0.35208333 | CM3: 0.74097222 | CN3: =MOD(CM3-CL3,1)*24 | CO3: 1 | CP3: 0.35138889 | CQ3: 0.74236111 | CR3: =MOD(CQ3-CP3,1)*24 | CS3: 1 | CT3: 0.34513889 | CU3: 0.73958333 | CV3: =MOD(CU3-CT3,1)*24 | CW3: 1 | CX3: 0.34791667 | CY3: 0.74513889 | CZ3: =MOD(CY3-CX3,1)*24 | DA3: 1 | DF3: 0.35 | DG3: 0.74236111 | DH3: =MOD(DG3-DF3,1)*24 | DI3: 1 | DJ3: 0.34791667 | DK3: 0.73958333 | DL3: =MOD(DK3-DJ3,1)*24 | DM3: 1 | DN3: 0.34791667 | DO3: 0.74097222 | DP3: =MOD(DO3-DN3,1)*24 | DQ3: 1 | DR3: 0.35138889 | DS3: 0.74236111 | DT3: =MOD(DS3-DR3,1)*24 | DU3: 1 | DV3: =SUM(H3,L3,P3,T3,X3,AB3,AF3,AJ3,AN3,AR3,AV3,AZ3,BD3,BH3,BL3,BP3,BT3,BX3,CB3,CF3,CJ3,CN3,CR3,CV3,CZ3,DD3,DH3,DL3,DP3,DT3) | DW3: =SUM(I3,M3,Q3,U3,Y3,AC3,AG3,AK3,AO3,AS3,AW3,BA3,BE3,BI3,BM3,BQ3,BU3,BY3,CC3,CG3,CK3,CO3,CS3,CW3,DA3,DE3,DI3,DM3,DQ3,DU3)
A4: 五楼 | B4: 邱霞 | C4: 4 | F4: 0.35138889 | G4: 0.75 | H4: =MOD(G4-F4,1)*24 | I4: 1 | J4: 0.35 | K4: 0.73888889 | L4: =MOD(K4-J4,1)*24 | M4: 1 | N4: 0.35069444 | O4: 0.74097222 | P4: =MOD(O4-N4,1)*24 | Q4: 1 | Z4: 0.35277778 | AA4: 0.73958333 | AB4: =MOD(AA4-Z4,1)*24 | AC4: 1 | AD4: 0.35138889 | AE4: 0.7375 | AF4: =MOD(AE4-AD4,1)*24 | AG4: 1 | AH4: 0.34791667 | AI4: 0.74027778 | AJ4: =MOD(AI4-AH4,1)*24 | AK4: 1 | AL4: 0.34930556 | AM4: 0.73819444 | AN4: =MOD(AM4-AL4,1)*24 | AO4: 1 | AP4: 0.35069444 | AQ4: 0.73958333 | AR4: =MOD(AQ4-AP4,1)*24 | AS4: 1 | AT4: 0.35069444 | AU4: 0.74097222 | AV4: =MOD(AU4-AT4,1)*24 | AW4: 1 | BB4: 0.35 | BC4: 0.73819444 | BD4: =MOD(BC4-BB4,1)*24 | BE4: 1 | BF4: 0.35069444 | BG4: 0.73958333 | BH4: =MOD(BG4-BF4,1)*24 | BI4: 1 | BJ4: 0.34930556 | BK4: 0.73819444 | BL4: =MOD(BK4-BJ4,1)*24 | BM4: 1 | BN4: 0.34861111 | BO4: 0.73958333 | BP4: =MOD(BO4-BN4,1)*24 | BQ4: 1 | BR4: 0.34791667 | BS4: 0.73819444 | BT4: =MOD(BS4-BR4,1)*24 | BU4: 1 | BZ4: 0.34791667 | CA4: 0.73680556 | CB4: =MOD(CA4-BZ4,1)*24 | CC4: 1 | CD4: 0.34930556 | CE4: 0.74097222 | CF4: =MOD(CE4-CD4,1)*24 | CG4: 1 | CH4: 0.34861111 | CI4: 0.73819444 | CJ4: =MOD(CI4-CH4,1)*24 | CK4: 1 | CL4: 0.35069444 | CM4: 0.74027778 | CN4: =MOD(CM4-CL4,1)*24 | CO4: 1 | CP4: 0.35 | CQ4: 0.74236111 | CR4: =MOD(CQ4-CP4,1)*24 | CS4: 1 | CT4: 0.34930556 | CU4: 0.73888889 | CV4: =MOD(CU4-CT4,1)*24 | CW4: 1 | CX4: 0.35208333 | CY4: 0.74027778 | CZ4: =MOD(CY4-CX4,1)*24 | DA4: 1 | DF4: 0.34930556 | DG4: 0.73958333 | DH4: =MOD(DG4-DF4,1)*24 | DI4: 1 | DJ4: 0.35138889 | DK4: 0.73819444 | DL4: =MOD(DK4-DJ4,1)*24 | DM4: 1 | DN4: 0.35069444 | DO4: 0.73819444 | DP4: =MOD(DO4-DN4,1)*24 | DQ4: 1 | DR4: 0.34930556 | DS4: 0.74236111 | DT4: =MOD(DS4-DR4,1)*24 | DU4: 1 | DV4: =SUM(H4,L4,P4,T4,X4,AB4,AF4,AJ4,AN4,AR4,AV4,AZ4,BD4,BH4,BL4,BP4,BT4,BX4,CB4,CF4,CJ4,CN4,CR4,CV4,CZ4,DD4,DH4,DL4,DP4,DT4) | DW4: =SUM(I4,M4,Q4,U4,Y4,AC4,AG4,AK4,AO4,AS4,AW4,BA4,BE4,BI4,BM4,BQ4,BU4,BY4,CC4,CG4,CK4,CO4,CS4,CW4,DA4,DE4,DI4,DM4,DQ4,DU4)
A5: 五楼 | B5: 黄晓云 | C5: 6 | F5: 0.35347222 | G5: 0.73611111 | H5: =MOD(G5-F5,1)*24 | I5: 1 | J5: 0.35138889 | K5: 0.73611111 | L5: =MOD(K5-J5,1)*24 | M5: 1 | N5: 0.35277778 | O5: 0.73680556 | P5: =MOD(O5-N5,1)*24 | Q5: 1 | AD5: 0.35277778 | AE5: 0.74305556 | AF5: =MOD(AE5-AD5,1)*24 | AG5: 1 | AH5: 0.35416667 | AI5: 0.7375 | AJ5: =MOD(AI5-AH5,1)*24 | AK5: 1 | AL5: 0.35277778 | AM5: 0.73611111 | AN5: =MOD(AM5-AL5,1)*24 | AO5: 1 | AP5: 0.35277778 | AQ5: 0.7375 | AR5: =MOD(AQ5-AP5,1)*24 | AS5: 1 | AT5: 0.35277778 | AU5: 0.74236111 | AV5: =MOD(AU5-AT5,1)*24 | AW5: 1 | AX5: 0.35416667 | AY5: 0.73680556 | AZ5: =MOD(AY5-AX5,1)*24 | BA5: 1 | BB5: 0.35208333 | BC5: 0.73611111 | BD5: =MOD(BC5-BB5,1)*24 | BE5: 1 | BF5: 0.35138889 | BG5: 0.73680556 | BH5: =MOD(BG5-BF5,1)*24 | BI5: 1 | BJ5: 0.35277778 | BK5: 0.73680556 | BL5: =MOD(BK5-BJ5,1)*24 | BM5: 1 | BN5: 0.35208333 | BO5: 0.74444444 | BP5: =MOD(BO5-BN5,1)*24 | BQ5: 1 | BR5: 0.35138889 | BS5: 0.73611111 | BT5: =MOD(BS5-BR5,1)*24 | BU5: 1 | BV5: 0.34375 | BW5: 0.76597222 | BX5: =MOD(BW5-BV5,1)*24 | BY5: 0.5 | CH5: 0.35138889 | CI5: 0.73888889 | CJ5: =MOD(CI5-CH5,1)*24 | CK5: 1 | CL5: 0.35416667 | CM5: 0.7375 | CN5: =MOD(CM5-CL5,1)*24 | CO5: 1 | CP5: 0.27847222 | CQ5: 0.34305556 | CR5: =MOD(CQ5-CP5,1)*24 | CS5: 0.5 | CT5: 0.35347222 | CU5: 0.74166667 | CV5: =MOD(CU5-CT5,1)*24 | CW5: 1 | CX5: 0.35347222 | CY5: 0.73680556 | CZ5: =MOD(CY5-CX5,1)*24 | DA5: 1 | DB5: 0.35416667 | DC5: 0.73680556 | DD5: =MOD(DC5-DB5,1)*24 | DE5: 1 | DF5: 0.35277778 | DG5: 0.74305556 | DH5: =MOD(DG5-DF5,1)*24 | DI5: 1 | DJ5: 0.35555556 | DM5: 0.5 | DN5: 0.35416667 | DO5: 0.74166667 | DP5: =MOD(DO5-DN5,1)*24 | DQ5: 1 | DR5: 0.33958333 | DU5: 0.5 | DV5: =SUM(H5,L5,P5,T5,X5,AB5,AF5,AJ5,AN5,AR5,AV5,AZ5,BD5,BH5,BL5,BP5,BT5,BX5,CB5,CF5,CJ5,CN5,CR5,CV5,CZ5,DD5,DH5,DL5,DP5,DT5) | DW5: =SUM(I5,M5,Q5,U5,Y5,AC5,AG5,AK5,AO5,AS5,AW5,BA5,BE5,BI5,BM5,BQ5,BU5,BY5,CC5,CG5,CK5,CO5,CS5,CW5,DA5,DE5,DI5,DM5,DQ5,DU5) | EX5: 早退 | FC5: 只打一次卡 | FE5: 只打一次卡
A6: 五楼 | B6: 黄晓云 | C6: 6 | BV6: 0.76875 | BY6: 0.5 | DV6: =SUM(H6,L6,P6,T6,X6,AB6,AF6,AJ6,AN6,AR6,AV6,AZ6,BD6,BH6,BL6,BP6,BT6,BX6,CB6,CF6,CJ6,CN6,CR6,CV6,CZ6,DD6,DH6,DL6,DP6,DT6) | DW6: =SUM(I6,M6,Q6,U6,Y6,AC6,AG6,AK6,AO6,AS6,AW6,BA6,BE6,BI6,BM6,BQ6,BU6,BY6,CC6,CG6,CK6,CO6,CS6,CW6,DA6,DE6,DI6,DM6,DQ6,DU6)
A7: 五楼 | B7: 陈小红 | C7: 7 | F7: 0.35 | G7: 0.74236111 | H7: =MOD(G7-F7,1)*24 | I7: 1 | J7: 0.35 | K7: 0.74791667 | L7: =MOD(K7-J7,1)*24 | M7: 1 | N7: 0.35138889 | O7: 0.81944444 | P7: =MOD(O7-N7,1)*24 | Q7: 1 | R7: 0.34861111 | S7: 0.73611111 | T7: =MOD(S7-R7,1)*24 | U7: 1 | Z7: 0.35486111 | AA7: 0.74027778 | AB7: =MOD(AA7-Z7,1)*24 | AC7: 1 | AD7: 0.34305556 | AE7: 0.74027778 | AF7: =MOD(AE7-AD7,1)*24 | AG7: 1 | AH7: 0.34305556 | AI7: 0.73611111 | AJ7: =MOD(AI7-AH7,1)*24 | AK7: 1 | AL7: 0.34166667 | AM7: 0.74236111 | AN7: =MOD(AM7-AL7,1)*24 | AO7: 1 | AP7: 0.35277778 | AQ7: 0.74444444 | AR7: =MOD(AQ7-AP7,1)*24 | AS7: 1 | AT7: 0.35555556 | AU7: 0.74930556 | AV7: =MOD(AU7-AT7,1)*24 | AW7: 1 | BB7: 0.35069444 | BC7: 0.74930556 | BD7: =MOD(BC7-BB7,1)*24 | BE7: 1 | BF7: 0.34305556 | BG7: 0.74166667 | BH7: =MOD(BG7-BF7,1)*24 | BI7: 1 | BJ7: 0.35069444 | BK7: 0.74305556 | BL7: =MOD(BK7-BJ7,1)*24 | BM7: 1 | BN7: 0.35069444 | BO7: 0.74513889 | BP7: =MOD(BO7-BN7,1)*24 | BQ7: 1 | BR7: 0.35069444 | BS7: 0.74305556 | BT7: =MOD(BS7-BR7,1)*24 | BU7: 1 | BV7: 0.35625 | BW7: 0.74513889 | BX7: =MOD(BW7-BV7,1)*24 | BY7: 1 | CD7: 0.35208333 | CE7: 0.74791667 | CF7: =MOD(CE7-CD7,1)*24 | CG7: 1 | CH7: 0.34236111 | CI7: 0.82916667 | CJ7: =MOD(CI7-CH7,1)*24 | CK7: 1 | CL7: 0.34375 | CM7: 0.78263889 | CN7: =MOD(CM7-CL7,1)*24 | CO7: 1 | CP7: 0.33888889 | CQ7: 0.76319444 | CR7: =MOD(CQ7-CP7,1)*24 | CS7: 0.5 | CT7: 0.35069444 | CU7: 0.74722222 | CV7: =MOD(CU7-CT7,1)*24 | CW7: 1 | CX7: 0.33958333 | CY7: 0.77013889 | CZ7: =MOD(CY7-CX7,1)*24 | DA7: 1 | DB7: 0.35069444 | DC7: 0.7375 | DD7: =MOD(DC7-DB7,1)*24 | DE7: 1 | DF7: 0.33819444 | DG7: 0.78888889 | DH7: =MOD(DG7-DF7,1)*24 | DI7: 1 | DJ7: 0.34305556 | DK7: 0.85902778 | DL7: =MOD(DK7-DJ7,1)*24 | DM7: 1 | DN7: 0.33611111 | DO7: 0.88611111 | DP7: =MOD(DO7-DN7,1)*24 | DQ7: 1 | DR7: 0.33958333 | DS7: 0.78958333 | DT7: =MOD(DS7-DR7,1)*24 | DU7: 1 | DV7: =SUM(H7,L7,P7,T7,X7,AB7,AF7,AJ7,AN7,AR7,AV7,AZ7,BD7,BH7,BL7,BP7,BT7,BX7,CB7,CF7,CJ7,CN7,CR7,CV7,CZ7,DD7,DH7,DL7,DP7,DT7) | DW7: =SUM(I7,M7,Q7,U7,Y7,AC7,AG7,AK7,AO7,AS7,AW7,BA7,BE7,BI7,BM7,BQ7,BU7,BY7,CC7,CG7,CK7,CO7,CS7,CW7,DA7,DE7,DI7,DM7,DQ7,DU7) | EG7: 迟到 | EL7: 迟到 | ES7: 迟到
A8: 五楼 | B8: 陈小红 | C8: 7 | CP8: 0.81805556 | CS8: 0.5 | DV8: =SUM(H8,L8,P8,T8,X8,AB8,AF8,AJ8,AN8,AR8,AV8,AZ8,BD8,BH8,BL8,BP8,BT8,BX8,CB8,CF8,CJ8,CN8,CR8,CV8,CZ8,DD8,DH8,DL8,DP8,DT8) | DW8: =SUM(I8,M8,Q8,U8,Y8,AC8,AG8,AK8,AO8,AS8,AW8,BA8,BE8,BI8,BM8,BQ8,BU8,BY8,CC8,CG8,CK8,CO8,CS8,CW8,DA8,DE8,DI8,DM8,DQ8,DU8)
A9: 五楼 | B9: 胡娅 | C9: 9 | J9: 0.34583333 | K9: 0.7375 | L9: =MOD(K9-J9,1)*24 | M9: 1 | N9: 0.34791667 | O9: 0.73888889 | P9: =MOD(O9-N9,1)*24 | Q9: 1 | R9: 0.34027778 | S9: 0.73611111 | T9: =MOD(S9-R9,1)*24 | U9: 1 | Z9: 0.34513889 | AA9: 0.73611111 | AB9: =MOD(AA9-Z9,1)*24 | AC9: 1 | AD9: 0.34513889 | AE9: 0.73611111 | AF9: =MOD(AE9-AD9,1)*24 | AG9: 1 | AH9: 0.34652778 | AI9: 0.73680556 | AJ9: =MOD(AI9-AH9,1)*24 | AK9: 1 | AL9: 0.73680556 | AO9: 0.5 | AP9: 0.34583333 | AS9: 0.5 | AT9: 0.34444444 | AU9: 0.73611111 | AV9: =MOD(AU9-AT9,1)*24 | AW9: 1 | BB9: 0.34583333 | BC9: 0.73611111 | BD9: =MOD(BC9-BB9,1)*24 | BE9: 1 | BF9: 0.34583333 | BG9: 0.73680556 | BH9: =MOD(BG9-BF9,1)*24 | BI9: 1 | BJ9: 0.34444444 | BK9: 0.73611111 | BL9: =MOD(BK9-BJ9,1)*24 | BM9: 1 | BN9: 0.34791667 | BO9: 0.73680556 | BP9: =MOD(BO9-BN9,1)*24 | BQ9: 1 | BR9: 0.34652778 | BS9: 0.73611111 | BT9: =MOD(BS9-BR9,1)*24 | BU9: 1 | BV9: 0.34583333 | BW9: 0.7375 | BX9: =MOD(BW9-BV9,1)*24 | BY9: 1 | CD9: 0.34652778 | CE9: 0.73680556 | CF9: =MOD(CE9-CD9,1)*24 | CG9: 1 | CH9: 0.34791667 | CI9: 0.73680556 | CJ9: =MOD(CI9-CH9,1)*24 | CK9: 1 | CL9: 0.34166667 | CM9: 0.7375 | CN9: =MOD(CM9-CL9,1)*24 | CO9: 1 | CP9: 0.27847222 | CQ9: 0.33819444 | CR9: =MOD(CQ9-CP9,1)*24 | CS9: 0.5 | CT9: 0.3375 | CU9: 0.7375 | CV9: =MOD(CU9-CT9,1)*24 | CW9: 1 | CX9: 0.34375 | CY9: 0.73680556 | CZ9: =MOD(CY9-CX9,1)*24 | DA9: 1 | DF9: 0.34791667 | DG9: 0.73680556 | DH9: =MOD(DG9-DF9,1)*24 | DI9: 1 | DJ9: 0.35138889 | DK9: 0.73819444 | DL9: =MOD(DK9-DJ9,1)*24 | DM9: 1 | DN9: 0.34375 | DO9: 0.73611111 | DP9: =MOD(DO9-DN9,1)*24 | DQ9: 1 | DR9: 0.34652778 | DS9: 0.74166667 | DT9: =MOD(DS9-DR9,1)*24 | DU9: 1 | DV9: =SUM(H9,L9,P9,T9,X9,AB9,AF9,AJ9,AN9,AR9,AV9,AZ9,BD9,BH9,BL9,BP9,BT9,BX9,CB9,CF9,CJ9,CN9,CR9,CV9,CZ9,DD9,DH9,DL9,DP9,DT9) | DW9: =SUM(I9,M9,Q9,U9,Y9,AC9,AG9,AK9,AO9,AS9,AW9,BA9,BE9,BI9,BM9,BQ9,BU9,BY9,CC9,CG9,CK9,CO9,CS9,CW9,DA9,DE9,DI9,DM9,DQ9,DU9) | EJ9: 只打一次卡 | EK9: 只打一次卡 | EX9: 早退
A10: 五楼 | B10: 杨青青 | C10: 10 | F10: 0.34097222 | G10: 0.7375 | H10: =MOD(G10-F10,1)*24 | I10: 1 | J10: 0.33611111 | K10: 0.74791667 | L10: =MOD(K10-J10,1)*24 | M10: 1 | N10: 0.34097222 | O10: 0.73888889 | P10: =MOD(O10-N10,1)*24 | Q10: 1 | Z10: 0.32847222 | AA10: 0.7375 | AB10: =MOD(AA10-Z10,1)*24 | AC10: 1 | AH10: 0.35069444 | AI10: 0.74027778 | AJ10: =MOD(AI10-AH10,1)*24 | AK10: 1 | AL10: 0.34930556 | AM10: 0.73680556 | AN10: =MOD(AM10-AL10,1)*24 | AO10: 1 | AP10: 0.35138889 | AQ10: 0.73958333 | AR10: =MOD(AQ10-AP10,1)*24 | AS10: 1 | AT10: 0.34861111 | AU10: 0.73888889 | AV10: =MOD(AU10-AT10,1)*24 | AW10: 1 | AX10: 0.35208333 | AY10: 0.73680556 | AZ10: =MOD(AY10-AX10,1)*24 | BA10: 1 | BB10: 0.34791667 | BC10: 0.73888889 | BD10: =MOD(BC10-BB10,1)*24 | BE10: 1 | BF10: 0.35 | BG10: 0.74027778 | BH10: =MOD(BG10-BF10,1)*24 | BI10: 1 | BJ10: 0.35069444 | BK10: 0.73958333 | BL10: =MOD(BK10-BJ10,1)*24 | BM10: 1 | BN10: 0.35069444 | BO10: 0.73958333 | BP10: =MOD(BO10-BN10,1)*24 | BQ10: 1 | BR10: 0.35347222 | BS10: 0.73888889 | BT10: =MOD(BS10-BR10,1)*24 | BU10: 1 | BV10: 0.35069444 | BW10: 0.73888889 | BX10: =MOD(BW10-BV10,1)*24 | BY10: 1 | CD10: 0.35277778 | CE10: 0.74097222 | CF10: =MOD(CE10-CD10,1)*24 | CG10: 1 | CH10: 0.35138889 | CI10: 0.7375 | CJ10: =MOD(CI10-CH10,1)*24 | CK10: 1 | CL10: 0.35486111 | CM10: 0.73680556 | CN10: =MOD(CM10-CL10,1)*24 | CO10: 1 | CP10: 0.34722222 | CQ10: 0.74236111 | CR10: =MOD(CQ10-CP10,1)*24 | CS10: 1 | CT10: 0.35347222 | CU10: 0.7375 | CV10: =MOD(CU10-CT10,1)*24 | CW10: 1 | DB10: 0.35277778 | DC10: 0.73611111 | DD10: =MOD(DC10-DB10,1)*24 | DE10: 1 | DF10: 0.34444444 | DG10: 0.74166667 | DH10: =MOD(DG10-DF10,1)*24 | DI10: 1 | DJ10: 0.34861111 | DK10: 0.73819444 | DL10: =MOD(DK10-DJ10,1)*24 | DM10: 1 | DN10: 0.34791667 | DO10: 0.73680556 | DP10: =MOD(DO10-DN10,1)*24 | DQ10: 1 | DR10: 0.34722222 | DS10: 0.74027778 | DT10: =MOD(DS10-DR10,1)*24 | DU10: 1 | DV10: =SUM(H10,L10,P10,T10,X10,AB10,AF10,AJ10,AN10,AR10,AV10,AZ10,BD10,BH10,BL10,BP10,BT10,BX10,CB10,CF10,CJ10,CN10,CR10,CV10,CZ10,DD10,DH10,DL10,DP10,DT10) | DW10: =SUM(I10,M10,Q10,U10,Y10,AC10,AG10,AK10,AO10,AS10,AW10,BA10,BE10,BI10,BM10,BQ10,BU10,BY10,CC10,CG10,CK10,CO10,CS10,CW10,DA10,DE10,DI10,DM10,DQ10,DU10) | EW10: 迟到
A11: 五楼 | B11: 向锋 | C11: 12 | F11: 0.35138889 | G11: 0.75 | H11: =MOD(G11-F11,1)*24 | I11: 1 | J11: 0.35069444 | K11: 0.74027778 | L11: =MOD(K11-J11,1)*24 | M11: 1 | N11: 0.35 | O11: 0.83125 | P11: =MOD(O11-N11,1)*24 | Q11: 1 | R11: 0.34930556 | S11: 0.7375 | T11: =MOD(S11-R11,1)*24 | U11: 1 | Z11: 0.97222222 | AC11: 0.5 | AD11: 0.35208333 | AE11: 0.77291667 | AF11: =MOD(AE11-AD11,1)*24 | AG11: 1 | AH11: 0.35138889 | AI11: 0.83263889 | AJ11: =MOD(AI11-AH11,1)*24 | AK11: 1 | AL11: 0.35069444 | AM11: 0.76319444 | AN11: =MOD(AM11-AL11,1)*24 | AO11: 1 | AP11: 0.35 | AQ11: 0.80763889 | AR11: =MOD(AQ11-AP11,1)*24 | AS11: 1 | AT11: 0.35 | AU11: 0.75138889 | AV11: =MOD(AU11-AT11,1)*24 | AW11: 1 | AX11: 0.26597222 | AY11: 0.79652778 | AZ11: =MOD(AY11-AX11,1)*24 | BA11: 1 | BB11: 0.35138889 | BC11: 0.73888889 | BD11: =MOD(BC11-BB11,1)*24 | BE11: 1 | BJ11: 0.34583333 | BK11: 0.74930556 | BL11: =MOD(BK11-BJ11,1)*24 | BM11: 1 | CD11: 0.35069444 | CE11: 0.76666667 | CF11: =MOD(CE11-CD11,1)*24 | CG11: 1 | CH11: 0.35208333 | CI11: 0.74791667 | CJ11: =MOD(CI11-CH11,1)*24 | CK11: 1 | CL11: 0.83541667 | CO11: 0.5 | CP11: 0.35 | CQ11: 0.85625 | CR11: =MOD(CQ11-CP11,1)*24 | CS11: 1 | CT11: 0.35069444 | CU11: 0.88541667 | CV11: =MOD(CU11-CT11,1)*24 | CW11: 1 | CX11: 0.35 | CY11: 0.74097222 | CZ11: =MOD(CY11-CX11,1)*24 | DA11: 1 | DF11: 0.34722222 | DG11: 0.84027778 | DH11: =MOD(DG11-DF11,1)*24 | DI11: 1 | DJ11: 0.35138889 | DK11: 0.77083333 | DL11: =MOD(DK11-DJ11,1)*24 | DM11: 1 | DN11: 0.35208333 | DO11: 0.84930556 | DP11: =MOD(DO11-DN11,1)*24 | DQ11: 1 | DR11: 0.35 | DS11: 0.75347222 | DT11: =MOD(DS11-DR11,1)*24 | DU11: 1 | DV11: =SUM(H11,L11,P11,T11,X11,AB11,AF11,AJ11,AN11,AR11,AV11,AZ11,BD11,BH11,BL11,BP11,BT11,BX11,CB11,CF11,CJ11,CN11,CR11,CV11,CZ11,DD11,DH11,DL11,DP11,DT11) | DW11: =SUM(I11,M11,Q11,U11,Y11,AC11,AG11,AK11,AO11,AS11,AW11,BA11,BE11,BI11,BM11,BQ11,BU11,BY11,CC11,CG11,CK11,CO11,CS11,CW11,DA11,DE11,DI11,DM11,DQ11,DU11) | EG11: 只打一次卡 | EW11: 只打一次卡
A12: 五楼 | B12: 雷松儒 | C12: 13 | F12: 0.36527778 | G12: 0.75069444 | H12: =MOD(G12-F12,1)*24 | I12: 1 | J12: 0.34375 | K12: 0.81180556 | L12: =MOD(K12-J12,1)*24 | M12: 1 | N12: 0.34375 | O12: 0.74861111 | P12: =MOD(O12-N12,1)*24 | Q12: 1 | R12: 0.34513889 | S12: 0.7375 | T12: =MOD(S12-R12,1)*24 | U12: 1 | Z12: 0.85 | AC12: 0.5 | AD12: 0.35208333 | AE12: 0.77430556 | AF12: =MOD(AE12-AD12,1)*24 | AG12: 1 | AH12: 0.35138889 | AI12: 0.75347222 | AJ12: =MOD(AI12-AH12,1)*24 | AK12: 1 | AL12: 0.34444444 | AM12: 0.82361111 | AN12: =MOD(AM12-AL12,1)*24 | AO12: 1 | AP12: 0.34652778 | AQ12: 0.79027778 | AR12: =MOD(AQ12-AP12,1)*24 | AS12: 1 | AT12: 0.34791667 | AW12: 0.5 | AX12: 0.79791667 | BA12: 0.5 | BB12: 0.34513889 | BC12: 0.74652778 | BD12: =MOD(BC12-BB12,1)*24 | BE12: 1 | BF12: 0.35 | BG12: 0.78958333 | BH12: =MOD(BG12-BF12,1)*24 | BI12: 1 | BJ12: 0.34166667 | BK12: 0.75833333 | BL12: =MOD(BK12-BJ12,1)*24 | BM12: 1 | BN12: 0.34583333 | BO12: 0.74444444 | BP12: =MOD(BO12-BN12,1)*24 | BQ12: 1 | BR12: 0.34444444 | BS12: 0.74791667 | BT12: =MOD(BS12-BR12,1)*24 | BU12: 1 | BV12: 0.34305556 | BW12: 0.74444444 | BX12: =MOD(BW12-BV12,1)*24 | BY12: 1 | BZ12: 0.34652778 | CA12: 0.84027778 | CB12: =MOD(CA12-BZ12,1)*24 | CC12: 1 | CD12: 0.35069444 | CE12: 0.74027778 | CF12: =MOD(CE12-CD12,1)*24 | CG12: 1 | CH12: 0.34652778 | CI12: 0.74791667 | CJ12: =MOD(CI12-CH12,1)*24 | CK12: 1 | CL12: 0.33819444 | CM12: 0.74930556 | CN12: =MOD(CM12-CL12,1)*24 | CO12: 1 | CP12: 0.34791667 | CQ12: 0.77013889 | CR12: =MOD(CQ12-CP12,1)*24 | CS12: 1 | CT12: 0.34652778 | CU12: 0.82291667 | CV12: =MOD(CU12-CT12,1)*24 | CW12: 1 | CX12: 0.34236111 | CY12: 0.73680556 | CZ12: =MOD(CY12-CX12,1)*24 | DA12: 1 | DF12: 0.82152778 | DI12: 0.5 | DJ12: 0.35555556 | DK12: 0.80138889 | DL12: =MOD(DK12-DJ12,1)*24 | DM12: 1 | DN12: 0.34236111 | DO12: 0.77361111 | DP12: =MOD(DO12-DN12,1)*24 | DQ12: 1 | DR12: 0.34583333 | DS12: 0.75069444 | DT12: =MOD(DS12-DR12,1)*24 | DU12: 1 | DV12: =SUM(H12,L12,P12,T12,X12,AB12,AF12,AJ12,AN12,AR12,AV12,AZ12,BD12,BH12,BL12,BP12,BT12,BX12,CB12,CF12,CJ12,CN12,CR12,CV12,CZ12,DD12,DH12,DL12,DP12,DT12) | DW12: =SUM(I12,M12,Q12,U12,Y12,AC12,AG12,AK12,AO12,AS12,AW12,BA12,BE12,BI12,BM12,BQ12,BU12,BY12,CC12,CG12,CK12,CO12,CS12,CW12,DA12,DE12,DI12,DM12,DQ12,DU12) | EB12: 迟到 | EG12: 只打一次卡 | EL12: 只打一次卡 | EM12: 只打一次卡 | FB12: 只打一次卡 | FC12: 迟到
A13: 五楼 | B13: 杨首琴 | C13: 14 | F13: 0.35347222 | G13: 0.75902778 | H13: =MOD(G13-F13,1)*24 | I13: 1 | J13: 0.34791667 | K13: 0.7625 | L13: =MOD(K13-J13,1)*24 | M13: 1 | N13: 0.35138889 | O13: 0.74652778 | P13: =MOD(O13-N13,1)*24 | Q13: 1 | Z13: 0.35069444 | AA13: 0.74166667 | AB13: =MOD(AA13-Z13,1)*24 | AC13: 1 | AD13: 0.35208333 | AE13: 0.73958333 | AF13: =MOD(AE13-AD13,1)*24 | AG13: 1 | AH13: 0.35138889 | AI13: 0.74791667 | AJ13: =MOD(AI13-AH13,1)*24 | AK13: 1 | AL13: 0.35138889 | AM13: 0.73888889 | AN13: =MOD(AM13-AL13,1)*24 | AO13: 1 | AP13: 0.35347222 | AQ13: 0.73888889 | AR13: =MOD(AQ13-AP13,1)*24 | AS13: 1 | AT13: 0.35069444 | AU13: 0.73958333 | AV13: =MOD(AU13-AT13,1)*24 | AW13: 1 | BB13: 0.35138889 | BC13: 0.73819444 | BD13: =MOD(BC13-BB13,1)*24 | BE13: 1 | BF13: 0.35347222 | BG13: 0.73680556 | BH13: =MOD(BG13-BF13,1)*24 | BI13: 1 | BJ13: 0.35069444 | BK13: 0.73958333 | BL13: =MOD(BK13-BJ13,1)*24 | BM13: 1 | BN13: 0.35069444 | BO13: 0.73611111 | BP13: =MOD(BO13-BN13,1)*24 | BQ13: 1 | BR13: 0.35069444 | BS13: 0.73888889 | BT13: =MOD(BS13-BR13,1)*24 | BU13: 1 | BV13: 0.34305556 | BW13: 0.74097222 | BX13: =MOD(BW13-BV13,1)*24 | BY13: 1 | CD13: 0.35208333 | CE13: 0.73958333 | CF13: =MOD(CE13-CD13,1)*24 | CG13: 0.5 | CH13: 0.35208333 | CI13: 0.74791667 | CJ13: =MOD(CI13-CH13,1)*24 | CK13: 0.5 | CL13: 0.35 | CM13: 0.74583333 | CN13: =MOD(CM13-CL13,1)*24 | CO13: 1 | CP13: 0.35138889 | CQ13: 0.74236111 | CR13: =MOD(CQ13-CP13,1)*24 | CS13: 1 | CT13: 0.35069444 | CU13: 0.74236111 | CV13: =MOD(CU13-CT13,1)*24 | CW13: 1 | CX13: 0.34444444 | CY13: 0.74027778 | CZ13: =MOD(CY13-CX13,1)*24 | DA13: 1 | DB13: 0.34930556 | DC13: 0.50069444 | DD13: =MOD(DC13-DB13,1)*24 | DE13: 0.5 | DF13: 0.34930556 | DG13: 0.74791667 | DH13: =MOD(DG13-DF13,1)*24 | DI13: 1 | DJ13: 0.35069444 | DK13: 0.76111111 | DL13: =MOD(DK13-DJ13,1)*24 | DM13: 0.5 | DN13: 0.54305556 | DO13: 0.74166667 | DP13: =MOD(DO13-DN13,1)*24 | DQ13: 0.5 | DR13: 0.34583333 | DS13: 0.74652778 | DT13: =MOD(DS13-DR13,1)*24 | DU13: 0.5 | DV13: =SUM(H13,L13,P13,T13,X13,AB13,AF13,AJ13,AN13,AR13,AV13,AZ13,BD13,BH13,BL13,BP13,BT13,BX13,CB13,CF13,CJ13,CN13,CR13,CV13,CZ13,DD13,DH13,DL13,DP13,DT13) | DW13: =SUM(I13,M13,Q13,U13,Y13,AC13,AG13,AK13,AO13,AS13,AW13,BA13,BE13,BI13,BM13,BQ13,BU13,BY13,CC13,CG13,CK13,CO13,CS13,CW13,DA13,DE13,DI13,DM13,DQ13,DU13) | FA13: 早退 | FD13: 迟到
A14: 五楼 | B14: 杨首琴 | C14: 14 | CD14: 0.74027778 | CG14: 0.5 | CH14: 0.74930556 | CK14: 0.5 | DJ14: 0.76319444 | DM14: 0.5 | DR14: 0.74791667 | DU14: 0.5 | DV14: =SUM(H14,L14,P14,T14,X14,AB14,AF14,AJ14,AN14,AR14,AV14,AZ14,BD14,BH14,BL14,BP14,BT14,BX14,CB14,CF14,CJ14,CN14,CR14,CV14,CZ14,DD14,DH14,DL14,DP14,DT14) | DW14: =SUM(I14,M14,Q14,U14,Y14,AC14,AG14,AK14,AO14,AS14,AW14,BA14,BE14,BI14,BM14,BQ14,BU14,BY14,CC14,CG14,CK14,CO14,CS14,CW14,DA14,DE14,DI14,DM14,DQ14,DU14)
A15: 五楼 | B15: 王晓兰 | C15: 15 | F15: 0.35138889 | G15: 0.74027778 | H15: =MOD(G15-F15,1)*24 | I15: 1 | J15: 0.35069444 | K15: 0.7375 | L15: =MOD(K15-J15,1)*24 | M15: 1 | R15: 0.34930556 | S15: 0.74097222 | T15: =MOD(S15-R15,1)*24 | U15: 1 | Z15: 0.35277778 | AA15: 0.74027778 | AB15: =MOD(AA15-Z15,1)*24 | AC15: 1 | AD15: 0.34652778 | AE15: 0.73958333 | AF15: =MOD(AE15-AD15,1)*24 | AG15: 1 | AH15: 0.34236111 | AI15: 0.74236111 | AJ15: =MOD(AI15-AH15,1)*24 | AK15: 1 | AL15: 0.34791667 | AM15: 0.73958333 | AN15: =MOD(AM15-AL15,1)*24 | AO15: 1 | AP15: 0.33680556 | AQ15: 0.73888889 | AR15: =MOD(AQ15-AP15,1)*24 | AS15: 1 | AT15: 0.35208333 | AU15: 0.7375 | AV15: =MOD(AU15-AT15,1)*24 | AW15: 1 | BB15: 0.34791667 | BC15: 0.73819444 | BD15: =MOD(BC15-BB15,1)*24 | BE15: 1 | BF15: 0.34166667 | BG15: 0.73680556 | BH15: =MOD(BG15-BF15,1)*24 | BI15: 1 | BJ15: 0.34861111 | BK15: 0.73958333 | BL15: =MOD(BK15-BJ15,1)*24 | BM15: 1 | BN15: 0.34513889 | BO15: 0.73888889 | BP15: =MOD(BO15-BN15,1)*24 | BQ15: 1 | BR15: 0.34513889 | BS15: 0.73819444 | BT15: =MOD(BS15-BR15,1)*24 | BU15: 1 | BV15: 0.35 | BW15: 0.73888889 | BX15: =MOD(BW15-BV15,1)*24 | BY15: 1 | CD15: 0.34444444 | CE15: 0.74027778 | CF15: =MOD(CE15-CD15,1)*24 | CG15: 1 | CH15: 0.35 | CI15: 0.74444444 | CJ15: =MOD(CI15-CH15,1)*24 | CK15: 1 | CL15: 0.33680556 | CM15: 0.73888889 | CN15: =MOD(CM15-CL15,1)*24 | CO15: 1 | CP15: 0.33958333 | CQ15: 0.74027778 | CR15: =MOD(CQ15-CP15,1)*24 | CS15: 1 | CT15: 0.35138889 | CU15: 0.74027778 | CV15: =MOD(CU15-CT15,1)*24 | CW15: 1 | CX15: 0.54513889 | CY15: 0.73888889 | CZ15: =MOD(CY15-CX15,1)*24 | DA15: 0.5 | DB15: 0.35069444 | DC15: 0.53333333 | DD15: =MOD(DC15-DB15,1)*24 | DE15: 0.5 | DF15: 0.34166667 | DG15: 0.74305556 | DH15: =MOD(DG15-DF15,1)*24 | DI15: 1 | DJ15: 0.35277778 | DK15: 0.73819444 | DL15: =MOD(DK15-DJ15,1)*24 | DM15: 1 | DN15: 0.34236111 | DO15: 0.73680556 | DP15: =MOD(DO15-DN15,1)*24 | DQ15: 1 | DR15: 0.33819444 | DS15: 0.73819444 | DT15: =MOD(DS15-DR15,1)*24 | DU15: 1 | DV15: =SUM(H15,L15,P15,T15,X15,AB15,AF15,AJ15,AN15,AR15,AV15,AZ15,BD15,BH15,BL15,BP15,BT15,BX15,CB15,CF15,CJ15,CN15,CR15,CV15,CZ15,DD15,DH15,DL15,DP15,DT15) | DW15: =SUM(I15,M15,Q15,U15,Y15,AC15,AG15,AK15,AO15,AS15,AW15,BA15,BE15,BI15,BM15,BQ15,BU15,BY15,CC15,CG15,CK15,CO15,CS15,CW15,DA15,DE15,DI15,DM15,DQ15,DU15) | EZ15: 迟到 | FA15: 早退
A16: 五楼 | B16: 杨益琴 | C16: 16 | F16: 0.34513889 | G16: 0.73680556 | H16: =MOD(G16-F16,1)*24 | I16: 1 | J16: 0.35 | K16: 0.73680556 | L16: =MOD(K16-J16,1)*24 | M16: 1 | N16: 0.34652778 | O16: 0.7375 | P16: =MOD(O16-N16,1)*24 | Q16: 1 | Z16: 0.34652778 | AA16: 0.73680556 | AB16: =MOD(AA16-Z16,1)*24 | AC16: 1 | AD16: 0.34861111 | AE16: 0.7375 | AF16: =MOD(AE16-AD16,1)*24 | AG16: 1 | AH16: 0.34652778 | AI16: 0.7375 | AJ16: =MOD(AI16-AH16,1)*24 | AK16: 1 | AL16: 0.34305556 | AM16: 0.7375 | AN16: =MOD(AM16-AL16,1)*24 | AO16: 1 | AP16: 0.34236111 | AQ16: 0.7375 | AR16: =MOD(AQ16-AP16,1)*24 | AS16: 1 | AX16: 0.34722222 | AY16: 0.73680556 | AZ16: =MOD(AY16-AX16,1)*24 | BA16: 1 | BB16: 0.34722222 | BC16: 0.7375 | BD16: =MOD(BC16-BB16,1)*24 | BE16: 1 | BF16: 0.35 | BG16: 0.7375 | BH16: =MOD(BG16-BF16,1)*24 | BI16: 1 | BJ16: 0.34791667 | BK16: 0.7375 | BL16: =MOD(BK16-BJ16,1)*24 | BM16: 1 | BN16: 0.34930556 | BO16: 0.7375 | BP16: =MOD(BO16-BN16,1)*24 | BQ16: 1 | BR16: 0.34166667 | BS16: 0.73888889 | BT16: =MOD(BS16-BR16,1)*24 | BU16: 1 | BV16: 0.34305556 | BW16: 0.73819444 | BX16: =MOD(BW16-BV16,1)*24 | BY16: 1 | CD16: 0.34791667 | CE16: 0.7375 | CF16: =MOD(CE16-CD16,1)*24 | CG16: 1 | CH16: 0.34930556 | CI16: 0.7375 | CJ16: =MOD(CI16-CH16,1)*24 | CK16: 1 | CL16: 0.34513889 | CM16: 0.7375 | CN16: =MOD(CM16-CL16,1)*24 | CO16: 1 | CP16: 0.27847222 | CQ16: 0.34791667 | CR16: =MOD(CQ16-CP16,1)*24 | CS16: 0.5 | CT16: 0.34375 | CU16: 0.73680556 | CV16: =MOD(CU16-CT16,1)*24 | CW16: 1 | CX16: 0.35 | CY16: 0.73680556 | CZ16: =MOD(CY16-CX16,1)*24 | DA16: 1 | DB16: 0.35 | DC16: 0.73680556 | DD16: =MOD(DC16-DB16,1)*24 | DE16: 1 | DJ16: 0.34722222 | DK16: 0.81041667 | DL16: =MOD(DK16-DJ16,1)*24 | DM16: 1 | DN16: 0.34652778 | DO16: 0.73888889 | DP16: =MOD(DO16-DN16,1)*24 | DQ16: 1 | DR16: 0.34861111 | DS16: 0.96527778 | DT16: =MOD(DS16-DR16,1)*24 | DU16: 1 | DV16: =SUM(H16,L16,P16,T16,X16,AB16,AF16,AJ16,AN16,AR16,AV16,AZ16,BD16,BH16,BL16,BP16,BT16,BX16,CB16,CF16,CJ16,CN16,CR16,CV16,CZ16,DD16,DH16,DL16,DP16,DT16) | DW16: =SUM(I16,M16,Q16,U16,Y16,AC16,AG16,AK16,AO16,AS16,AW16,BA16,BE16,BI16,BM16,BQ16,BU16,BY16,CC16,CG16,CK16,CO16,CS16,CW16,DA16,DE16,DI16,DM16,DQ16,DU16) | EX16: 早退
A17: 五楼 | B17: 刘琴 | C17: 17 | F17: 0.35138889 | G17: 0.87569444 | H17: =MOD(G17-F17,1)*24 | I17: 1 | J17: 0.35138889 | K17: 0.80555556 | L17: =MOD(K17-J17,1)*24 | M17: 1 | N17: 0.35277778 | O17: 0.75555556 | P17: =MOD(O17-N17,1)*24 | Q17: 0.5 | R17: 0.34861111 | S17: 0.50277778 | T17: =MOD(S17-R17,1)*24 | U17: 0.5 | Z17: 0.35208333 | AA17: 0.74166667 | AB17: =MOD(AA17-Z17,1)*24 | AC17: 1 | AD17: 0.34930556 | AE17: 0.87569444 | AF17: =MOD(AE17-AD17,1)*24 | AG17: 1 | AH17: 0.35138889 | AI17: 0.75069444 | AJ17: =MOD(AI17-AH17,1)*24 | AK17: 1 | AL17: 0.35208333 | AM17: 0.76527778 | AN17: =MOD(AM17-AL17,1)*24 | AO17: 1 | AP17: 0.35069444 | AQ17: 0.79930556 | AR17: =MOD(AQ17-AP17,1)*24 | AS17: 1 | AT17: 0.35347222 | AU17: 0.75763889 | AV17: =MOD(AU17-AT17,1)*24 | AW17: 0.5 | BB17: 0.35277778 | BC17: 0.73819444 | BD17: =MOD(BC17-BB17,1)*24 | BE17: 1 | BF17: 0.35069444 | BG17: 0.82986111 | BH17: =MOD(BG17-BF17,1)*24 | BI17: 0.5 | BJ17: 0.35069444 | BK17: 0.7375 | BL17: =MOD(BK17-BJ17,1)*24 | BM17: 1 | BR17: 0.74722222 | BU17: 0.5 | BV17: 0.34791667 | BW17: 0.74027778 | BX17: =MOD(BW17-BV17,1)*24 | BY17: 1 | CT17: 0.35 | CU17: 0.75 | CV17: =MOD(CU17-CT17,1)*24 | CW17: 1 | CX17: 0.35 | CY17: 0.75347222 | CZ17: =MOD(CY17-CX17,1)*24 | DA17: 1 | DF17: 0.34930556 | DG17: 0.76736111 | DH17: =MOD(DG17-DF17,1)*24 | DI17: 1 | DJ17: 0.34861111 | DK17: 0.75833333 | DL17: =MOD(DK17-DJ17,1)*24 | DM17: 1 | DN17: 0.35 | DO17: 0.77222222 | DP17: =MOD(DO17-DN17,1)*24 | DQ17: 1 | DR17: 0.34930556 | DS17: 0.76111111 | DT17: =MOD(DS17-DR17,1)*24 | DU17: 1 | DV17: =SUM(H17,L17,P17,T17,X17,AB17,AF17,AJ17,AN17,AR17,AV17,AZ17,BD17,BH17,BL17,BP17,BT17,BX17,CB17,CF17,CJ17,CN17,CR17,CV17,CZ17,DD17,DH17,DL17,DP17,DT17) | DW17: =SUM(I17,M17,Q17,U17,Y17,AC17,AG17,AK17,AO17,AS17,AW17,BA17,BE17,BI17,BM17,BQ17,BU17,BY17,CC17,CG17,CK17,CO17,CS17,CW17,DA17,DE17,DI17,DM17,DQ17,DU17) | EE17: 早退 | ER17: 只打一次卡
A18: 五楼 | B18: 刘琴 | C18: 17 | N18: 0.75694444 | Q18: 0.5 | AT18: 0.76319444 | AW18: 0.5 | BF18: 0.83402778 | BI18: 0.5 | DV18: =SUM(H18,L18,P18,T18,X18,AB18,AF18,AJ18,AN18,AR18,AV18,AZ18,BD18,BH18,BL18,BP18,BT18,BX18,CB18,CF18,CJ18,CN18,CR18,CV18,CZ18,DD18,DH18,DL18,DP18,DT18) | DW18: =SUM(I18,M18,Q18,U18,Y18,AC18,AG18,AK18,AO18,AS18,AW18,BA18,BE18,BI18,BM18,BQ18,BU18,BY18,CC18,CG18,CK18,CO18,CS18,CW18,DA18,DE18,DI18,DM18,DQ18,DU18)
A19: 五楼 | B19: 刘文旦 | C19: 18 | J19: 0.34652778 | K19: 0.81527778 | L19: =MOD(K19-J19,1)*24 | M19: 1 | N19: 0.35277778 | O19: 0.77847222 | P19: =MOD(O19-N19,1)*24 | Q19: 1 | R19: 0.35486111 | S19: 0.77777778 | T19: =MOD(S19-R19,1)*24 | U19: 1 | V19: 0.35069444 | Y19: 0.5 | Z19: 0.35208333 | AA19: 0.93680556 | AB19: =MOD(AA19-Z19,1)*24 | AC19: 1 | AD19: 0.35416667 | AE19: 0.77708333 | AF19: =MOD(AE19-AD19,1)*24 | AG19: 1 | AH19: 0.34305556 | AI19: 0.81041667 | AJ19: =MOD(AI19-AH19,1)*24 | AK19: 1 | AL19: 0.35625 | AM19: 0.81388889 | AN19: =MOD(AM19-AL19,1)*24 | AO19: 1 | AP19: 0.35486111 | AQ19: 0.82152778 | AR19: =MOD(AQ19-AP19,1)*24 | AS19: 1 | AT19: 0.79930556 | AW19: 0.5 | BJ19: 0.75069444 | BM19: 0.5 | BN19: 0.35347222 | BO19: 0.79583333 | BP19: =MOD(BO19-BN19,1)*24 | BQ19: 1 | BR19: 0.35486111 | BS19: 0.79166667 | BT19: =MOD(BS19-BR19,1)*24 | BU19: 1 | BV19: 0.775 | BY19: 0.5 | BZ19: 0.78680556 | CC19: 0.5 | CD19: 0.35902778 | CE19: 0.86666667 | CF19: =MOD(CE19-CD19,1)*24 | CG19: 1 | CH19: 0.80763889 | CK19: 0.5 | CL19: 0.34930556 | CM19: 0.80277778 | CN19: =MOD(CM19-CL19,1)*24 | CO19: 1 | CP19: 0.35277778 | CQ19: 0.80625 | CR19: =MOD(CQ19-CP19,1)*24 | CS19: 1 | CT19: 0.84166667 | CW19: 0.5 | CX19: 0.35069444 | CY19: 0.82083333 | CZ19: =MOD(CY19-CX19,1)*24 | DA19: 1 | DB19: 0.75 | DE19: 0.5 | DF19: 0.35069444 | DG19: 0.83263889 | DH19: =MOD(DG19-DF19,1)*24 | DI19: 1 | DJ19: 0.35694444 | DK19: 0.92222222 | DL19: =MOD(DK19-DJ19,1)*24 | DM19: 1 | DN19: 0.35347222 | DO19: 0.83055556 | DP19: =MOD(DO19-DN19,1)*24 | DQ19: 1 | DR19: 0.35555556 | DS19: 0.88263889 | DT19: =MOD(DS19-DR19,1)*24 | DU19: 1 | DV19: =SUM(H19,L19,P19,T19,X19,AB19,AF19,AJ19,AN19,AR19,AV19,AZ19,BD19,BH19,BL19,BP19,BT19,BX19,CB19,CF19,CJ19,CN19,CR19,CV19,CZ19,DD19,DH19,DL19,DP19,DT19) | DW19: =SUM(I19,M19,Q19,U19,Y19,AC19,AG19,AK19,AO19,AS19,AW19,BA19,BE19,BI19,BM19,BQ19,BU19,BY19,CC19,CG19,CK19,CO19,CS19,CW19,DA19,DE19,DI19,DM19,DQ19,DU19) | EE19: 迟到 | EF19: 只打一次卡 | EJ19: 迟到 | EK19: 迟到 | EL19: 只打一次卡 | EP19: 只打一次卡 | ER19: 迟到 | ES19: 只打一次卡 | ET19: 只打一次卡 | EU19: 迟到 | EV19: 只打一次卡 | EY19: 只打一次卡 | FA19: 只打一次卡 | FC19: 迟到 | FE19: 迟到
A20: 五楼 | B20: 王一程 | C20: 19 | F20: 0.35347222 | G20: 0.73819444 | H20: =MOD(G20-F20,1)*24 | I20: 1 | J20: 0.35277778 | K20: 0.74791667 | L20: =MOD(K20-J20,1)*24 | M20: 1 | N20: 0.34930556 | O20: 0.9125 | P20: =MOD(O20-N20,1)*24 | Q20: 1 | R20: 0.34861111 | S20: 0.73611111 | T20: =MOD(S20-R20,1)*24 | U20: 1 | Z20: 0.35069444 | AA20: 0.75486111 | AB20: =MOD(AA20-Z20,1)*24 | AC20: 1 | AD20: 0.35347222 | AE20: 0.75277778 | AF20: =MOD(AE20-AD20,1)*24 | AG20: 0.5 | AH20: 0.35 | AI20: 0.73819444 | AJ20: =MOD(AI20-AH20,1)*24 | AK20: 1 | AL20: 0.35208333 | AM20: 0.73680556 | AN20: =MOD(AM20-AL20,1)*24 | AO20: 1 | AT20: 0.34930556 | AU20: 0.7375 | AV20: =MOD(AU20-AT20,1)*24 | AW20: 1 | BB20: 0.35208333 | BC20: 0.7375 | BD20: =MOD(BC20-BB20,1)*24 | BE20: 1 | BF20: 0.35277778 | BG20: 0.7375 | BH20: =MOD(BG20-BF20,1)*24 | BI20: 1 | BJ20: 0.35069444 | BK20: 0.7375 | BL20: =MOD(BK20-BJ20,1)*24 | BM20: 1 | BN20: 0.35138889 | BO20: 0.73680556 | BP20: =MOD(BO20-BN20,1)*24 | BQ20: 1 | BR20: 0.35138889 | BS20: 0.73680556 | BT20: =MOD(BS20-BR20,1)*24 | BU20: 1 | BV20: 0.34652778 | BW20: 0.7375 | BX20: =MOD(BW20-BV20,1)*24 | BY20: 1 | CD20: 0.35277778 | CE20: 0.73819444 | CF20: =MOD(CE20-CD20,1)*24 | CG20: 1 | CH20: 0.34861111 | CI20: 0.7375 | CJ20: =MOD(CI20-CH20,1)*24 | CK20: 1 | CL20: 0.35208333 | CM20: 0.7375 | CN20: =MOD(CM20-CL20,1)*24 | CO20: 1 | CP20: 0.35138889 | CQ20: 0.74166667 | CR20: =MOD(CQ20-CP20,1)*24 | CS20: 1 | CT20: 0.34513889 | CU20: 0.73680556 | CV20: =MOD(CU20-CT20,1)*24 | CW20: 1 | CX20: 0.34791667 | CY20: 0.73680556 | CZ20: =MOD(CY20-CX20,1)*24 | DA20: 1 | DF20: 0.35 | DG20: 0.74375 | DH20: =MOD(DG20-DF20,1)*24 | DI20: 0.5 | DJ20: 0.34652778 | DK20: 0.73958333 | DL20: =MOD(DK20-DJ20,1)*24 | DM20: 1 | DN20: 0.34861111 | DO20: 0.88888889 | DP20: =MOD(DO20-DN20,1)*24 | DQ20: 1 | DR20: 0.35069444 | DS20: 0.73958333 | DT20: =MOD(DS20-DR20,1)*24 | DU20: 1 | DV20: =SUM(H20,L20,P20,T20,X20,AB20,AF20,AJ20,AN20,AR20,AV20,AZ20,BD20,BH20,BL20,BP20,BT20,BX20,CB20,CF20,CJ20,CN20,CR20,CV20,CZ20,DD20,DH20,DL20,DP20,DT20) | DW20: =SUM(I20,M20,Q20,U20,Y20,AC20,AG20,AK20,AO20,AS20,AW20,BA20,BE20,BI20,BM20,BQ20,BU20,BY20,CC20,CG20,CK20,CO20,CS20,CW20,DA20,DE20,DI20,DM20,DQ20,DU20)
A21: 五楼 | B21: 王一程 | C21: 19 | AD21: 0.75833333 | AG21: 0.5 | DF21: 0.81041667 | DI21: 0.5 | DV21: =SUM(H21,L21,P21,T21,X21,AB21,AF21,AJ21,AN21,AR21,AV21,AZ21,BD21,BH21,BL21,BP21,BT21,BX21,CB21,CF21,CJ21,CN21,CR21,CV21,CZ21,DD21,DH21,DL21,DP21,DT21) | DW21: =SUM(I21,M21,Q21,U21,Y21,AC21,AG21,AK21,AO21,AS21,AW21,BA21,BE21,BI21,BM21,BQ21,BU21,BY21,CC21,CG21,CK21,CO21,CS21,CW21,DA21,DE21,DI21,DM21,DQ21,DU21)
A22: 五楼 | B22: 段绍红 | C22: 20 | F22: 0.34513889 | G22: 0.73680556 | H22: =MOD(G22-F22,1)*24 | I22: 1 | J22: 0.34513889 | K22: 0.7375 | L22: =MOD(K22-J22,1)*24 | M22: 1 | Z22: 0.33958333 | AA22: 0.73680556 | AB22: =MOD(AA22-Z22,1)*24 | AC22: 1 | AD22: 0.34861111 | AE22: 0.73611111 | AF22: =MOD(AE22-AD22,1)*24 | AG22: 1 | AH22: 0.34722222 | AI22: 0.73680556 | AJ22: =MOD(AI22-AH22,1)*24 | AK22: 1 | AL22: 0.34027778 | AM22: 0.73680556 | AN22: =MOD(AM22-AL22,1)*24 | AO22: 1 | AP22: 0.34722222 | AQ22: 0.73611111 | AR22: =MOD(AQ22-AP22,1)*24 | AS22: 1 | AT22: 0.34930556 | AU22: 0.73958333 | AV22: =MOD(AU22-AT22,1)*24 | AW22: 0.5 | BB22: 0.33888889 | BE22: 0.5 | BF22: 0.34791667 | BG22: 0.7375 | BH22: =MOD(BG22-BF22,1)*24 | BI22: 1 | BJ22: 0.34652778 | BK22: 0.73680556 | BL22: =MOD(BK22-BJ22,1)*24 | BM22: 0.5 | BN22: 0.34444444 | BO22: 0.73611111 | BP22: =MOD(BO22-BN22,1)*24 | BQ22: 1 | BR22: 0.33472222 | BS22: 0.7375 | BT22: =MOD(BS22-BR22,1)*24 | BU22: 1 | BV22: 0.34444444 | BY22: 0.5 | BZ22: 0.3125 | CA22: 0.74375 | CB22: =MOD(CA22-BZ22,1)*24 | CC22: 1 | CD22: 0.34236111 | CE22: 0.74097222 | CF22: =MOD(CE22-CD22,1)*24 | CG22: 1 | CH22: 0.34097222 | CI22: 0.73680556 | CJ22: =MOD(CI22-CH22,1)*24 | CK22: 1 | CL22: 0.33958333 | CM22: 0.73680556 | CN22: =MOD(CM22-CL22,1)*24 | CO22: 1 | CP22: 0.27847222 | CQ22: 0.33958333 | CR22: =MOD(CQ22-CP22,1)*24 | CS22: 0.5 | DV22: =SUM(H22,L22,P22,T22,X22,AB22,AF22,AJ22,AN22,AR22,AV22,AZ22,BD22,BH22,BL22,BP22,BT22,BX22,CB22,CF22,CJ22,CN22,CR22,CV22,CZ22,DD22,DH22,DL22,DP22,DT22) | DW22: =SUM(I22,M22,Q22,U22,Y22,AC22,AG22,AK22,AO22,AS22,AW22,BA22,BE22,BI22,BM22,BQ22,BU22,BY22,CC22,CG22,CK22,CO22,CS22,CW22,DA22,DE22,DI22,DM22,DQ22,DU22) | EN22: 只打一次卡 | ES22: 只打一次卡 | EX22: 早退
A23: 五楼 | B23: 段绍红 | C23: 20 | AT23: 0.74166667 | AW23: 0.5 | BJ23: 0.74305556 | BM23: 0.5 | DV23: =SUM(H23,L23,P23,T23,X23,AB23,AF23,AJ23,AN23,AR23,AV23,AZ23,BD23,BH23,BL23,BP23,BT23,BX23,CB23,CF23,CJ23,CN23,CR23,CV23,CZ23,DD23,DH23,DL23,DP23,DT23) | DW23: =SUM(I23,M23,Q23,U23,Y23,AC23,AG23,AK23,AO23,AS23,AW23,BA23,BE23,BI23,BM23,BQ23,BU23,BY23,CC23,CG23,CK23,CO23,CS23,CW23,DA23,DE23,DI23,DM23,DQ23,DU23)
A24: 五楼 | B24: 龙训东 | C24: 21 | F24: 0.34444444 | G24: 0.74305556 | H24: =MOD(G24-F24,1)*24 | I24: 1 | J24: 0.34375 | K24: 0.74097222 | L24: =MOD(K24-J24,1)*24 | M24: 1 | N24: 0.33819444 | O24: 0.74097222 | P24: =MOD(O24-N24,1)*24 | Q24: 1 | R24: 0.34236111 | S24: 0.73680556 | T24: =MOD(S24-R24,1)*24 | U24: 1 | AD24: 0.34375 | AE24: 0.74027778 | AF24: =MOD(AE24-AD24,1)*24 | AG24: 1 | AH24: 0.33888889 | AI24: 0.73958333 | AJ24: =MOD(AI24-AH24,1)*24 | AK24: 1 | AL24: 0.34513889 | AM24: 0.74236111 | AN24: =MOD(AM24-AL24,1)*24 | AO24: 1 | AP24: 0.34305556 | AQ24: 0.73819444 | AR24: =MOD(AQ24-AP24,1)*24 | AS24: 1 | AX24: 0.34513889 | AY24: 0.73819444 | AZ24: =MOD(AY24-AX24,1)*24 | BA24: 1 | BB24: 0.34444444 | BC24: 0.73958333 | BD24: =MOD(BC24-BB24,1)*24 | BE24: 1 | BF24: 0.35138889 | BG24: 0.74027778 | BH24: =MOD(BG24-BF24,1)*24 | BI24: 1 | BJ24: 0.34930556 | BK24: 0.73819444 | BL24: =MOD(BK24-BJ24,1)*24 | BM24: 1 | BN24: 0.35138889 | BO24: 0.73819444 | BP24: =MOD(BO24-BN24,1)*24 | BQ24: 1 | BR24: 0.34652778 | BS24: 0.7375 | BT24: =MOD(BS24-BR24,1)*24 | BU24: 1 | BZ24: 0.35069444 | CA24: 0.7375 | CB24: =MOD(CA24-BZ24,1)*24 | CC24: 1 | CD24: 0.33333333 | CE24: 0.73958333 | CF24: =MOD(CE24-CD24,1)*24 | CG24: 1 | CH24: 0.34236111 | CI24: 0.74027778 | CJ24: =MOD(CI24-CH24,1)*24 | CK24: 1 | CL24: 0.33541667 | CM24: 0.7375 | CN24: =MOD(CM24-CL24,1)*24 | CO24: 1 | CT24: 0.33541667 | CU24: 0.74097222 | CV24: =MOD(CU24-CT24,1)*24 | CW24: 1 | CX24: 0.33333333 | CY24: 0.74166667 | CZ24: =MOD(CY24-CX24,1)*24 | DA24: 1 | DB24: 0.33263889 | DC24: 0.73819444 | DD24: =MOD(DC24-DB24,1)*24 | DE24: 1 | DF24: 0.34027778 | DG24: 0.79097222 | DH24: =MOD(DG24-DF24,1)*24 | DI24: 1 | DJ24: 0.33541667 | DK24: 0.79236111 | DL24: =MOD(DK24-DJ24,1)*24 | DM24: 1 | DN24: 0.34375 | DO24: 0.87986111 | DP24: =MOD(DO24-DN24,1)*24 | DQ24: 1 | DR24: 0.35 | DS24: 0.86597222 | DT24: =MOD(DS24-DR24,1)*24 | DU24: 1 | DV24: =SUM(H24,L24,P24,T24,X24,AB24,AF24,AJ24,AN24,AR24,AV24,AZ24,BD24,BH24,BL24,BP24,BT24,BX24,CB24,CF24,CJ24,CN24,CR24,CV24,CZ24,DD24,DH24,DL24,DP24,DT24) | DW24: =SUM(I24,M24,Q24,U24,Y24,AC24,AG24,AK24,AO24,AS24,AW24,BA24,BE24,BI24,BM24,BQ24,BU24,BY24,CC24,CG24,CK24,CO24,CS24,CW24,DA24,DE24,DI24,DM24,DQ24,DU24)
A25: 五楼 | B25: 李荧 | C25: 22 | F25: 0.35069444 | G25: 0.74305556 | H25: =MOD(G25-F25,1)*24 | I25: 1 | J25: 0.34652778 | K25: 0.73888889 | L25: =MOD(K25-J25,1)*24 | M25: 1 | N25: 0.34722222 | O25: 0.74375 | P25: =MOD(O25-N25,1)*24 | Q25: 1 | Z25: 0.34930556 | AA25: 0.74097222 | AB25: =MOD(AA25-Z25,1)*24 | AC25: 1 | AD25: 0.34375 | AE25: 0.74444444 | AF25: =MOD(AE25-AD25,1)*24 | AG25: 1 | AH25: 0.34652778 | AI25: 0.74305556 | AJ25: =MOD(AI25-AH25,1)*24 | AK25: 1 | AL25: 0.34027778 | AM25: 0.73680556 | AN25: =MOD(AM25-AL25,1)*24 | AO25: 1 | AP25: 0.34513889 | AQ25: 0.73680556 | AR25: =MOD(AQ25-AP25,1)*24 | AS25: 1 | AT25: 0.34236111 | AU25: 0.73819444 | AV25: =MOD(AU25-AT25,1)*24 | AW25: 1 | AX25: 0.34097222 | AY25: 0.73680556 | AZ25: =MOD(AY25-AX25,1)*24 | BA25: 1 | BB25: 0.34236111 | BC25: 0.73680556 | BD25: =MOD(BC25-BB25,1)*24 | BE25: 1 | BF25: 0.34375 | BG25: 0.7375 | BH25: =MOD(BG25-BF25,1)*24 | BI25: 1 | BJ25: 0.35 | BK25: 0.73611111 | BL25: =MOD(BK25-BJ25,1)*24 | BM25: 1 | BN25: 0.34583333 | BO25: 0.73680556 | BP25: =MOD(BO25-BN25,1)*24 | BQ25: 1 | BR25: 0.34652778 | BS25: 0.73888889 | BT25: =MOD(BS25-BR25,1)*24 | BU25: 1 | CD25: 0.34236111 | CE25: 0.7375 | CF25: =MOD(CE25-CD25,1)*24 | CG25: 1 | CH25: 0.34722222 | CI25: 0.73819444 | CJ25: =MOD(CI25-CH25,1)*24 | CK25: 1 | CL25: 0.34166667 | CM25: 0.73888889 | CN25: =MOD(CM25-CL25,1)*24 | CO25: 1 | CP25: 0.33958333 | CQ25: 0.74027778 | CR25: =MOD(CQ25-CP25,1)*24 | CS25: 1 | CT25: 0.34930556 | CU25: 0.73958333 | CV25: =MOD(CU25-CT25,1)*24 | CW25: 1 | CX25: 0.34513889 | CY25: 0.75208333 | CZ25: =MOD(CY25-CX25,1)*24 | DA25: 1 | DB25: 0.35 | DC25: 0.7375 | DD25: =MOD(DC25-DB25,1)*24 | DE25: 1 | DF25: 0.33819444 | DG25: 0.73958333 | DH25: =MOD(DG25-DF25,1)*24 | DI25: 1 | DJ25: 0.34652778 | DK25: 0.775 | DL25: =MOD(DK25-DJ25,1)*24 | DM25: 1 | DN25: 0.34722222 | DO25: 0.88055556 | DP25: =MOD(DO25-DN25,1)*24 | DQ25: 1 | DR25: 0.34861111 | DS25: 0.78541667 | DT25: =MOD(DS25-DR25,1)*24 | DU25: 1 | DV25: =SUM(H25,L25,P25,T25,X25,AB25,AF25,AJ25,AN25,AR25,AV25,AZ25,BD25,BH25,BL25,BP25,BT25,BX25,CB25,CF25,CJ25,CN25,CR25,CV25,CZ25,DD25,DH25,DL25,DP25,DT25) | DW25: =SUM(I25,M25,Q25,U25,Y25,AC25,AG25,AK25,AO25,AS25,AW25,BA25,BE25,BI25,BM25,BQ25,BU25,BY25,CC25,CG25,CK25,CO25,CS25,CW25,DA25,DE25,DI25,DM25,DQ25,DU25)
A26: 五楼 | B26: 贺悦 | C26: 23 | F26: 0.35208333 | G26: 0.73958333 | H26: =MOD(G26-F26,1)*24 | I26: 1 | J26: 0.35 | K26: 0.74236111 | L26: =MOD(K26-J26,1)*24 | M26: 1 | N26: 0.34652778 | O26: 0.73819444 | P26: =MOD(O26-N26,1)*24 | Q26: 1 | Z26: 0.35 | AA26: 0.73888889 | AB26: =MOD(AA26-Z26,1)*24 | AC26: 1 | AD26: 0.35138889 | AE26: 0.7375 | AF26: =MOD(AE26-AD26,1)*24 | AG26: 1 | AH26: 0.35 | AI26: 0.73888889 | AJ26: =MOD(AI26-AH26,1)*24 | AK26: 1 | AL26: 0.35138889 | AM26: 0.73888889 | AN26: =MOD(AM26-AL26,1)*24 | AO26: 1 | AP26: 0.35 | AQ26: 0.73888889 | AR26: =MOD(AQ26-AP26,1)*24 | AS26: 1 | AT26: 0.35208333 | AU26: 0.74097222 | AV26: =MOD(AU26-AT26,1)*24 | AW26: 0.5 | BB26: 0.35138889 | BC26: 0.74166667 | BD26: =MOD(BC26-BB26,1)*24 | BE26: 1 | BF26: 0.35208333 | BG26: 0.74375 | BH26: =MOD(BG26-BF26,1)*24 | BI26: 1 | BJ26: 0.35138889 | BK26: 0.73680556 | BL26: =MOD(BK26-BJ26,1)*24 | BM26: 1 | BR26: 0.35138889 | BS26: 0.7375 | BT26: =MOD(BS26-BR26,1)*24 | BU26: 1 | BV26: 0.35138889 | BW26: 0.74444444 | BX26: =MOD(BW26-BV26,1)*24 | BY26: 1 | BZ26: 0.34652778 | CC26: 0.5 | CD26: 0.35 | CE26: 0.7375 | CF26: =MOD(CE26-CD26,1)*24 | CG26: 1 | CH26: 0.35208333 | CI26: 0.7375 | CJ26: =MOD(CI26-CH26,1)*24 | CK26: 1 | CL26: 0.34861111 | CM26: 0.73819444 | CN26: =MOD(CM26-CL26,1)*24 | CO26: 1 | CP26: 0.35138889 | CQ26: 0.73819444 | CR26: =MOD(CQ26-CP26,1)*24 | CS26: 1 | CT26: 0.35069444 | CU26: 0.74305556 | CV26: =MOD(CU26-CT26,1)*24 | CW26: 1 | CX26: 0.35208333 | CY26: 0.7375 | CZ26: =MOD(CY26-CX26,1)*24 | DA26: 1 | DF26: 0.35 | DG26: 0.74097222 | DH26: =MOD(DG26-DF26,1)*24 | DI26: 1 | DJ26: 0.35069444 | DK26: 0.73888889 | DL26: =MOD(DK26-DJ26,1)*24 | DM26: 1 | DN26: 0.34930556 | DO26: 0.74166667 | DP26: =MOD(DO26-DN26,1)*24 | DQ26: 0.5 | DR26: 0.35 | DS26: 0.74375 | DT26: =MOD(DS26-DR26,1)*24 | DU26: 1 | DV26: =SUM(H26,L26,P26,T26,X26,AB26,AF26,AJ26,AN26,AR26,AV26,AZ26,BD26,BH26,BL26,BP26,BT26,BX26,CB26,CF26,CJ26,CN26,CR26,CV26,CZ26,DD26,DH26,DL26,DP26,DT26) | DW26: =SUM(I26,M26,Q26,U26,Y26,AC26,AG26,AK26,AO26,AS26,AW26,BA26,BE26,BI26,BM26,BQ26,BU26,BY26,CC26,CG26,CK26,CO26,CS26,CW26,DA26,DE26,DI26,DM26,DQ26,DU26) | ET26: 只打一次卡
A27: 五楼 | B27: 贺悦 | C27: 23 | AT27: 0.74236111 | AW27: 0.5 | DN27: 0.74305556 | DQ27: 0.5 | DV27: =SUM(H27,L27,P27,T27,X27,AB27,AF27,AJ27,AN27,AR27,AV27,AZ27,BD27,BH27,BL27,BP27,BT27,BX27,CB27,CF27,CJ27,CN27,CR27,CV27,CZ27,DD27,DH27,DL27,DP27,DT27) | DW27: =SUM(I27,M27,Q27,U27,Y27,AC27,AG27,AK27,AO27,AS27,AW27,BA27,BE27,BI27,BM27,BQ27,BU27,BY27,CC27,CG27,CK27,CO27,CS27,CW27,DA27,DE27,DI27,DM27,DQ27,DU27)
A28: 五楼 | B28: 莫娇 | C28: 24 | F28: 0.34930556 | G28: 0.73611111 | H28: =MOD(G28-F28,1)*24 | I28: 1 | J28: 0.34652778 | K28: 0.73680556 | L28: =MOD(K28-J28,1)*24 | M28: 1 | N28: 0.34722222 | O28: 0.74444444 | P28: =MOD(O28-N28,1)*24 | Q28: 1 | Z28: 0.34861111 | AA28: 0.73680556 | AB28: =MOD(AA28-Z28,1)*24 | AC28: 1 | AD28: 0.35 | AE28: 0.73680556 | AF28: =MOD(AE28-AD28,1)*24 | AG28: 1 | AH28: 0.34861111 | AI28: 0.73888889 | AJ28: =MOD(AI28-AH28,1)*24 | AK28: 1 | AL28: 0.34375 | AM28: 0.7375 | AN28: =MOD(AM28-AL28,1)*24 | AO28: 1 | AP28: 0.35 | AQ28: 0.73680556 | AR28: =MOD(AQ28-AP28,1)*24 | AS28: 1 | AT28: 0.34513889 | AU28: 0.74097222 | AV28: =MOD(AU28-AT28,1)*24 | AW28: 1 | BB28: 0.35069444 | BC28: 0.73680556 | BD28: =MOD(BC28-BB28,1)*24 | BE28: 1 | BF28: 0.34930556 | BG28: 0.73680556 | BH28: =MOD(BG28-BF28,1)*24 | BI28: 1 | BJ28: 0.34375 | BK28: 0.7375 | BL28: =MOD(BK28-BJ28,1)*24 | BM28: 1 | BN28: 0.34652778 | BO28: 0.7375 | BP28: =MOD(BO28-BN28,1)*24 | BQ28: 1 | BR28: 0.34652778 | BS28: 0.7375 | BT28: =MOD(BS28-BR28,1)*24 | BU28: 1 | BV28: 0.34722222 | BW28: 0.73680556 | BX28: =MOD(BW28-BV28,1)*24 | BY28: 1 | BZ28: 0.34236111 | CA28: 0.50069444 | CB28: =MOD(CA28-BZ28,1)*24 | CC28: 0.5 | CD28: 0.34861111 | CE28: 0.73680556 | CF28: =MOD(CE28-CD28,1)*24 | CG28: 1 | CH28: 0.35 | CI28: 0.51041667 | CJ28: =MOD(CI28-CH28,1)*24 | CK28: 0.5 | CL28: 0.34861111 | CM28: 0.7375 | CN28: =MOD(CM28-CL28,1)*24 | CO28: 1 | CP28: 0.27847222 | CQ28: 0.34861111 | CR28: =MOD(CQ28-CP28,1)*24 | CS28: 0.5 | CT28: 0.34513889 | CU28: 0.73680556 | CV28: =MOD(CU28-CT28,1)*24 | CW28: 1 | CX28: 0.34861111 | CY28: 0.7375 | CZ28: =MOD(CY28-CX28,1)*24 | DA28: 1 | DF28: 0.35 | DG28: 0.73819444 | DH28: =MOD(DG28-DF28,1)*24 | DI28: 1 | DJ28: 0.35138889 | DK28: 0.73680556 | DL28: =MOD(DK28-DJ28,1)*24 | DM28: 1 | DN28: 0.34791667 | DO28: 0.7375 | DP28: =MOD(DO28-DN28,1)*24 | DQ28: 1 | DR28: 0.34513889 | DS28: 0.92361111 | DT28: =MOD(DS28-DR28,1)*24 | DU28: 1 | DV28: =SUM(H28,L28,P28,T28,X28,AB28,AF28,AJ28,AN28,AR28,AV28,AZ28,BD28,BH28,BL28,BP28,BT28,BX28,CB28,CF28,CJ28,CN28,CR28,CV28,CZ28,DD28,DH28,DL28,DP28,DT28) | DW28: =SUM(I28,M28,Q28,U28,Y28,AC28,AG28,AK28,AO28,AS28,AW28,BA28,BE28,BI28,BM28,BQ28,BU28,BY28,CC28,CG28,CK28,CO28,CS28,CW28,DA28,DE28,DI28,DM28,DQ28,DU28) | ET28: 早退 | EV28: 早退 | EX28: 早退
A29: 五楼 | B29: 蒋年冬 | C29: 25 | F29: 0.34513889 | G29: 0.73888889 | H29: =MOD(G29-F29,1)*24 | I29: 1 | J29: 0.35069444 | K29: 0.73680556 | L29: =MOD(K29-J29,1)*24 | M29: 1 | N29: 0.35069444 | O29: 0.74513889 | P29: =MOD(O29-N29,1)*24 | Q29: 1 | Z29: 0.34861111 | AA29: 0.73680556 | AB29: =MOD(AA29-Z29,1)*24 | AC29: 1 | AD29: 0.34583333 | AE29: 0.73611111 | AF29: =MOD(AE29-AD29,1)*24 | AG29: 1 | AH29: 0.34513889 | AI29: 0.73680556 | AJ29: =MOD(AI29-AH29,1)*24 | AK29: 1 | AL29: 0.34513889 | AM29: 0.73680556 | AN29: =MOD(AM29-AL29,1)*24 | AO29: 1 | AP29: 0.34236111 | AQ29: 0.73680556 | AR29: =MOD(AQ29-AP29,1)*24 | AS29: 1 | AT29: 0.34930556 | AU29: 0.73680556 | AV29: =MOD(AU29-AT29,1)*24 | AW29: 1 | BB29: 0.34166667 | BC29: 0.73680556 | BD29: =MOD(BC29-BB29,1)*24 | BE29: 1 | BF29: 0.34930556 | BG29: 0.73680556 | BH29: =MOD(BG29-BF29,1)*24 | BI29: 1 | BJ29: 0.34027778 | BK29: 0.73680556 | BL29: =MOD(BK29-BJ29,1)*24 | BM29: 1 | BN29: 0.34513889 | BO29: 0.73680556 | BP29: =MOD(BO29-BN29,1)*24 | BQ29: 1 | BR29: 0.35069444 | BS29: 0.73680556 | BT29: =MOD(BS29-BR29,1)*24 | BU29: 1 | BV29: 0.35069444 | BW29: 0.73680556 | BX29: =MOD(BW29-BV29,1)*24 | BY29: 1 | CD29: 0.35347222 | CE29: 0.73888889 | CF29: =MOD(CE29-CD29,1)*24 | CG29: 1 | CH29: 0.34236111 | CI29: 0.73680556 | CJ29: =MOD(CI29-CH29,1)*24 | CK29: 1 | CL29: 0.34166667 | CM29: 0.7375 | CN29: =MOD(CM29-CL29,1)*24 | CO29: 1 | CP29: 0.27847222 | CQ29: 0.34236111 | CR29: =MOD(CQ29-CP29,1)*24 | CS29: 0.5 | CT29: 0.3375 | CU29: 0.73680556 | CV29: =MOD(CU29-CT29,1)*24 | CW29: 1 | DV29: =SUM(H29,L29,P29,T29,X29,AB29,AF29,AJ29,AN29,AR29,AV29,AZ29,BD29,BH29,BL29,BP29,BT29,BX29,CB29,CF29,CJ29,CN29,CR29,CV29,CZ29,DD29,DH29,DL29,DP29,DT29) | DW29: =SUM(I29,M29,Q29,U29,Y29,AC29,AG29,AK29,AO29,AS29,AW29,BA29,BE29,BI29,BM29,BQ29,BU29,BY29,CC29,CG29,CK29,CO29,CS29,CW29,DA29,DE29,DI29,DM29,DQ29,DU29) | EX29: 早退
A30: 五楼 | B30: 田建锋 | C30: 26 | F30: 0.34166667 | G30: 0.73680556 | H30: =MOD(G30-F30,1)*24 | I30: 1 | J30: 0.34375 | K30: 0.73680556 | L30: =MOD(K30-J30,1)*24 | M30: 1 | N30: 0.34444444 | O30: 0.73680556 | P30: =MOD(O30-N30,1)*24 | Q30: 1 | R30: 0.34166667 | S30: 0.73958333 | T30: =MOD(S30-R30,1)*24 | U30: 1 | Z30: 0.34791667 | AA30: 0.7375 | AB30: =MOD(AA30-Z30,1)*24 | AC30: 1 | AD30: 0.34375 | AE30: 0.74097222 | AF30: =MOD(AE30-AD30,1)*24 | AG30: 1 | AH30: 0.34861111 | AI30: 0.7375 | AJ30: =MOD(AI30-AH30,1)*24 | AK30: 1 | AL30: 0.34375 | AM30: 0.73680556 | AN30: =MOD(AM30-AL30,1)*24 | AO30: 1 | AP30: 0.34444444 | AQ30: 0.7375 | AR30: =MOD(AQ30-AP30,1)*24 | AS30: 1 | AT30: 0.34236111 | AU30: 0.7375 | AV30: =MOD(AU30-AT30,1)*24 | AW30: 1 | BB30: 0.34513889 | BC30: 0.7375 | BD30: =MOD(BC30-BB30,1)*24 | BE30: 1 | BF30: 0.34305556 | BG30: 0.73680556 | BH30: =MOD(BG30-BF30,1)*24 | BI30: 1 | BJ30: 0.33888889 | BK30: 0.5 | BL30: =MOD(BK30-BJ30,1)*24 | BM30: 0.5 | BN30: 0.34097222 | BO30: 0.73611111 | BP30: =MOD(BO30-BN30,1)*24 | BQ30: 1 | BV30: 0.34027778 | BW30: 0.74513889 | BX30: =MOD(BW30-BV30,1)*24 | BY30: 1 | BZ30: 0.34930556 | CA30: 0.73680556 | CB30: =MOD(CA30-BZ30,1)*24 | CC30: 1 | CD30: 0.34236111 | CE30: 0.73888889 | CF30: =MOD(CE30-CD30,1)*24 | CG30: 1 | CH30: 0.34236111 | CI30: 0.73680556 | CJ30: =MOD(CI30-CH30,1)*24 | CK30: 1 | CL30: 0.34444444 | CM30: 0.73611111 | CN30: =MOD(CM30-CL30,1)*24 | CO30: 1 | CP30: 0.34444444 | CQ30: 0.5 | CR30: =MOD(CQ30-CP30,1)*24 | CS30: 0.5 | CT30: 0.34305556 | CU30: 0.73888889 | CV30: =MOD(CU30-CT30,1)*24 | CW30: 1 | CX30: 0.34861111 | CY30: 0.75972222 | CZ30: =MOD(CY30-CX30,1)*24 | DA30: 1 | DB30: 0.34722222 | DC30: 0.73611111 | DD30: =MOD(DC30-DB30,1)*24 | DE30: 1 | DF30: 0.34166667 | DG30: 0.74583333 | DH30: =MOD(DG30-DF30,1)*24 | DI30: 1 | DJ30: 0.34305556 | DK30: 0.80138889 | DL30: =MOD(DK30-DJ30,1)*24 | DM30: 1 | DN30: 0.34444444 | DO30: 0.88611111 | DP30: =MOD(DO30-DN30,1)*24 | DQ30: 1 | DR30: 0.34097222 | DS30: 0.95347222 | DT30: =MOD(DS30-DR30,1)*24 | DU30: 1 | DV30: =SUM(H30,L30,P30,T30,X30,AB30,AF30,AJ30,AN30,AR30,AV30,AZ30,BD30,BH30,BL30,BP30,BT30,BX30,CB30,CF30,CJ30,CN30,CR30,CV30,CZ30,DD30,DH30,DL30,DP30,DT30) | DW30: =SUM(I30,M30,Q30,U30,Y30,AC30,AG30,AK30,AO30,AS30,AW30,BA30,BE30,BI30,BM30,BQ30,BU30,BY30,CC30,CG30,CK30,CO30,CS30,CW30,DA30,DE30,DI30,DM30,DQ30,DU30) | EP30: 早退 | EX30: 早退
A31: 五楼 | B31: 李红波 | C31: 27 | F31: 0.34722222 | G31: 0.73611111 | H31: =MOD(G31-F31,1)*24 | I31: 1 | J31: 0.34791667 | K31: 0.73680556 | L31: =MOD(K31-J31,1)*24 | M31: 1 | N31: 0.34513889 | O31: 0.73680556 | P31: =MOD(O31-N31,1)*24 | Q31: 1 | R31: 0.34375 | S31: 0.73680556 | T31: =MOD(S31-R31,1)*24 | U31: 1 | Z31: 0.34375 | AA31: 0.7375 | AB31: =MOD(AA31-Z31,1)*24 | AC31: 1 | AD31: 0.34861111 | AE31: 0.73819444 | AF31: =MOD(AE31-AD31,1)*24 | AG31: 1 | AH31: 0.34861111 | AI31: 0.7375 | AJ31: =MOD(AI31-AH31,1)*24 | AK31: 1 | AP31: 0.34305556 | AQ31: 0.73611111 | AR31: =MOD(AQ31-AP31,1)*24 | AS31: 1 | AT31: 0.34444444 | AU31: 0.7375 | AV31: =MOD(AU31-AT31,1)*24 | AW31: 1 | AX31: 0.34097222 | AY31: 0.73611111 | AZ31: =MOD(AY31-AX31,1)*24 | BA31: 1 | BB31: 0.34444444 | BC31: 0.73680556 | BD31: =MOD(BC31-BB31,1)*24 | BE31: 1 | BF31: 0.34236111 | BG31: 0.73680556 | BH31: =MOD(BG31-BF31,1)*24 | BI31: 1 | BN31: 0.34791667 | BO31: 0.73680556 | BP31: =MOD(BO31-BN31,1)*24 | BQ31: 1 | BR31: 0.34791667 | BS31: 0.73680556 | BT31: =MOD(BS31-BR31,1)*24 | BU31: 1 | BV31: 0.34861111 | BW31: 0.73680556 | BX31: =MOD(BW31-BV31,1)*24 | BY31: 1 | BZ31: 0.34861111 | CA31: 0.73680556 | CB31: =MOD(CA31-BZ31,1)*24 | CC31: 1 | CH31: 0.34236111 | CI31: 0.7375 | CJ31: =MOD(CI31-CH31,1)*24 | CK31: 1 | CL31: 0.34583333 | CM31: 0.7375 | CN31: =MOD(CM31-CL31,1)*24 | CO31: 1 | CP31: 0.27847222 | CQ31: 0.34513889 | CR31: =MOD(CQ31-CP31,1)*24 | CS31: 0.5 | CT31: 0.34930556 | CU31: 0.74027778 | CV31: =MOD(CU31-CT31,1)*24 | CW31: 1 | CX31: 0.34930556 | CY31: 0.75972222 | CZ31: =MOD(CY31-CX31,1)*24 | DA31: 1 | DB31: 0.34513889 | DC31: 0.50069444 | DD31: =MOD(DC31-DB31,1)*24 | DE31: 0.5 | DF31: 0.35 | DG31: 0.73819444 | DH31: =MOD(DG31-DF31,1)*24 | DI31: 1 | DJ31: 0.34583333 | DK31: 0.78055556 | DL31: =MOD(DK31-DJ31,1)*24 | DM31: 1 | DN31: 0.34930556 | DO31: 0.77569444 | DP31: =MOD(DO31-DN31,1)*24 | DQ31: 1 | DR31: 0.34861111 | DS31: 0.81319444 | DT31: =MOD(DS31-DR31,1)*24 | DU31: 1 | DV31: =SUM(H31,L31,P31,T31,X31,AB31,AF31,AJ31,AN31,AR31,AV31,AZ31,BD31,BH31,BL31,BP31,BT31,BX31,CB31,CF31,CJ31,CN31,CR31,CV31,CZ31,DD31,DH31,DL31,DP31,DT31) | DW31: =SUM(I31,M31,Q31,U31,Y31,AC31,AG31,AK31,AO31,AS31,AW31,BA31,BE31,BI31,BM31,BQ31,BU31,BY31,CC31,CG31,CK31,CO31,CS31,CW31,DA31,DE31,DI31,DM31,DQ31,DU31) | EX31: 早退 | FA31: 早退
A32: 五楼 | B32: 陈明会 | C32: 28 | F32: 0.33888889 | G32: 0.74027778 | H32: =MOD(G32-F32,1)*24 | I32: 1 | J32: 0.33958333 | K32: 0.73680556 | L32: =MOD(K32-J32,1)*24 | M32: 1 | N32: 0.34305556 | O32: 0.75555556 | P32: =MOD(O32-N32,1)*24 | Q32: 1 | Z32: 0.34375 | AA32: 0.73888889 | AB32: =MOD(AA32-Z32,1)*24 | AC32: 1 | AD32: 0.32291667 | AE32: 0.74027778 | AF32: =MOD(AE32-AD32,1)*24 | AG32: 1 | AH32: 0.33472222 | AI32: 0.7375 | AJ32: =MOD(AI32-AH32,1)*24 | AK32: 1 | AL32: 0.33958333 | AM32: 0.73819444 | AN32: =MOD(AM32-AL32,1)*24 | AO32: 1 | AP32: 0.33958333 | AQ32: 0.73819444 | AR32: =MOD(AQ32-AP32,1)*24 | AS32: 1 | AT32: 0.33333333 | AU32: 0.75069444 | AV32: =MOD(AU32-AT32,1)*24 | AW32: 1 | BB32: 0.33472222 | BC32: 0.7375 | BD32: =MOD(BC32-BB32,1)*24 | BE32: 1 | BF32: 0.33819444 | BG32: 0.74166667 | BH32: =MOD(BG32-BF32,1)*24 | BI32: 1 | BJ32: 0.33611111 | BK32: 0.7375 | BL32: =MOD(BK32-BJ32,1)*24 | BM32: 1 | BN32: 0.33819444 | BO32: 0.74027778 | BP32: =MOD(BO32-BN32,1)*24 | BQ32: 1 | BV32: 0.3375 | BW32: 0.73819444 | BX32: =MOD(BW32-BV32,1)*24 | BY32: 1 | BZ32: 0.33402778 | CA32: 0.7375 | CB32: =MOD(CA32-BZ32,1)*24 | CC32: 1 | CD32: 0.3375 | CE32: 0.73888889 | CF32: =MOD(CE32-CD32,1)*24 | CG32: 1 | CH32: 0.33541667 | CI32: 0.7375 | CJ32: =MOD(CI32-CH32,1)*24 | CK32: 1 | CL32: 0.32222222 | CM32: 0.74097222 | CN32: =MOD(CM32-CL32,1)*24 | CO32: 1 | CP32: 0.34027778 | CQ32: 0.7375 | CR32: =MOD(CQ32-CP32,1)*24 | CS32: 1 | CT32: 0.34166667 | CU32: 0.73680556 | CV32: =MOD(CU32-CT32,1)*24 | CW32: 1 | CX32: 0.33819444 | CY32: 0.74027778 | CZ32: =MOD(CY32-CX32,1)*24 | DA32: 1 | DF32: 0.3375 | DG32: 0.34930556 | DH32: =MOD(DG32-DF32,1)*24 | DI32: 0.5 | DJ32: 0.33819444 | DK32: 0.73680556 | DL32: =MOD(DK32-DJ32,1)*24 | DM32: 1 | DN32: 0.32916667 | DO32: 0.73888889 | DP32: =MOD(DO32-DN32,1)*24 | DQ32: 1 | DR32: 0.33541667 | DS32: 0.87430556 | DT32: =MOD(DS32-DR32,1)*24 | DU32: 1 | DV32: =SUM(H32,L32,P32,T32,X32,AB32,AF32,AJ32,AN32,AR32,AV32,AZ32,BD32,BH32,BL32,BP32,BT32,BX32,CB32,CF32,CJ32,CN32,CR32,CV32,CZ32,DD32,DH32,DL32,DP32,DT32) | DW32: =SUM(I32,M32,Q32,U32,Y32,AC32,AG32,AK32,AO32,AS32,AW32,BA32,BE32,BI32,BM32,BQ32,BU32,BY32,CC32,CG32,CK32,CO32,CS32,CW32,DA32,DE32,DI32,DM32,DQ32,DU32)
A33: 五楼 | B33: 陈明会 | C33: 28 | DF33: 0.74791667 | DI33: 0.5 | DV33: =SUM(H33,L33,P33,T33,X33,AB33,AF33,AJ33,AN33,AR33,AV33,AZ33,BD33,BH33,BL33,BP33,BT33,BX33,CB33,CF33,CJ33,CN33,CR33,CV33,CZ33,DD33,DH33,DL33,DP33,DT33) | DW33: =SUM(I33,M33,Q33,U33,Y33,AC33,AG33,AK33,AO33,AS33,AW33,BA33,BE33,BI33,BM33,BQ33,BU33,BY33,CC33,CG33,CK33,CO33,CS33,CW33,DA33,DE33,DI33,DM33,DQ33,DU33)
A34: 五楼 | B34: 张金彬 | C34: 29 | F34: 0.35 | G34: 0.74097222 | H34: =MOD(G34-F34,1)*24 | I34: 1 | J34: 0.35 | K34: 0.73680556 | L34: =MOD(K34-J34,1)*24 | M34: 1 | N34: 0.34791667 | O34: 0.74375 | P34: =MOD(O34-N34,1)*24 | Q34: 1 | Z34: 0.35277778 | AA34: 0.74236111 | AB34: =MOD(AA34-Z34,1)*24 | AC34: 1 | AD34: 0.35069444 | AE34: 0.73888889 | AF34: =MOD(AE34-AD34,1)*24 | AG34: 1 | AH34: 0.35138889 | AI34: 0.75277778 | AJ34: =MOD(AI34-AH34,1)*24 | AK34: 1 | AL34: 0.34791667 | AM34: 0.75138889 | AN34: =MOD(AM34-AL34,1)*24 | AO34: 1 | AP34: 0.34930556 | AQ34: 0.74444444 | AR34: =MOD(AQ34-AP34,1)*24 | AS34: 1 | AT34: 0.35069444 | AU34: 0.74027778 | AV34: =MOD(AU34-AT34,1)*24 | AW34: 1 | BB34: 0.35208333 | BE34: 0.5 | BF34: 0.34930556 | BG34: 0.74166667 | BH34: =MOD(BG34-BF34,1)*24 | BI34: 1 | BJ34: 0.34652778 | BK34: 0.74305556 | BL34: =MOD(BK34-BJ34,1)*24 | BM34: 1 | BN34: 0.34791667 | BO34: 0.7375 | BP34: =MOD(BO34-BN34,1)*24 | BQ34: 1 | BR34: 0.35069444 | BS34: 0.77291667 | BT34: =MOD(BS34-BR34,1)*24 | BU34: 1 | BV34: 0.34791667 | BW34: 0.73888889 | BX34: =MOD(BW34-BV34,1)*24 | BY34: 1 | BZ34: 0.34583333 | CA34: 0.48888889 | CB34: =MOD(CA34-BZ34,1)*24 | CC34: 0.5 | CD34: 0.34861111 | CE34: 0.73680556 | CF34: =MOD(CE34-CD34,1)*24 | CG34: 1 | CH34: 0.34861111 | CI34: 0.75138889 | CJ34: =MOD(CI34-CH34,1)*24 | CK34: 1 | CL34: 0.35 | CM34: 0.73888889 | CN34: =MOD(CM34-CL34,1)*24 | CO34: 1 | CP34: 0.34791667 | CQ34: 0.76388889 | CR34: =MOD(CQ34-CP34,1)*24 | CS34: 1 | CT34: 0.34513889 | CU34: 0.85486111 | CV34: =MOD(CU34-CT34,1)*24 | CW34: 1 | CX34: 0.34791667 | CY34: 0.85486111 | CZ34: =MOD(CY34-CX34,1)*24 | DA34: 1 | DF34: 0.35069444 | DG34: 0.84722222 | DH34: =MOD(DG34-DF34,1)*24 | DI34: 1 | DJ34: 0.35 | DK34: 0.74027778 | DL34: =MOD(DK34-DJ34,1)*24 | DM34: 1 | DN34: 0.34861111 | DO34: 0.73958333 | DP34: =MOD(DO34-DN34,1)*24 | DQ34: 1 | DR34: 0.34583333 | DS34: 0.74513889 | DT34: =MOD(DS34-DR34,1)*24 | DU34: 1 | DV34: =SUM(H34,L34,P34,T34,X34,AB34,AF34,AJ34,AN34,AR34,AV34,AZ34,BD34,BH34,BL34,BP34,BT34,BX34,CB34,CF34,CJ34,CN34,CR34,CV34,CZ34,DD34,DH34,DL34,DP34,DT34) | DW34: =SUM(I34,M34,Q34,U34,Y34,AC34,AG34,AK34,AO34,AS34,AW34,BA34,BE34,BI34,BM34,BQ34,BU34,BY34,CC34,CG34,CK34,CO34,CS34,CW34,DA34,DE34,DI34,DM34,DQ34,DU34) | EN34: 只打一次卡 | ET34: 早退
A35: 五楼 | B35: 刘建君 | C35: 30 | F35: 0.35416667 | G35: 0.74236111 | H35: =MOD(G35-F35,1)*24 | I35: 1 | J35: 0.35416667 | K35: 0.7375 | L35: =MOD(K35-J35,1)*24 | M35: 1 | N35: 0.34652778 | O35: 0.73958333 | P35: =MOD(O35-N35,1)*24 | Q35: 1 | R35: 0.35347222 | S35: 0.52708333 | T35: =MOD(S35-R35,1)*24 | U35: 0.5 | Z35: 0.34652778 | AA35: 0.73958333 | AB35: =MOD(AA35-Z35,1)*24 | AC35: 1 | AD35: 0.35416667 | AG35: 0.5 | AH35: 0.34861111 | AI35: 0.75069444 | AJ35: =MOD(AI35-AH35,1)*24 | AK35: 1 | AL35: 0.35208333 | AM35: 0.73680556 | AN35: =MOD(AM35-AL35,1)*24 | AO35: 1 | AP35: 0.34722222 | AQ35: 0.73819444 | AR35: =MOD(AQ35-AP35,1)*24 | AS35: 1 | AT35: 0.35208333 | AU35: 0.74375 | AV35: =MOD(AU35-AT35,1)*24 | AW35: 1 | BB35: 0.35277778 | BC35: 0.73888889 | BD35: =MOD(BC35-BB35,1)*24 | BE35: 1 | BF35: 0.35416667 | BG35: 0.7375 | BH35: =MOD(BG35-BF35,1)*24 | BI35: 1 | BJ35: 0.35277778 | BK35: 0.73680556 | BL35: =MOD(BK35-BJ35,1)*24 | BM35: 1 | BN35: 0.35277778 | BO35: 0.73819444 | BP35: =MOD(BO35-BN35,1)*24 | BQ35: 1 | BR35: 0.35625 | BS35: 0.74444444 | BT35: =MOD(BS35-BR35,1)*24 | BU35: 1 | BV35: 0.35347222 | BW35: 0.73680556 | BX35: =MOD(BW35-BV35,1)*24 | BY35: 1 | CD35: 0.35069444 | CE35: 0.73819444 | CF35: =MOD(CE35-CD35,1)*24 | CG35: 1 | CH35: 0.34583333 | CI35: 0.73611111 | CJ35: =MOD(CI35-CH35,1)*24 | CK35: 1 | CL35: 0.73680556 | CO35: 0.5 | CP35: 0.35 | CQ35: 0.73958333 | CR35: =MOD(CQ35-CP35,1)*24 | CS35: 1 | CT35: 0.35416667 | CU35: 0.7375 | CV35: =MOD(CU35-CT35,1)*24 | CW35: 1 | CX35: 0.34652778 | CY35: 0.74027778 | CZ35: =MOD(CY35-CX35,1)*24 | DA35: 1 | DF35: 0.35069444 | DG35: 0.74791667 | DH35: =MOD(DG35-DF35,1)*24 | DI35: 1 | DJ35: 0.7625 | DM35: 0.5 | DN35: 0.35138889 | DO35: 0.73958333 | DP35: =MOD(DO35-DN35,1)*24 | DQ35: 1 | DR35: 0.34513889 | DS35: 0.74305556 | DT35: =MOD(DS35-DR35,1)*24 | DU35: 1 | DV35: =SUM(H35,L35,P35,T35,X35,AB35,AF35,AJ35,AN35,AR35,AV35,AZ35,BD35,BH35,BL35,BP35,BT35,BX35,CB35,CF35,CJ35,CN35,CR35,CV35,CZ35,DD35,DH35,DL35,DP35,DT35) | DW35: =SUM(I35,M35,Q35,U35,Y35,AC35,AG35,AK35,AO35,AS35,AW35,BA35,BE35,BI35,BM35,BQ35,BU35,BY35,CC35,CG35,CK35,CO35,CS35,CW35,DA35,DE35,DI35,DM35,DQ35,DU35) | EE35: 早退 | EH35: 只打一次卡 | ER35: 迟到 | EW35: 只打一次卡 | FC35: 只打一次卡
A36: 五楼 | B36: 吕丹丹 | C36: 31 | F36: 0.35 | G36: 0.73680556 | H36: =MOD(G36-F36,1)*24 | I36: 1 | J36: 0.34652778 | K36: 0.73680556 | L36: =MOD(K36-J36,1)*24 | M36: 1 | N36: 0.34722222 | O36: 0.74444444 | P36: =MOD(O36-N36,1)*24 | Q36: 1 | Z36: 0.34861111 | AA36: 0.73680556 | AB36: =MOD(AA36-Z36,1)*24 | AC36: 1 | AD36: 0.35 | AE36: 0.73680556 | AF36: =MOD(AE36-AD36,1)*24 | AG36: 1 | AH36: 0.34861111 | AI36: 0.7375 | AJ36: =MOD(AI36-AH36,1)*24 | AK36: 1 | AL36: 0.34305556 | AM36: 0.73680556 | AN36: =MOD(AM36-AL36,1)*24 | AO36: 1 | AP36: 0.35 | AQ36: 0.7375 | AR36: =MOD(AQ36-AP36,1)*24 | AS36: 1 | AT36: 0.34513889 | AU36: 0.73680556 | AV36: =MOD(AU36-AT36,1)*24 | AW36: 1 | BB36: 0.35138889 | BC36: 0.73680556 | BD36: =MOD(BC36-BB36,1)*24 | BE36: 1 | BF36: 0.34930556 | BG36: 0.73680556 | BH36: =MOD(BG36-BF36,1)*24 | BI36: 1 | BJ36: 0.34930556 | BK36: 0.73680556 | BL36: =MOD(BK36-BJ36,1)*24 | BM36: 1 | BN36: 0.34652778 | BO36: 0.7375 | BP36: =MOD(BO36-BN36,1)*24 | BQ36: 1 | BR36: 0.34652778 | BS36: 0.73680556 | BT36: =MOD(BS36-BR36,1)*24 | BU36: 1 | BV36: 0.34722222 | BW36: 0.73680556 | BX36: =MOD(BW36-BV36,1)*24 | BY36: 1 | CD36: 0.34861111 | CE36: 0.73680556 | CF36: =MOD(CE36-CD36,1)*24 | CG36: 1 | CH36: 0.35 | CI36: 0.73680556 | CJ36: =MOD(CI36-CH36,1)*24 | CK36: 1 | CL36: 0.34861111 | CM36: 0.7375 | CN36: =MOD(CM36-CL36,1)*24 | CO36: 1 | CP36: 0.27847222 | CQ36: 0.34861111 | CR36: =MOD(CQ36-CP36,1)*24 | CS36: 0.5 | CT36: 0.34513889 | CU36: 0.73680556 | CV36: =MOD(CU36-CT36,1)*24 | CW36: 1 | CX36: 0.34861111 | CY36: 0.73611111 | CZ36: =MOD(CY36-CX36,1)*24 | DA36: 1 | DF36: 0.35 | DG36: 0.73819444 | DH36: =MOD(DG36-DF36,1)*24 | DI36: 1 | DJ36: 0.35138889 | DK36: 0.73680556 | DL36: =MOD(DK36-DJ36,1)*24 | DM36: 1 | DN36: 0.34791667 | DO36: 0.7375 | DP36: =MOD(DO36-DN36,1)*24 | DQ36: 1 | DR36: 0.34513889 | DS36: 0.73819444 | DT36: =MOD(DS36-DR36,1)*24 | DU36: 1 | DV36: =SUM(H36,L36,P36,T36,X36,AB36,AF36,AJ36,AN36,AR36,AV36,AZ36,BD36,BH36,BL36,BP36,BT36,BX36,CB36,CF36,CJ36,CN36,CR36,CV36,CZ36,DD36,DH36,DL36,DP36,DT36) | DW36: =SUM(I36,M36,Q36,U36,Y36,AC36,AG36,AK36,AO36,AS36,AW36,BA36,BE36,BI36,BM36,BQ36,BU36,BY36,CC36,CG36,CK36,CO36,CS36,CW36,DA36,DE36,DI36,DM36,DQ36,DU36) | EX36: 早退
A37: 五楼 | B37: 李光义 | C37: 32 | F37: 0.35347222 | G37: 0.73819444 | H37: =MOD(G37-F37,1)*24 | I37: 1 | J37: 0.35138889 | K37: 0.74236111 | L37: =MOD(K37-J37,1)*24 | M37: 1 | N37: 0.34861111 | O37: 0.73888889 | P37: =MOD(O37-N37,1)*24 | Q37: 1 | Z37: 0.35 | AA37: 0.73680556 | AB37: =MOD(AA37-Z37,1)*24 | AC37: 1 | AD37: 0.325 | AE37: 0.73680556 | AF37: =MOD(AE37-AD37,1)*24 | AG37: 1 | AH37: 0.325 | AI37: 0.74027778 | AJ37: =MOD(AI37-AH37,1)*24 | AK37: 1 | AL37: 0.35277778 | AM37: 0.7375 | AN37: =MOD(AM37-AL37,1)*24 | AO37: 1 | AP37: 0.34930556 | AQ37: 0.80069444 | AR37: =MOD(AQ37-AP37,1)*24 | AS37: 1 | AT37: 0.35277778 | AU37: 0.76666667 | AV37: =MOD(AU37-AT37,1)*24 | AW37: 1 | BB37: 0.34583333 | BC37: 0.73958333 | BD37: =MOD(BC37-BB37,1)*24 | BE37: 1 | BF37: 0.32847222 | BG37: 0.74166667 | BH37: =MOD(BG37-BF37,1)*24 | BI37: 1 | BJ37: 0.34652778 | BK37: 0.75902778 | BL37: =MOD(BK37-BJ37,1)*24 | BM37: 1 | BN37: 0.35069444 | BO37: 0.7625 | BP37: =MOD(BO37-BN37,1)*24 | BQ37: 1 | BR37: 0.35138889 | BS37: 0.74097222 | BT37: =MOD(BS37-BR37,1)*24 | BU37: 1 | BV37: 0.29027778 | BW37: 0.74097222 | BX37: =MOD(BW37-BV37,1)*24 | BY37: 1 | CD37: 0.32569444 | CE37: 0.74027778 | CF37: =MOD(CE37-CD37,1)*24 | CG37: 1 | CH37: 0.35 | CI37: 0.74097222 | CJ37: =MOD(CI37-CH37,1)*24 | CK37: 1 | CL37: 0.32916667 | CM37: 0.74166667 | CN37: =MOD(CM37-CL37,1)*24 | CO37: 1 | CP37: 0.33125 | CQ37: 0.76736111 | CR37: =MOD(CQ37-CP37,1)*24 | CS37: 1 | CT37: 0.34166667 | CU37: 0.74861111 | CV37: =MOD(CU37-CT37,1)*24 | CW37: 1 | CX37: 0.35208333 | CY37: 0.74375 | CZ37: =MOD(CY37-CX37,1)*24 | DA37: 1 | DF37: 0.33055556 | DG37: 0.73611111 | DH37: =MOD(DG37-DF37,1)*24 | DI37: 1 | DJ37: 0.35277778 | DK37: 0.73888889 | DL37: =MOD(DK37-DJ37,1)*24 | DM37: 1 | DN37: 0.35277778 | DO37: 0.74097222 | DP37: =MOD(DO37-DN37,1)*24 | DQ37: 1 | DR37: 0.34930556 | DS37: 0.74583333 | DT37: =MOD(DS37-DR37,1)*24 | DU37: 1 | DV37: =SUM(H37,L37,P37,T37,X37,AB37,AF37,AJ37,AN37,AR37,AV37,AZ37,BD37,BH37,BL37,BP37,BT37,BX37,CB37,CF37,CJ37,CN37,CR37,CV37,CZ37,DD37,DH37,DL37,DP37,DT37) | DW37: =SUM(I37,M37,Q37,U37,Y37,AC37,AG37,AK37,AO37,AS37,AW37,BA37,BE37,BI37,BM37,BQ37,BU37,BY37,CC37,CG37,CK37,CO37,CS37,CW37,DA37,DE37,DI37,DM37,DQ37,DU37)
A38: 五楼 | B38: 匡启素 | C38: 33 | F38: 0.34930556 | G38: 0.74027778 | H38: =MOD(G38-F38,1)*24 | I38: 1 | J38: 0.30902778 | K38: 0.84722222 | L38: =MOD(K38-J38,1)*24 | M38: 1 | N38: 0.34513889 | O38: 0.76875 | P38: =MOD(O38-N38,1)*24 | Q38: 1 | Z38: 0.34097222 | AA38: 0.73888889 | AB38: =MOD(AA38-Z38,1)*24 | AC38: 1 | AD38: 0.34722222 | AE38: 0.87291667 | AF38: =MOD(AE38-AD38,1)*24 | AG38: 1 | AH38: 0.34583333 | AI38: 0.91666667 | AJ38: =MOD(AI38-AH38,1)*24 | AK38: 1 | AL38: 0.34583333 | AM38: 0.92430556 | AN38: =MOD(AM38-AL38,1)*24 | AO38: 1 | AP38: 0.34791667 | AQ38: 0.94375 | AR38: =MOD(AQ38-AP38,1)*24 | AS38: 1 | AT38: 0.34930556 | AU38: 0.78611111 | AV38: =MOD(AU38-AT38,1)*24 | AW38: 1 | BB38: 0.34861111 | BC38: 0.76111111 | BD38: =MOD(BC38-BB38,1)*24 | BE38: 1 | BF38: 0.34305556 | BG38: 0.83125 | BH38: =MOD(BG38-BF38,1)*24 | BI38: 1 | BJ38: 0.34375 | BK38: 0.74791667 | BL38: =MOD(BK38-BJ38,1)*24 | BM38: 1 | BN38: 0.34513889 | BO38: 0.75972222 | BP38: =MOD(BO38-BN38,1)*24 | BQ38: 1 | BR38: 0.34513889 | BS38: 0.8 | BT38: =MOD(BS38-BR38,1)*24 | BU38: 1 | BV38: 0.34305556 | BW38: 0.80069444 | BX38: =MOD(BW38-BV38,1)*24 | BY38: 1 | CD38: 0.34375 | CE38: 0.7625 | CF38: =MOD(CE38-CD38,1)*24 | CG38: 1 | CH38: 0.33194444 | CI38: 0.75486111 | CJ38: =MOD(CI38-CH38,1)*24 | CK38: 1 | CL38: 0.34722222 | CM38: 0.75555556 | CN38: =MOD(CM38-CL38,1)*24 | CO38: 1 | CP38: 0.34444444 | CQ38: 0.74166667 | CR38: =MOD(CQ38-CP38,1)*24 | CS38: 1 | CT38: 0.33263889 | CU38: 0.75486111 | CV38: =MOD(CU38-CT38,1)*24 | CW38: 1 | CX38: 0.34305556 | CY38: 0.74513889 | CZ38: =MOD(CY38-CX38,1)*24 | DA38: 1 | DF38: 0.33958333 | DG38: 0.77222222 | DH38: =MOD(DG38-DF38,1)*24 | DI38: 1 | DJ38: 0.34513889 | DK38: 0.7625 | DL38: =MOD(DK38-DJ38,1)*24 | DM38: 1 | DN38: 0.34444444 | DO38: 0.83194444 | DP38: =MOD(DO38-DN38,1)*24 | DQ38: 1 | DR38: 0.34305556 | DS38: 0.82847222 | DT38: =MOD(DS38-DR38,1)*24 | DU38: 1 | DV38: =SUM(H38,L38,P38,T38,X38,AB38,AF38,AJ38,AN38,AR38,AV38,AZ38,BD38,BH38,BL38,BP38,BT38,BX38,CB38,CF38,CJ38,CN38,CR38,CV38,CZ38,DD38,DH38,DL38,DP38,DT38) | DW38: =SUM(I38,M38,Q38,U38,Y38,AC38,AG38,AK38,AO38,AS38,AW38,BA38,BE38,BI38,BM38,BQ38,BU38,BY38,CC38,CG38,CK38,CO38,CS38,CW38,DA38,DE38,DI38,DM38,DQ38,DU38)
A39: 五楼 | B39: 兰媛 | C39: 35 | F39: 0.35 | G39: 0.73680556 | H39: =MOD(G39-F39,1)*24 | I39: 1 | J39: 0.34930556 | K39: 0.73680556 | L39: =MOD(K39-J39,1)*24 | M39: 1 | N39: 0.34930556 | O39: 0.7375 | P39: =MOD(O39-N39,1)*24 | Q39: 1 | R39: 0.34861111 | S39: 0.73680556 | T39: =MOD(S39-R39,1)*24 | U39: 1 | Z39: 0.34861111 | AA39: 0.73680556 | AB39: =MOD(AA39-Z39,1)*24 | AC39: 1 | AD39: 0.34930556 | AE39: 0.7375 | AF39: =MOD(AE39-AD39,1)*24 | AG39: 1 | AH39: 0.34861111 | AI39: 0.7375 | AJ39: =MOD(AI39-AH39,1)*24 | AK39: 1 | AP39: 0.34722222 | AQ39: 0.7375 | AR39: =MOD(AQ39-AP39,1)*24 | AS39: 1 | AT39: 0.34930556 | AU39: 0.7375 | AV39: =MOD(AU39-AT39,1)*24 | AW39: 1 | BB39: 0.34722222 | BC39: 0.73819444 | BD39: =MOD(BC39-BB39,1)*24 | BE39: 1 | BF39: 0.34791667 | BG39: 0.7375 | BH39: =MOD(BG39-BF39,1)*24 | BI39: 1 | BJ39: 0.34722222 | BK39: 0.7375 | BL39: =MOD(BK39-BJ39,1)*24 | BM39: 1 | BN39: 0.34791667 | BO39: 0.7375 | BP39: =MOD(BO39-BN39,1)*24 | BQ39: 1 | BR39: 0.34930556 | BS39: 0.7375 | BT39: =MOD(BS39-BR39,1)*24 | BU39: 1 | BV39: 0.34652778 | BW39: 0.73819444 | BX39: =MOD(BW39-BV39,1)*24 | BY39: 1 | CD39: 0.34861111 | CE39: 0.7375 | CF39: =MOD(CE39-CD39,1)*24 | CG39: 1 | CH39: 0.34652778 | CI39: 0.73819444 | CJ39: =MOD(CI39-CH39,1)*24 | CK39: 1 | CL39: 0.34791667 | CM39: 0.7375 | CN39: =MOD(CM39-CL39,1)*24 | CO39: 1 | CP39: 0.34791667 | CQ39: 0.74236111 | CR39: =MOD(CQ39-CP39,1)*24 | CS39: 1 | CT39: 0.34583333 | CU39: 0.74097222 | CV39: =MOD(CU39-CT39,1)*24 | CW39: 1 | CX39: 0.34791667 | CY39: 0.74027778 | CZ39: =MOD(CY39-CX39,1)*24 | DA39: 1 | DF39: 0.34861111 | DG39: 0.75 | DH39: =MOD(DG39-DF39,1)*24 | DI39: 1 | DJ39: 0.35069444 | DK39: 0.74583333 | DL39: =MOD(DK39-DJ39,1)*24 | DM39: 1 | DN39: 0.34930556 | DO39: 0.74166667 | DP39: =MOD(DO39-DN39,1)*24 | DQ39: 1 | DR39: 0.34861111 | DS39: 0.74236111 | DT39: =MOD(DS39-DR39,1)*24 | DU39: 1 | DV39: =SUM(H39,L39,P39,T39,X39,AB39,AF39,AJ39,AN39,AR39,AV39,AZ39,BD39,BH39,BL39,BP39,BT39,BX39,CB39,CF39,CJ39,CN39,CR39,CV39,CZ39,DD39,DH39,DL39,DP39,DT39) | DW39: =SUM(I39,M39,Q39,U39,Y39,AC39,AG39,AK39,AO39,AS39,AW39,BA39,BE39,BI39,BM39,BQ39,BU39,BY39,CC39,CG39,CK39,CO39,CS39,CW39,DA39,DE39,DI39,DM39,DQ39,DU39)
A40: 五楼 | B40: 方宇 | C40: 36 | F40: 0.35347222 | G40: 0.73611111 | H40: =MOD(G40-F40,1)*24 | I40: 1 | J40: 0.34513889 | K40: 0.73680556 | L40: =MOD(K40-J40,1)*24 | M40: 1 | N40: 0.34652778 | O40: 0.73611111 | P40: =MOD(O40-N40,1)*24 | Q40: 1 | Z40: 0.35069444 | AA40: 0.73611111 | AB40: =MOD(AA40-Z40,1)*24 | AC40: 1 | AD40: 0.34444444 | AE40: 0.73680556 | AF40: =MOD(AE40-AD40,1)*24 | AG40: 1 | AH40: 0.34166667 | AI40: 0.73611111 | AJ40: =MOD(AI40-AH40,1)*24 | AK40: 1 | AL40: 0.34166667 | AM40: 0.73680556 | AN40: =MOD(AM40-AL40,1)*24 | AO40: 1 | AP40: 0.34375 | AQ40: 0.73680556 | AR40: =MOD(AQ40-AP40,1)*24 | AS40: 1 | AT40: 0.34722222 | AU40: 0.73680556 | AV40: =MOD(AU40-AT40,1)*24 | AW40: 1 | BB40: 0.34930556 | BC40: 0.73611111 | BD40: =MOD(BC40-BB40,1)*24 | BE40: 1 | BF40: 0.34722222 | BG40: 0.73680556 | BH40: =MOD(BG40-BF40,1)*24 | BI40: 1 | BJ40: 0.34513889 | BK40: 0.73611111 | BL40: =MOD(BK40-BJ40,1)*24 | BM40: 1 | BN40: 0.34652778 | BO40: 0.7375 | BP40: =MOD(BO40-BN40,1)*24 | BQ40: 1 | BR40: 0.34375 | BS40: 0.73819444 | BT40: =MOD(BS40-BR40,1)*24 | BU40: 1 | BV40: 0.34791667 | BW40: 0.73680556 | BX40: =MOD(BW40-BV40,1)*24 | BY40: 1 | CD40: 0.34375 | CE40: 0.73611111 | CF40: =MOD(CE40-CD40,1)*24 | CG40: 1 | CH40: 0.34652778 | CI40: 0.73680556 | CJ40: =MOD(CI40-CH40,1)*24 | CK40: 1 | CL40: 0.34305556 | CM40: 0.73819444 | CN40: =MOD(CM40-CL40,1)*24 | CO40: 1 | CP40: 0.27847222 | CQ40: 0.34375 | CR40: =MOD(CQ40-CP40,1)*24 | CS40: 0.5 | CT40: 0.34930556 | CW40: 0.5 | CX40: 0.33958333 | CY40: 0.73680556 | CZ40: =MOD(CY40-CX40,1)*24 | DA40: 1 | DF40: 0.34444444 | DG40: 0.73611111 | DH40: =MOD(DG40-DF40,1)*24 | DI40: 1 | DJ40: 0.34652778 | DK40: 0.73611111 | DL40: =MOD(DK40-DJ40,1)*24 | DM40: 1 | DN40: 0.34097222 | DO40: 0.51180556 | DP40: =MOD(DO40-DN40,1)*24 | DQ40: 0.5 | DR40: 0.34583333 | DS40: 0.83194444 | DT40: =MOD(DS40-DR40,1)*24 | DU40: 1 | DV40: =SUM(H40,L40,P40,T40,X40,AB40,AF40,AJ40,AN40,AR40,AV40,AZ40,BD40,BH40,BL40,BP40,BT40,BX40,CB40,CF40,CJ40,CN40,CR40,CV40,CZ40,DD40,DH40,DL40,DP40,DT40) | DW40: =SUM(I40,M40,Q40,U40,Y40,AC40,AG40,AK40,AO40,AS40,AW40,BA40,BE40,BI40,BM40,BQ40,BU40,BY40,CC40,CG40,CK40,CO40,CS40,CW40,DA40,DE40,DI40,DM40,DQ40,DU40) | EX40: 早退 | EY40: 只打一次卡
A41: 五楼 | B41: 方宇 | C41: 36 | DN41: 0.51388889 | DO41: 0.87777778 | DP41: =MOD(DO41-DN41,1)*24 | DQ41: 0.5 | DV41: =SUM(H41,L41,P41,T41,X41,AB41,AF41,AJ41,AN41,AR41,AV41,AZ41,BD41,BH41,BL41,BP41,BT41,BX41,CB41,CF41,CJ41,CN41,CR41,CV41,CZ41,DD41,DH41,DL41,DP41,DT41) | DW41: =SUM(I41,M41,Q41,U41,Y41,AC41,AG41,AK41,AO41,AS41,AW41,BA41,BE41,BI41,BM41,BQ41,BU41,BY41,CC41,CG41,CK41,CO41,CS41,CW41,DA41,DE41,DI41,DM41,DQ41,DU41)
A42: 五楼 | B42: 莫永兵 | C42: 37 | F42: 0.34166667 | G42: 0.80069444 | H42: =MOD(G42-F42,1)*24 | I42: 1 | J42: 0.31736111 | K42: 0.84722222 | L42: =MOD(K42-J42,1)*24 | M42: 1 | N42: 0.34652778 | O42: 0.79861111 | P42: =MOD(O42-N42,1)*24 | Q42: 1 | R42: 0.34236111 | S42: 0.75069444 | T42: =MOD(S42-R42,1)*24 | U42: 1 | V42: 0.80694444 | Y42: 0.5 | Z42: 0.34930556 | AA42: 0.79722222 | AB42: =MOD(AA42-Z42,1)*24 | AC42: 1 | AD42: 0.34861111 | AE42: 0.80347222 | AF42: =MOD(AE42-AD42,1)*24 | AG42: 1 | AH42: 0.34861111 | AI42: 0.81875 | AJ42: =MOD(AI42-AH42,1)*24 | AK42: 1 | AL42: 0.34791667 | AM42: 0.80208333 | AN42: =MOD(AM42-AL42,1)*24 | AO42: 1 | AP42: 0.34652778 | AQ42: 0.92361111 | AR42: =MOD(AQ42-AP42,1)*24 | AS42: 1 | AT42: 0.87361111 | AW42: 0.5 | AX42: 0.76527778 | BA42: 0.5 | BB42: 0.34097222 | BC42: 0.88055556 | BD42: =MOD(BC42-BB42,1)*24 | BE42: 1 | BF42: 0.32222222 | BG42: 0.93472222 | BH42: =MOD(BG42-BF42,1)*24 | BI42: 1 | BJ42: 0.31458333 | BK42: 0.88402778 | BL42: =MOD(BK42-BJ42,1)*24 | BM42: 1 | BN42: 0.32847222 | BO42: 0.95347222 | BP42: =MOD(BO42-BN42,1)*24 | BQ42: 1 | BR42: 0.31319444 | BS42: 0.91875 | BT42: =MOD(BS42-BR42,1)*24 | BU42: 1 | BV42: 0.34166667 | BW42: 0.91944444 | BX42: =MOD(BW42-BV42,1)*24 | BY42: 1 | BZ42: 0.7625 | CC42: 0.5 | CD42: 0.32291667 | CE42: 0.92569444 | CF42: =MOD(CE42-CD42,1)*24 | CG42: 1 | CH42: 0.34444444 | CI42: 0.89652778 | CJ42: =MOD(CI42-CH42,1)*24 | CK42: 1 | CL42: 0.31666667 | CM42: 0.89791667 | CN42: =MOD(CM42-CL42,1)*24 | CO42: 1 | CP42: 0.33958333 | CQ42: 0.91875 | CR42: =MOD(CQ42-CP42,1)*24 | CS42: 1 | CT42: 0.31805556 | CU42: 0.88888889 | CV42: =MOD(CU42-CT42,1)*24 | CW42: 1 | CX42: 0.34722222 | CY42: 0.79097222 | CZ42: =MOD(CY42-CX42,1)*24 | DA42: 1 | DB42: 0.73611111 | DE42: 0.5 | DF42: 0.32083333 | DG42: 0.88958333 | DH42: =MOD(DG42-DF42,1)*24 | DI42: 1 | DJ42: 0.33541667 | DK42: 0.89097222 | DL42: =MOD(DK42-DJ42,1)*24 | DM42: 1 | DN42: 0.3375 | DO42: 0.91666667 | DP42: =MOD(DO42-DN42,1)*24 | DQ42: 1 | DR42: 0.34583333 | DS42: 0.83819444 | DT42: =MOD(DS42-DR42,1)*24 | DU42: 1 | DV42: =SUM(H42,L42,P42,T42,X42,AB42,AF42,AJ42,AN42,AR42,AV42,AZ42,BD42,BH42,BL42,BP42,BT42,BX42,CB42,CF42,CJ42,CN42,CR42,CV42,CZ42,DD42,DH42,DL42,DP42,DT42) | DW42: =SUM(I42,M42,Q42,U42,Y42,AC42,AG42,AK42,AO42,AS42,AW42,BA42,BE42,BI42,BM42,BQ42,BU42,BY42,CC42,CG42,CK42,CO42,CS42,CW42,DA42,DE42,DI42,DM42,DQ42,DU42) | EF42: 只打一次卡 | EL42: 只打一次卡 | EM42: 只打一次卡 | ET42: 只打一次卡 | FA42: 只打一次卡
A43: 五楼 | B43: 冯钰超 | C43: 38 | F43: 0.35069444 | G43: 0.73611111 | H43: =MOD(G43-F43,1)*24 | I43: 1 | J43: 0.34930556 | K43: 0.74652778 | L43: =MOD(K43-J43,1)*24 | M43: 1 | N43: 0.34930556 | O43: 0.73680556 | P43: =MOD(O43-N43,1)*24 | Q43: 1 | Z43: 0.34930556 | AA43: 0.74166667 | AB43: =MOD(AA43-Z43,1)*24 | AC43: 1 | AD43: 0.35 | AE43: 0.73680556 | AF43: =MOD(AE43-AD43,1)*24 | AG43: 1 | AH43: 0.34861111 | AI43: 0.74027778 | AJ43: =MOD(AI43-AH43,1)*24 | AK43: 1 | AL43: 0.34930556 | AM43: 0.74236111 | AN43: =MOD(AM43-AL43,1)*24 | AO43: 1 | AP43: 0.34930556 | AQ43: 0.73819444 | AR43: =MOD(AQ43-AP43,1)*24 | AS43: 1 | AT43: 0.34861111 | AU43: 0.74722222 | AV43: =MOD(AU43-AT43,1)*24 | AW43: 1 | AX43: 0.34861111 | AY43: 0.73611111 | AZ43: =MOD(AY43-AX43,1)*24 | BA43: 1 | BB43: 0.34861111 | BC43: 0.74027778 | BD43: =MOD(BC43-BB43,1)*24 | BE43: 1 | BF43: 0.34861111 | BG43: 0.74027778 | BH43: =MOD(BG43-BF43,1)*24 | BI43: 1 | BN43: 0.34930556 | BO43: 0.73819444 | BP43: =MOD(BO43-BN43,1)*24 | BQ43: 1 | BR43: 0.34861111 | BS43: 0.77361111 | BT43: =MOD(BS43-BR43,1)*24 | BU43: 1 | BV43: 0.34930556 | BW43: 0.73819444 | BX43: =MOD(BW43-BV43,1)*24 | BY43: 1 | CD43: 0.34930556 | CE43: 0.7375 | CF43: =MOD(CE43-CD43,1)*24 | CG43: 1 | CH43: 0.34722222 | CI43: 0.74375 | CJ43: =MOD(CI43-CH43,1)*24 | CK43: 1 | CL43: 0.34722222 | CM43: 0.73680556 | CN43: =MOD(CM43-CL43,1)*24 | CO43: 1 | CP43: 0.34722222 | CQ43: 0.74930556 | CR43: =MOD(CQ43-CP43,1)*24 | CS43: 1 | CT43: 0.34791667 | CU43: 0.74444444 | CV43: =MOD(CU43-CT43,1)*24 | CW43: 1 | CX43: 0.34791667 | CY43: 0.77222222 | CZ43: =MOD(CY43-CX43,1)*24 | DA43: 1 | DF43: 0.34930556 | DG43: 0.76944444 | DH43: =MOD(DG43-DF43,1)*24 | DI43: 1 | DJ43: 0.34791667 | DK43: 0.74027778 | DL43: =MOD(DK43-DJ43,1)*24 | DM43: 1 | DN43: 0.34930556 | DO43: 0.7375 | DP43: =MOD(DO43-DN43,1)*24 | DQ43: 1 | DR43: 0.34652778 | DS43: 0.74444444 | DT43: =MOD(DS43-DR43,1)*24 | DU43: 1 | DV43: =SUM(H43,L43,P43,T43,X43,AB43,AF43,AJ43,AN43,AR43,AV43,AZ43,BD43,BH43,BL43,BP43,BT43,BX43,CB43,CF43,CJ43,CN43,CR43,CV43,CZ43,DD43,DH43,DL43,DP43,DT43) | DW43: =SUM(I43,M43,Q43,U43,Y43,AC43,AG43,AK43,AO43,AS43,AW43,BA43,BE43,BI43,BM43,BQ43,BU43,BY43,CC43,CG43,CK43,CO43,CS43,CW43,DA43,DE43,DI43,DM43,DQ43,DU43)
A44: 五楼 | B44: 黄华 | C44: 39 | F44: 0.34861111 | G44: 0.81875 | H44: =MOD(G44-F44,1)*24 | I44: 1 | J44: 0.34652778 | K44: 0.76805556 | L44: =MOD(K44-J44,1)*24 | M44: 1 | N44: 0.34652778 | O44: 0.74722222 | P44: =MOD(O44-N44,1)*24 | Q44: 1 | R44: 0.73680556 | U44: 0.5 | Z44: 0.34722222 | AA44: 0.73819444 | AB44: =MOD(AA44-Z44,1)*24 | AC44: 1 | AD44: 0.35069444 | AE44: 0.75347222 | AF44: =MOD(AE44-AD44,1)*24 | AG44: 1 | AH44: 0.34722222 | AI44: 0.83958333 | AJ44: =MOD(AI44-AH44,1)*24 | AK44: 1 | AL44: 0.34861111 | AM44: 0.74236111 | AN44: =MOD(AM44-AL44,1)*24 | AO44: 0.5 | AP44: 0.34930556 | AQ44: 0.74791667 | AR44: =MOD(AQ44-AP44,1)*24 | AS44: 1 | AT44: 0.34861111 | AU44: 0.75208333 | AV44: =MOD(AU44-AT44,1)*24 | AW44: 0.5 | BB44: 0.34861111 | BC44: 0.75138889 | BD44: =MOD(BC44-BB44,1)*24 | BE44: 1 | BF44: 0.34583333 | BG44: 0.73958333 | BH44: =MOD(BG44-BF44,1)*24 | BI44: 1 | BJ44: 0.74027778 | BM44: 0.5 | BN44: 0.34444444 | BO44: 0.74097222 | BP44: =MOD(BO44-BN44,1)*24 | BQ44: 1 | BR44: 0.34791667 | BS44: 0.73958333 | BT44: =MOD(BS44-BR44,1)*24 | BU44: 1 | BV44: 0.34722222 | BW44: 0.78125 | BX44: =MOD(BW44-BV44,1)*24 | BY44: 1 | CD44: 0.34930556 | CE44: 0.73888889 | CF44: =MOD(CE44-CD44,1)*24 | CG44: 1 | CH44: 0.34930556 | CI44: 0.73819444 | CJ44: =MOD(CI44-CH44,1)*24 | CK44: 1 | CL44: 0.34791667 | CM44: 0.7375 | CN44: =MOD(CM44-CL44,1)*24 | CO44: 0.5 | CP44: 0.34861111 | CQ44: 0.74097222 | CR44: =MOD(CQ44-CP44,1)*24 | CS44: 1 | CT44: 0.34861111 | CU44: 0.74722222 | CV44: =MOD(CU44-CT44,1)*24 | CW44: 1 | CX44: 0.34652778 | CY44: 0.73958333 | CZ44: =MOD(CY44-CX44,1)*24 | DA44: 1 | DF44: 0.34722222 | DG44: 0.81319444 | DH44: =MOD(DG44-DF44,1)*24 | DI44: 1 | DJ44: 0.35069444 | DK44: 0.77986111 | DL44: =MOD(DK44-DJ44,1)*24 | DM44: 1 | DN44: 0.34722222 | DO44: 0.73680556 | DP44: =MOD(DO44-DN44,1)*24 | DQ44: 1 | DR44: 0.34791667 | DS44: 0.80833333 | DT44: =MOD(DS44-DR44,1)*24 | DU44: 0.5 | DV44: =SUM(H44,L44,P44,T44,X44,AB44,AF44,AJ44,AN44,AR44,AV44,AZ44,BD44,BH44,BL44,BP44,BT44,BX44,CB44,CF44,CJ44,CN44,CR44,CV44,CZ44,DD44,DH44,DL44,DP44,DT44) | DW44: =SUM(I44,M44,Q44,U44,Y44,AC44,AG44,AK44,AO44,AS44,AW44,BA44,BE44,BI44,BM44,BQ44,BU44,BY44,CC44,CG44,CK44,CO44,CS44,CW44,DA44,DE44,DI44,DM44,DQ44,DU44) | EE44: 只打一次卡 | EP44: 只打一次卡
A45: 五楼 | B45: 黄华 | C45: 39 | AL45: 0.82986111 | AO45: 0.5 | AT45: 0.75416667 | AW45: 0.5 | CL45: 0.73958333 | CO45: 0.5 | DR45: 0.82638889 | DU45: 0.5 | DV45: =SUM(H45,L45,P45,T45,X45,AB45,AF45,AJ45,AN45,AR45,AV45,AZ45,BD45,BH45,BL45,BP45,BT45,BX45,CB45,CF45,CJ45,CN45,CR45,CV45,CZ45,DD45,DH45,DL45,DP45,DT45) | DW45: =SUM(I45,M45,Q45,U45,Y45,AC45,AG45,AK45,AO45,AS45,AW45,BA45,BE45,BI45,BM45,BQ45,BU45,BY45,CC45,CG45,CK45,CO45,CS45,CW45,DA45,DE45,DI45,DM45,DQ45,DU45)
A46: 五楼 | B46: 康波 | C46: 41 | F46: 0.35069444 | G46: 0.83888889 | H46: =MOD(G46-F46,1)*24 | I46: 1 | J46: 0.33958333 | K46: 0.82986111 | L46: =MOD(K46-J46,1)*24 | M46: 1 | N46: 0.33472222 | O46: 0.79930556 | P46: =MOD(O46-N46,1)*24 | Q46: 1 | R46: 0.34166667 | S46: 0.74027778 | T46: =MOD(S46-R46,1)*24 | U46: 1 | AD46: 0.34097222 | AE46: 0.74097222 | AF46: =MOD(AE46-AD46,1)*24 | AG46: 1 | AH46: 0.33888889 | AI46: 0.74791667 | AJ46: =MOD(AI46-AH46,1)*24 | AK46: 1 | AL46: 0.34791667 | AM46: 0.74444444 | AN46: =MOD(AM46-AL46,1)*24 | AO46: 1 | AP46: 0.34166667 | AQ46: 0.74166667 | AR46: =MOD(AQ46-AP46,1)*24 | AS46: 1 | AT46: 0.35 | AU46: 0.74097222 | AV46: =MOD(AU46-AT46,1)*24 | AW46: 1 | BB46: 0.32708333 | BC46: 0.74027778 | BD46: =MOD(BC46-BB46,1)*24 | BE46: 1 | BF46: 0.32361111 | BG46: 0.74305556 | BH46: =MOD(BG46-BF46,1)*24 | BI46: 1 | BJ46: 0.34236111 | BK46: 0.7375 | BL46: =MOD(BK46-BJ46,1)*24 | BM46: 1 | BN46: 0.32291667 | BO46: 0.74097222 | BP46: =MOD(BO46-BN46,1)*24 | BQ46: 1 | BR46: 0.33888889 | BS46: 0.73958333 | BT46: =MOD(BS46-BR46,1)*24 | BU46: 1 | BV46: 0.32152778 | BW46: 0.7375 | BX46: =MOD(BW46-BV46,1)*24 | BY46: 1 | CD46: 0.32361111 | CE46: 0.77777778 | CF46: =MOD(CE46-CD46,1)*24 | CG46: 1 | CH46: 0.32291667 | CI46: 0.74027778 | CJ46: =MOD(CI46-CH46,1)*24 | CK46: 1 | CL46: 0.32222222 | CM46: 0.83402778 | CN46: =MOD(CM46-CL46,1)*24 | CO46: 1 | CP46: 0.32291667 | CQ46: 0.81944444 | CR46: =MOD(CQ46-CP46,1)*24 | CS46: 1 | CT46: 0.34027778 | CU46: 0.83125 | CV46: =MOD(CU46-CT46,1)*24 | CW46: 1 | CX46: 0.32638889 | CY46: 0.83125 | CZ46: =MOD(CY46-CX46,1)*24 | DA46: 1 | DB46: 0.32569444 | DC46: 0.73819444 | DD46: =MOD(DC46-DB46,1)*24 | DE46: 1 | DF46: 0.32291667 | DG46: 0.91805556 | DH46: =MOD(DG46-DF46,1)*24 | DI46: 1 | DJ46: 0.32569444 | DK46: 0.87361111 | DL46: =MOD(DK46-DJ46,1)*24 | DM46: 1 | DN46: 0.32222222 | DO46: 0.85972222 | DP46: =MOD(DO46-DN46,1)*24 | DQ46: 1 | DR46: 0.32152778 | DS46: 0.81111111 | DT46: =MOD(DS46-DR46,1)*24 | DU46: 1 | DV46: =SUM(H46,L46,P46,T46,X46,AB46,AF46,AJ46,AN46,AR46,AV46,AZ46,BD46,BH46,BL46,BP46,BT46,BX46,CB46,CF46,CJ46,CN46,CR46,CV46,CZ46,DD46,DH46,DL46,DP46,DT46) | DW46: =SUM(I46,M46,Q46,U46,Y46,AC46,AG46,AK46,AO46,AS46,AW46,BA46,BE46,BI46,BM46,BQ46,BU46,BY46,CC46,CG46,CK46,CO46,CS46,CW46,DA46,DE46,DI46,DM46,DQ46,DU46)
A47: 五楼 | B47: 罗雨 | C47: 43 | F47: 0.35347222 | G47: 0.74236111 | H47: =MOD(G47-F47,1)*24 | I47: 1 | J47: 0.34930556 | K47: 0.74791667 | L47: =MOD(K47-J47,1)*24 | M47: 1 | N47: 0.34930556 | O47: 0.9125 | P47: =MOD(O47-N47,1)*24 | Q47: 1 | Z47: 0.35069444 | AA47: 0.74305556 | AB47: =MOD(AA47-Z47,1)*24 | AC47: 1 | AD47: 0.35069444 | AE47: 0.75208333 | AF47: =MOD(AE47-AD47,1)*24 | AG47: 1 | AH47: 0.34861111 | AK47: 0.5 | AL47: 0.34791667 | AM47: 0.74166667 | AN47: =MOD(AM47-AL47,1)*24 | AO47: 1 | AP47: 0.34722222 | AQ47: 0.79652778 | AR47: =MOD(AQ47-AP47,1)*24 | AS47: 1 | AT47: 0.35277778 | AU47: 0.74930556 | AV47: =MOD(AU47-AT47,1)*24 | AW47: 1 | BB47: 0.34722222 | BC47: 0.73819444 | BD47: =MOD(BC47-BB47,1)*24 | BE47: 1 | BF47: 0.34722222 | BG47: 0.74583333 | BH47: =MOD(BG47-BF47,1)*24 | BI47: 1 | BJ47: 0.34652778 | BK47: 0.74236111 | BL47: =MOD(BK47-BJ47,1)*24 | BM47: 1 | BN47: 0.34861111 | BO47: 0.74166667 | BP47: =MOD(BO47-BN47,1)*24 | BQ47: 1 | BR47: 0.35069444 | BS47: 0.77430556 | BT47: =MOD(BS47-BR47,1)*24 | BU47: 1 | BV47: 0.35555556 | BW47: 0.74513889 | BX47: =MOD(BW47-BV47,1)*24 | BY47: 1 | CD47: 0.34861111 | CE47: 0.73958333 | CF47: =MOD(CE47-CD47,1)*24 | CG47: 1 | CH47: 0.34861111 | CI47: 0.74166667 | CJ47: =MOD(CI47-CH47,1)*24 | CK47: 1 | CL47: 0.34027778 | CM47: 0.74027778 | CN47: =MOD(CM47-CL47,1)*24 | CO47: 1 | CP47: 0.34652778 | CQ47: 0.74166667 | CR47: =MOD(CQ47-CP47,1)*24 | CS47: 0.5 | CT47: 0.34930556 | CU47: 0.74097222 | CV47: =MOD(CU47-CT47,1)*24 | CW47: 1 | CX47: 0.35208333 | CY47: 0.76597222 | CZ47: =MOD(CY47-CX47,1)*24 | DA47: 1 | DF47: 0.35208333 | DG47: 0.88472222 | DH47: =MOD(DG47-DF47,1)*24 | DI47: 1 | DJ47: 0.35138889 | DK47: 0.88611111 | DL47: =MOD(DK47-DJ47,1)*24 | DM47: 1 | DN47: 0.35069444 | DO47: 0.88402778 | DP47: =MOD(DO47-DN47,1)*24 | DQ47: 1 | DR47: 0.35208333 | DS47: 0.76805556 | DT47: =MOD(DS47-DR47,1)*24 | DU47: 1 | DV47: =SUM(H47,L47,P47,T47,X47,AB47,AF47,AJ47,AN47,AR47,AV47,AZ47,BD47,BH47,BL47,BP47,BT47,BX47,CB47,CF47,CJ47,CN47,CR47,CV47,CZ47,DD47,DH47,DL47,DP47,DT47) | DW47: =SUM(I47,M47,Q47,U47,Y47,AC47,AG47,AK47,AO47,AS47,AW47,BA47,BE47,BI47,BM47,BQ47,BU47,BY47,CC47,CG47,CK47,CO47,CS47,CW47,DA47,DE47,DI47,DM47,DQ47,DU47) | EI47: 只打一次卡 | ES47: 迟到
A48: 五楼 | B48: 罗雨 | C48: 43 | CP48: 0.75416667 | CS48: 0.5 | DV48: =SUM(H48,L48,P48,T48,X48,AB48,AF48,AJ48,AN48,AR48,AV48,AZ48,BD48,BH48,BL48,BP48,BT48,BX48,CB48,CF48,CJ48,CN48,CR48,CV48,CZ48,DD48,DH48,DL48,DP48,DT48) | DW48: =SUM(I48,M48,Q48,U48,Y48,AC48,AG48,AK48,AO48,AS48,AW48,BA48,BE48,BI48,BM48,BQ48,BU48,BY48,CC48,CG48,CK48,CO48,CS48,CW48,DA48,DE48,DI48,DM48,DQ48,DU48)
A49: 五楼 | B49: 谭勇 | C49: 44 | F49: 0.35 | G49: 0.35138889 | H49: =MOD(G49-F49,1)*24 | I49: 0.5 | J49: 0.35 | K49: 0.73680556 | L49: =MOD(K49-J49,1)*24 | M49: 1 | N49: 0.34791667 | O49: 0.74375 | P49: =MOD(O49-N49,1)*24 | Q49: 1 | Z49: 0.35277778 | AA49: 0.74166667 | AB49: =MOD(AA49-Z49,1)*24 | AC49: 1 | AD49: 0.35069444 | AE49: 0.73888889 | AF49: =MOD(AE49-AD49,1)*24 | AG49: 1 | AH49: 0.35138889 | AI49: 0.75277778 | AJ49: =MOD(AI49-AH49,1)*24 | AK49: 1 | AL49: 0.34791667 | AM49: 0.75 | AN49: =MOD(AM49-AL49,1)*24 | AO49: 1 | AP49: 0.34930556 | AQ49: 0.74444444 | AR49: =MOD(AQ49-AP49,1)*24 | AS49: 1 | AT49: 0.35138889 | AU49: 0.74027778 | AV49: =MOD(AU49-AT49,1)*24 | AW49: 1 | BB49: 0.35208333 | BC49: 0.73819444 | BD49: =MOD(BC49-BB49,1)*24 | BE49: 1 | BF49: 0.34930556 | BG49: 0.74166667 | BH49: =MOD(BG49-BF49,1)*24 | BI49: 1 | BJ49: 0.34722222 | BK49: 0.74305556 | BL49: =MOD(BK49-BJ49,1)*24 | BM49: 1 | BN49: 0.34791667 | BO49: 0.7375 | BP49: =MOD(BO49-BN49,1)*24 | BQ49: 1 | BR49: 0.35069444 | BS49: 0.75763889 | BT49: =MOD(BS49-BR49,1)*24 | BU49: 1 | CH49: 0.34861111 | CI49: 0.75416667 | CJ49: =MOD(CI49-CH49,1)*24 | CK49: 1 | CL49: 0.35 | CM49: 0.73888889 | CN49: =MOD(CM49-CL49,1)*24 | CO49: 1 | CP49: 0.34791667 | CQ49: 0.76388889 | CR49: =MOD(CQ49-CP49,1)*24 | CS49: 1 | CT49: 0.34513889 | CU49: 0.85486111 | CV49: =MOD(CU49-CT49,1)*24 | CW49: 1 | CX49: 0.34791667 | CY49: 0.85486111 | CZ49: =MOD(CY49-CX49,1)*24 | DA49: 1 | DB49: 0.34722222 | DC49: 0.73611111 | DD49: =MOD(DC49-DB49,1)*24 | DE49: 1 | DF49: 0.35069444 | DG49: 0.84722222 | DH49: =MOD(DG49-DF49,1)*24 | DI49: 1 | DJ49: 0.35 | DK49: 0.74027778 | DL49: =MOD(DK49-DJ49,1)*24 | DM49: 1 | DN49: 0.34861111 | DO49: 0.73958333 | DP49: =MOD(DO49-DN49,1)*24 | DQ49: 1 | DR49: 0.34513889 | DS49: 0.74513889 | DT49: =MOD(DS49-DR49,1)*24 | DU49: 1 | DV49: =SUM(H49,L49,P49,T49,X49,AB49,AF49,AJ49,AN49,AR49,AV49,AZ49,BD49,BH49,BL49,BP49,BT49,BX49,CB49,CF49,CJ49,CN49,CR49,CV49,CZ49,DD49,DH49,DL49,DP49,DT49) | DW49: =SUM(I49,M49,Q49,U49,Y49,AC49,AG49,AK49,AO49,AS49,AW49,BA49,BE49,BI49,BM49,BQ49,BU49,BY49,CC49,CG49,CK49,CO49,CS49,CW49,DA49,DE49,DI49,DM49,DQ49,DU49)
A50: 五楼 | B50: 谭勇 | C50: 44 | F50: 0.74027778 | I50: 0.5 | DV50: =SUM(H50,L50,P50,T50,X50,AB50,AF50,AJ50,AN50,AR50,AV50,AZ50,BD50,BH50,BL50,BP50,BT50,BX50,CB50,CF50,CJ50,CN50,CR50,CV50,CZ50,DD50,DH50,DL50,DP50,DT50) | DW50: =SUM(I50,M50,Q50,U50,Y50,AC50,AG50,AK50,AO50,AS50,AW50,BA50,BE50,BI50,BM50,BQ50,BU50,BY50,CC50,CG50,CK50,CO50,CS50,CW50,DA50,DE50,DI50,DM50,DQ50,DU50)
A51: 五楼 | B51: 赵豪杰 | C51: 45 | F51: 0.35069444 | G51: 0.73611111 | H51: =MOD(G51-F51,1)*24 | I51: 1 | J51: 0.34930556 | K51: 0.73680556 | L51: =MOD(K51-J51,1)*24 | M51: 1 | N51: 0.34930556 | O51: 0.73680556 | P51: =MOD(O51-N51,1)*24 | Q51: 1 | Z51: 0.34930556 | AA51: 0.74097222 | AB51: =MOD(AA51-Z51,1)*24 | AC51: 1 | AD51: 0.35 | AE51: 0.73680556 | AF51: =MOD(AE51-AD51,1)*24 | AG51: 1 | AH51: 0.34861111 | AI51: 0.74027778 | AJ51: =MOD(AI51-AH51,1)*24 | AK51: 1 | AL51: 0.34930556 | AM51: 0.74236111 | AN51: =MOD(AM51-AL51,1)*24 | AO51: 1 | AP51: 0.34930556 | AQ51: 0.73819444 | AR51: =MOD(AQ51-AP51,1)*24 | AS51: 1 | AT51: 0.34861111 | AU51: 0.74722222 | AV51: =MOD(AU51-AT51,1)*24 | AW51: 1 | BB51: 0.34861111 | BC51: 0.74027778 | BD51: =MOD(BC51-BB51,1)*24 | BE51: 1 | BF51: 0.34861111 | BG51: 0.74027778 | BH51: =MOD(BG51-BF51,1)*24 | BI51: 1 | BJ51: 0.34861111 | BK51: 0.73958333 | BL51: =MOD(BK51-BJ51,1)*24 | BM51: 1 | BN51: 0.34930556 | BQ51: 0.5 | DV51: =SUM(H51,L51,P51,T51,X51,AB51,AF51,AJ51,AN51,AR51,AV51,AZ51,BD51,BH51,BL51,BP51,BT51,BX51,CB51,CF51,CJ51,CN51,CR51,CV51,CZ51,DD51,DH51,DL51,DP51,DT51) | DW51: =SUM(I51,M51,Q51,U51,Y51,AC51,AG51,AK51,AO51,AS51,AW51,BA51,BE51,BI51,BM51,BQ51,BU51,BY51,CC51,CG51,CK51,CO51,CS51,CW51,DA51,DE51,DI51,DM51,DQ51,DU51) | EQ51: 只打一次卡
A52: 五楼 | B52: 田鹏飞 | C52: 46 | F52: 0.35208333 | G52: 0.73680556 | H52: =MOD(G52-F52,1)*24 | I52: 1 | N52: 0.34375 | O52: 0.74513889 | P52: =MOD(O52-N52,1)*24 | Q52: 1 | Z52: 0.34375 | AA52: 0.87777778 | AB52: =MOD(AA52-Z52,1)*24 | AC52: 1 | AD52: 0.34444444 | AE52: 0.89027778 | AF52: =MOD(AE52-AD52,1)*24 | AG52: 1 | AH52: 0.34791667 | AI52: 0.85555556 | AJ52: =MOD(AI52-AH52,1)*24 | AK52: 1 | AL52: 0.32847222 | AM52: 0.81458333 | AN52: =MOD(AM52-AL52,1)*24 | AO52: 1 | AP52: 0.34861111 | AQ52: 0.89444444 | AR52: =MOD(AQ52-AP52,1)*24 | AS52: 1 | AT52: 0.34375 | AU52: 0.73888889 | AV52: =MOD(AU52-AT52,1)*24 | AW52: 1 | BB52: 0.34305556 | BE52: 0.5 | BF52: 0.34861111 | BG52: 0.86388889 | BH52: =MOD(BG52-BF52,1)*24 | BI52: 1 | BJ52: 0.34097222 | BK52: 0.8625 | BL52: =MOD(BK52-BJ52,1)*24 | BM52: 1 | BN52: 0.33888889 | BQ52: 0.5 | BR52: 0.34375 | BS52: 0.82916667 | BT52: =MOD(BS52-BR52,1)*24 | BU52: 1 | BV52: 0.34930556 | BW52: 0.74861111 | BX52: =MOD(BW52-BV52,1)*24 | BY52: 1 | CD52: 0.34722222 | CE52: 0.83611111 | CF52: =MOD(CE52-CD52,1)*24 | CG52: 1 | CH52: 0.34027778 | CI52: 0.85625 | CJ52: =MOD(CI52-CH52,1)*24 | CK52: 1 | CL52: 0.34027778 | CM52: 0.73888889 | CN52: =MOD(CM52-CL52,1)*24 | CO52: 1 | CP52: 0.34513889 | CQ52: 0.88263889 | CR52: =MOD(CQ52-CP52,1)*24 | CS52: 1 | CT52: 0.34236111 | CU52: 0.34652778 | CV52: =MOD(CU52-CT52,1)*24 | CW52: 0.5 | CX52: 0.35069444 | CY52: 0.73888889 | CZ52: =MOD(CY52-CX52,1)*24 | DA52: 1 | DF52: 0.34722222 | DG52: 0.87013889 | DH52: =MOD(DG52-DF52,1)*24 | DI52: 1 | DJ52: 0.34027778 | DK52: 0.82291667 | DL52: =MOD(DK52-DJ52,1)*24 | DM52: 1 | DN52: 0.34583333 | DO52: 0.90208333 | DP52: =MOD(DO52-DN52,1)*24 | DQ52: 1 | DR52: 0.34583333 | DS52: 0.97361111 | DT52: =MOD(DS52-DR52,1)*24 | DU52: 1 | DV52: =SUM(H52,L52,P52,T52,X52,AB52,AF52,AJ52,AN52,AR52,AV52,AZ52,BD52,BH52,BL52,BP52,BT52,BX52,CB52,CF52,CJ52,CN52,CR52,CV52,CZ52,DD52,DH52,DL52,DP52,DT52) | DW52: =SUM(I52,M52,Q52,U52,Y52,AC52,AG52,AK52,AO52,AS52,AW52,BA52,BE52,BI52,BM52,BQ52,BU52,BY52,CC52,CG52,CK52,CO52,CS52,CW52,DA52,DE52,DI52,DM52,DQ52,DU52) | EN52: 只打一次卡 | EQ52: 只打一次卡
A53: 五楼 | B53: 田鹏飞 | C53: 46 | CT53: 0.9 | CW53: 0.5 | DV53: =SUM(H53,L53,P53,T53,X53,AB53,AF53,AJ53,AN53,AR53,AV53,AZ53,BD53,BH53,BL53,BP53,BT53,BX53,CB53,CF53,CJ53,CN53,CR53,CV53,CZ53,DD53,DH53,DL53,DP53,DT53) | DW53: =SUM(I53,M53,Q53,U53,Y53,AC53,AG53,AK53,AO53,AS53,AW53,BA53,BE53,BI53,BM53,BQ53,BU53,BY53,CC53,CG53,CK53,CO53,CS53,CW53,DA53,DE53,DI53,DM53,DQ53,DU53)
A54: 五楼 | B54: 谢灵 | C54: 49 | F54: 0.34722222 | G54: 0.78958333 | H54: =MOD(G54-F54,1)*24 | I54: 1 | J54: 0.34097222 | K54: 0.74166667 | L54: =MOD(K54-J54,1)*24 | M54: 1 | N54: 0.34236111 | O54: 0.79583333 | P54: =MOD(O54-N54,1)*24 | Q54: 1 | R54: 0.34791667 | S54: 0.73611111 | T54: =MOD(S54-R54,1)*24 | U54: 1 | AD54: 0.34583333 | AE54: 0.74722222 | AF54: =MOD(AE54-AD54,1)*24 | AG54: 1 | AH54: 0.34652778 | AI54: 0.75 | AJ54: =MOD(AI54-AH54,1)*24 | AK54: 1 | AL54: 0.34861111 | AM54: 0.73680556 | AN54: =MOD(AM54-AL54,1)*24 | AO54: 1 | AP54: 0.34722222 | AQ54: 0.7375 | AR54: =MOD(AQ54-AP54,1)*24 | AS54: 1 | AT54: 0.35069444 | AU54: 0.75277778 | AV54: =MOD(AU54-AT54,1)*24 | AW54: 1 | BB54: 0.33819444 | BC54: 0.73680556 | BD54: =MOD(BC54-BB54,1)*24 | BE54: 1 | BF54: 0.34583333 | BG54: 0.74166667 | BH54: =MOD(BG54-BF54,1)*24 | BI54: 1 | BJ54: 0.34791667 | BK54: 0.73888889 | BL54: =MOD(BK54-BJ54,1)*24 | BM54: 1 | BN54: 0.34652778 | BO54: 0.7375 | BP54: =MOD(BO54-BN54,1)*24 | BQ54: 1 | BR54: 0.34236111 | BS54: 0.74305556 | BT54: =MOD(BS54-BR54,1)*24 | BU54: 1 | BV54: 0.34375 | BW54: 0.74444444 | BX54: =MOD(BW54-BV54,1)*24 | BY54: 1 | CD54: 0.34097222 | CE54: 0.74166667 | CF54: =MOD(CE54-CD54,1)*24 | CG54: 1 | CH54: 0.34583333 | CI54: 0.73680556 | CJ54: =MOD(CI54-CH54,1)*24 | CK54: 1 | CL54: 0.34791667 | CM54: 0.73888889 | CN54: =MOD(CM54-CL54,1)*24 | CO54: 1 | CP54: 0.34513889 | CQ54: 0.73819444 | CR54: =MOD(CQ54-CP54,1)*24 | CS54: 1 | CT54: 0.34930556 | CU54: 0.73680556 | CV54: =MOD(CU54-CT54,1)*24 | CW54: 1 | CX54: 0.34375 | CY54: 0.74305556 | CZ54: =MOD(CY54-CX54,1)*24 | DA54: 1 | DF54: 0.34722222 | DG54: 0.73611111 | DH54: =MOD(DG54-DF54,1)*24 | DI54: 1 | DJ54: 0.34583333 | DK54: 0.73611111 | DL54: =MOD(DK54-DJ54,1)*24 | DM54: 1 | DN54: 0.34652778 | DO54: 0.76944444 | DP54: =MOD(DO54-DN54,1)*24 | DQ54: 1 | DR54: 0.33888889 | DS54: 0.79166667 | DT54: =MOD(DS54-DR54,1)*24 | DU54: 1 | DV54: =SUM(H54,L54,P54,T54,X54,AB54,AF54,AJ54,AN54,AR54,AV54,AZ54,BD54,BH54,BL54,BP54,BT54,BX54,CB54,CF54,CJ54,CN54,CR54,CV54,CZ54,DD54,DH54,DL54,DP54,DT54) | DW54: =SUM(I54,M54,Q54,U54,Y54,AC54,AG54,AK54,AO54,AS54,AW54,BA54,BE54,BI54,BM54,BQ54,BU54,BY54,CC54,CG54,CK54,CO54,CS54,CW54,DA54,DE54,DI54,DM54,DQ54,DU54)
A55: 五楼 | B55: 周朝会 | C55: 50 | F55: 0.31805556 | G55: 0.74166667 | H55: =MOD(G55-F55,1)*24 | I55: 1 | J55: 0.32638889 | K55: 0.73680556 | L55: =MOD(K55-J55,1)*24 | M55: 1 | N55: 0.31736111 | O55: 0.73611111 | P55: =MOD(O55-N55,1)*24 | Q55: 1 | R55: 0.31527778 | S55: 0.73680556 | T55: =MOD(S55-R55,1)*24 | U55: 1 | V55: 0.32013889 | W55: 0.45902778 | X55: =MOD(W55-V55,1)*24 | Y55: 0.5 | Z55: 0.31944444 | AA55: 0.73680556 | AB55: =MOD(AA55-Z55,1)*24 | AC55: 1 | AD55: 0.31875 | AE55: 0.73611111 | AF55: =MOD(AE55-AD55,1)*24 | AG55: 1 | AH55: 0.31666667 | AI55: 0.73611111 | AJ55: =MOD(AI55-AH55,1)*24 | AK55: 1 | AL55: 0.31597222 | AM55: 0.73611111 | AN55: =MOD(AM55-AL55,1)*24 | AO55: 1 | AP55: 0.31458333 | AQ55: 0.73819444 | AR55: =MOD(AQ55-AP55,1)*24 | AS55: 1 | AT55: 0.32013889 | AU55: 0.73611111 | AV55: =MOD(AU55-AT55,1)*24 | AW55: 1 | AX55: 0.325 | AY55: 0.47777778 | AZ55: =MOD(AY55-AX55,1)*24 | BA55: 0.5 | BB55: 0.32222222 | BC55: 0.32708333 | BD55: =MOD(BC55-BB55,1)*24 | BE55: 0.5 | BF55: 0.33125 | BG55: 0.73611111 | BH55: =MOD(BG55-BF55,1)*24 | BI55: 1 | BJ55: 0.32222222 | BK55: 0.73472222 | BL55: =MOD(BK55-BJ55,1)*24 | BM55: 0.5 | BN55: 0.31944444 | BO55: 0.73680556 | BP55: =MOD(BO55-BN55,1)*24 | BQ55: 1 | BR55: 0.31805556 | BS55: 0.73819444 | BT55: =MOD(BS55-BR55,1)*24 | BU55: 1 | BV55: 0.31944444 | BW55: 0.73611111 | BX55: =MOD(BW55-BV55,1)*24 | BY55: 1 | BZ55: 0.31736111 | CA55: 0.46736111 | CB55: =MOD(CA55-BZ55,1)*24 | CC55: 0.5 | CD55: 0.32083333 | CE55: 0.73611111 | CF55: =MOD(CE55-CD55,1)*24 | CG55: 1 | CH55: 0.31458333 | CI55: 0.73611111 | CJ55: =MOD(CI55-CH55,1)*24 | CK55: 1 | CL55: 0.31805556 | CM55: 0.73611111 | CN55: =MOD(CM55-CL55,1)*24 | CO55: 1 | CP55: 0.27847222 | CQ55: 0.31666667 | CR55: =MOD(CQ55-CP55,1)*24 | CS55: 0.5 | CT55: 0.31597222 | CU55: 0.74097222 | CV55: =MOD(CU55-CT55,1)*24 | CW55: 1 | CX55: 0.31736111 | CY55: 0.74652778 | CZ55: =MOD(CY55-CX55,1)*24 | DA55: 1 | DB55: 0.32013889 | DC55: 0.46111111 | DD55: =MOD(DC55-DB55,1)*24 | DE55: 0.5 | DF55: 0.31597222 | DG55: 0.73611111 | DH55: =MOD(DG55-DF55,1)*24 | DI55: 1 | DJ55: 0.31805556 | DK55: 0.73680556 | DL55: =MOD(DK55-DJ55,1)*24 | DM55: 1 | DN55: 0.31597222 | DO55: 0.73680556 | DP55: =MOD(DO55-DN55,1)*24 | DQ55: 1 | DR55: 0.31597222 | DS55: 0.73888889 | DT55: =MOD(DS55-DR55,1)*24 | DU55: 1 | DV55: =SUM(H55,L55,P55,T55,X55,AB55,AF55,AJ55,AN55,AR55,AV55,AZ55,BD55,BH55,BL55,BP55,BT55,BX55,CB55,CF55,CJ55,CN55,CR55,CV55,CZ55,DD55,DH55,DL55,DP55,DT55) | DW55: =SUM(I55,M55,Q55,U55,Y55,AC55,AG55,AK55,AO55,AS55,AW55,BA55,BE55,BI55,BM55,BQ55,BU55,BY55,CC55,CG55,CK55,CO55,CS55,CW55,DA55,DE55,DI55,DM55,DQ55,DU55) | EF55: 早退 | EM55: 早退 | ET55: 早退 | EX55: 早退 | FA55: 早退
A56: 五楼 | B56: 周朝会 | C56: 50 | BB56: 0.73958333 | BE56: 0.5 | BJ56: 0.73611111 | BM56: 0.5 | DV56: =SUM(H56,L56,P56,T56,X56,AB56,AF56,AJ56,AN56,AR56,AV56,AZ56,BD56,BH56,BL56,BP56,BT56,BX56,CB56,CF56,CJ56,CN56,CR56,CV56,CZ56,DD56,DH56,DL56,DP56,DT56) | DW56: =SUM(I56,M56,Q56,U56,Y56,AC56,AG56,AK56,AO56,AS56,AW56,BA56,BE56,BI56,BM56,BQ56,BU56,BY56,CC56,CG56,CK56,CO56,CS56,CW56,DA56,DE56,DI56,DM56,DQ56,DU56)
A57: 五楼 | B57: 伍梦柯 | C57: 51 | J57: 0.35277778 | K57: 0.7375 | L57: =MOD(K57-J57,1)*24 | M57: 1 | N57: 0.35138889 | O57: 0.74861111 | P57: =MOD(O57-N57,1)*24 | Q57: 1 | Z57: 0.35416667 | AA57: 0.74166667 | AB57: =MOD(AA57-Z57,1)*24 | AC57: 1 | AD57: 0.35416667 | AE57: 0.74930556 | AF57: =MOD(AE57-AD57,1)*24 | AG57: 1 | AH57: 0.35138889 | AI57: 0.7375 | AJ57: =MOD(AI57-AH57,1)*24 | AK57: 1 | AL57: 0.35208333 | AM57: 0.74513889 | AN57: =MOD(AM57-AL57,1)*24 | AO57: 1 | AP57: 0.35347222 | AQ57: 0.78263889 | AR57: =MOD(AQ57-AP57,1)*24 | AS57: 1 | AT57: 0.35277778 | AU57: 0.7375 | AV57: =MOD(AU57-AT57,1)*24 | AW57: 1 | BB57: 0.35347222 | BC57: 0.74861111 | BD57: =MOD(BC57-BB57,1)*24 | BE57: 1 | BF57: 0.35347222 | BG57: 0.74722222 | BH57: =MOD(BG57-BF57,1)*24 | BI57: 1 | BJ57: 0.35277778 | BM57: 0.5 | BN57: 0.35138889 | BO57: 0.73888889 | BP57: =MOD(BO57-BN57,1)*24 | BQ57: 1 | BR57: 0.35208333 | BS57: 0.77430556 | BT57: =MOD(BS57-BR57,1)*24 | BU57: 1 | BV57: 0.35208333 | BW57: 0.74166667 | BX57: =MOD(BW57-BV57,1)*24 | BY57: 1 | CD57: 0.35277778 | CE57: 0.7375 | CF57: =MOD(CE57-CD57,1)*24 | CG57: 1 | CH57: 0.35347222 | CI57: 0.75833333 | CJ57: =MOD(CI57-CH57,1)*24 | CK57: 1 | CL57: 0.35416667 | CM57: 0.74027778 | CN57: =MOD(CM57-CL57,1)*24 | CO57: 1 | CP57: 0.35277778 | CQ57: 0.75069444 | CR57: =MOD(CQ57-CP57,1)*24 | CS57: 1 | CT57: 0.74166667 | CW57: 0.5 | CX57: 0.34652778 | CY57: 0.78333333 | CZ57: =MOD(CY57-CX57,1)*24 | DA57: 1 | DF57: 0.35416667 | DG57: 0.74583333 | DH57: =MOD(DG57-DF57,1)*24 | DI57: 1 | DJ57: 0.35277778 | DK57: 0.8125 | DL57: =MOD(DK57-DJ57,1)*24 | DM57: 0.5 | DN57: 0.35416667 | DO57: 0.90902778 | DP57: =MOD(DO57-DN57,1)*24 | DQ57: 1 | DR57: 0.35277778 | DS57: 0.74166667 | DT57: =MOD(DS57-DR57,1)*24 | DU57: 1 | DV57: =SUM(H57,L57,P57,T57,X57,AB57,AF57,AJ57,AN57,AR57,AV57,AZ57,BD57,BH57,BL57,BP57,BT57,BX57,CB57,CF57,CJ57,CN57,CR57,CV57,CZ57,DD57,DH57,DL57,DP57,DT57) | DW57: =SUM(I57,M57,Q57,U57,Y57,AC57,AG57,AK57,AO57,AS57,AW57,BA57,BE57,BI57,BM57,BQ57,BU57,BY57,CC57,CG57,CK57,CO57,CS57,CW57,DA57,DE57,DI57,DM57,DQ57,DU57) | EP57: 只打一次卡 | EY57: 只打一次卡
A58: 五楼 | B58: 伍梦柯 | C58: 51 | DJ58: 0.92083333 | DM58: 0.5 | DV58: =SUM(H58,L58,P58,T58,X58,AB58,AF58,AJ58,AN58,AR58,AV58,AZ58,BD58,BH58,BL58,BP58,BT58,BX58,CB58,CF58,CJ58,CN58,CR58,CV58,CZ58,DD58,DH58,DL58,DP58,DT58) | DW58: =SUM(I58,M58,Q58,U58,Y58,AC58,AG58,AK58,AO58,AS58,AW58,BA58,BE58,BI58,BM58,BQ58,BU58,BY58,CC58,CG58,CK58,CO58,CS58,CW58,DA58,DE58,DI58,DM58,DQ58,DU58)
A59: 五楼 | B59: 陶杨 | C59: 52 | F59: 0.34375 | G59: 0.73680556 | H59: =MOD(G59-F59,1)*24 | I59: 1 | J59: 0.34861111 | K59: 0.74166667 | L59: =MOD(K59-J59,1)*24 | M59: 1 | N59: 0.33819444 | O59: 0.73680556 | P59: =MOD(O59-N59,1)*24 | Q59: 1 | Z59: 0.34861111 | AA59: 0.73958333 | AB59: =MOD(AA59-Z59,1)*24 | AC59: 1 | AD59: 0.35 | AE59: 0.73611111 | AF59: =MOD(AE59-AD59,1)*24 | AG59: 1 | AH59: 0.34305556 | AI59: 0.74097222 | AJ59: =MOD(AI59-AH59,1)*24 | AK59: 1 | AL59: 0.3375 | AM59: 0.74027778 | AN59: =MOD(AM59-AL59,1)*24 | AO59: 1 | AP59: 0.34375 | AQ59: 0.73819444 | AR59: =MOD(AQ59-AP59,1)*24 | AS59: 1 | AT59: 0.34583333 | AU59: 0.74791667 | AV59: =MOD(AU59-AT59,1)*24 | AW59: 1 | AX59: 0.34166667 | AY59: 0.73611111 | AZ59: =MOD(AY59-AX59,1)*24 | BA59: 1 | BB59: 0.34513889 | BC59: 0.74097222 | BD59: =MOD(BC59-BB59,1)*24 | BE59: 1 | BJ59: 0.34305556 | BK59: 0.73958333 | BL59: =MOD(BK59-BJ59,1)*24 | BM59: 1 | BN59: 0.34027778 | BO59: 0.73819444 | BP59: =MOD(BO59-BN59,1)*24 | BQ59: 1 | BR59: 0.34513889 | BS59: 0.77361111 | BT59: =MOD(BS59-BR59,1)*24 | BU59: 1 | BV59: 0.34513889 | BW59: 0.73819444 | BX59: =MOD(BW59-BV59,1)*24 | BY59: 1 | CD59: 0.34236111 | CE59: 0.7375 | CF59: =MOD(CE59-CD59,1)*24 | CG59: 1 | CH59: 0.34930556 | CI59: 0.74375 | CJ59: =MOD(CI59-CH59,1)*24 | CK59: 1 | CL59: 0.34652778 | CM59: 0.73680556 | CN59: =MOD(CM59-CL59,1)*24 | CO59: 1 | CP59: 0.34513889 | CQ59: 0.73888889 | CR59: =MOD(CQ59-CP59,1)*24 | CS59: 1 | CT59: 0.34652778 | CU59: 0.74444444 | CV59: =MOD(CU59-CT59,1)*24 | CW59: 1 | CX59: 0.34444444 | CY59: 0.76666667 | CZ59: =MOD(CY59-CX59,1)*24 | DA59: 1 | DF59: 0.34861111 | DG59: 0.76944444 | DH59: =MOD(DG59-DF59,1)*24 | DI59: 1 | DJ59: 0.34652778 | DK59: 0.74027778 | DL59: =MOD(DK59-DJ59,1)*24 | DM59: 1 | DN59: 0.34791667 | DO59: 0.7375 | DP59: =MOD(DO59-DN59,1)*24 | DQ59: 1 | DR59: 0.34791667 | DS59: 0.74444444 | DT59: =MOD(DS59-DR59,1)*24 | DU59: 1 | DV59: =SUM(H59,L59,P59,T59,X59,AB59,AF59,AJ59,AN59,AR59,AV59,AZ59,BD59,BH59,BL59,BP59,BT59,BX59,CB59,CF59,CJ59,CN59,CR59,CV59,CZ59,DD59,DH59,DL59,DP59,DT59) | DW59: =SUM(I59,M59,Q59,U59,Y59,AC59,AG59,AK59,AO59,AS59,AW59,BA59,BE59,BI59,BM59,BQ59,BU59,BY59,CC59,CG59,CK59,CO59,CS59,CW59,DA59,DE59,DI59,DM59,DQ59,DU59)
A60: 五楼 | B60: 李志明 | C60: 53 | F60: 0.23541667 | G60: 0.48680556 | H60: =MOD(G60-F60,1)*24 | I60: 0.5 | J60: 0.24722222 | K60: 0.73472222 | L60: =MOD(K60-J60,1)*24 | M60: 1 | N60: 0.24722222 | O60: 0.25138889 | P60: =MOD(O60-N60,1)*24 | Q60: 0.5 | R60: 0.25138889 | S60: 0.73541667 | T60: =MOD(S60-R60,1)*24 | U60: 1 | V60: 0.25416667 | W60: 0.73333333 | X60: =MOD(W60-V60,1)*24 | Y60: 1 | Z60: 0.24930556 | AA60: 0.73541667 | AB60: =MOD(AA60-Z60,1)*24 | AC60: 1 | AH60: 0.25208333 | AI60: 0.73541667 | AJ60: =MOD(AI60-AH60,1)*24 | AK60: 1 | AL60: 0.24861111 | AM60: 0.73541667 | AN60: =MOD(AM60-AL60,1)*24 | AO60: 1 | AP60: 0.24930556 | AQ60: 0.73541667 | AR60: =MOD(AQ60-AP60,1)*24 | AS60: 1 | AT60: 0.24861111 | AU60: 0.73541667 | AV60: =MOD(AU60-AT60,1)*24 | AW60: 1 | AX60: 0.24930556 | AY60: 0.73541667 | AZ60: =MOD(AY60-AX60,1)*24 | BA60: 1 | BB60: 0.25208333 | BC60: 0.73472222 | BD60: =MOD(BC60-BB60,1)*24 | BE60: 1 | BJ60: 0.24861111 | BK60: 0.73472222 | BL60: =MOD(BK60-BJ60,1)*24 | BM60: 1 | BN60: 0.25 | BO60: 0.73472222 | BP60: =MOD(BO60-BN60,1)*24 | BQ60: 1 | BR60: 0.24930556 | BS60: 0.73472222 | BT60: =MOD(BS60-BR60,1)*24 | BU60: 1 | BV60: 0.25138889 | BY60: 0.5 | CD60: 0.24930556 | CE60: 0.73611111 | CF60: =MOD(CE60-CD60,1)*24 | CG60: 1 | CH60: 0.24861111 | CI60: 0.73541667 | CJ60: =MOD(CI60-CH60,1)*24 | CK60: 1 | CL60: 0.25138889 | CM60: 0.73611111 | CN60: =MOD(CM60-CL60,1)*24 | CO60: 1 | CP60: 0.24930556 | CQ60: 0.27847222 | CR60: =MOD(CQ60-CP60,1)*24 | CS60: 0.5 | CT60: 0.24444444 | CU60: 0.73611111 | CV60: =MOD(CU60-CT60,1)*24 | CW60: 1 | CX60: 0.24861111 | CY60: 0.73472222 | CZ60: =MOD(CY60-CX60,1)*24 | DA60: 1 | DB60: 0.24861111 | DC60: 0.73541667 | DD60: =MOD(DC60-DB60,1)*24 | DE60: 1 | DF60: 0.24930556 | DG60: 0.73611111 | DH60: =MOD(DG60-DF60,1)*24 | DI60: 1 | DN60: 0.24861111 | DO60: 0.73541667 | DP60: =MOD(DO60-DN60,1)*24 | DQ60: 1 | DR60: 0.25069444 | DS60: 0.73680556 | DT60: =MOD(DS60-DR60,1)*24 | DU60: 1 | DV60: =SUM(H60,L60,P60,T60,X60,AB60,AF60,AJ60,AN60,AR60,AV60,AZ60,BD60,BH60,BL60,BP60,BT60,BX60,CB60,CF60,CJ60,CN60,CR60,CV60,CZ60,DD60,DH60,DL60,DP60,DT60) | DW60: =SUM(I60,M60,Q60,U60,Y60,AC60,AG60,AK60,AO60,AS60,AW60,BA60,BE60,BI60,BM60,BQ60,BU60,BY60,CC60,CG60,CK60,CO60,CS60,CW60,DA60,DE60,DI60,DM60,DQ60,DU60) | EB60: 早退 | EC60: 早退 | ED60: 早退 | EE60: 早退 | EF60: 早退 | EG60: 早退 | EI60: 早退 | EJ60: 早退 | EK60: 早退 | EL60: 早退 | EM60: 早退 | EN60: 早退 | EP60: 早退 | EQ60: 早退 | ER60: 早退 | ES60: 只打一次卡 | EV60: 早退 | EX60: 早退 | EZ60: 早退 | FA60: 早退 | FD60: 早退
A61: 五楼 | B61: 李志明 | C61: 53 | N61: 0.73541667 | Q61: 0.5 | DV61: =SUM(H61,L61,P61,T61,X61,AB61,AF61,AJ61,AN61,AR61,AV61,AZ61,BD61,BH61,BL61,BP61,BT61,BX61,CB61,CF61,CJ61,CN61,CR61,CV61,CZ61,DD61,DH61,DL61,DP61,DT61) | DW61: =SUM(I61,M61,Q61,U61,Y61,AC61,AG61,AK61,AO61,AS61,AW61,BA61,BE61,BI61,BM61,BQ61,BU61,BY61,CC61,CG61,CK61,CO61,CS61,CW61,DA61,DE61,DI61,DM61,DQ61,DU61)
A62: 五楼 | B62: 漆娇 | C62: 54 | F62: 0.35 | G62: 0.73680556 | H62: =MOD(G62-F62,1)*24 | I62: 1 | J62: 0.34513889 | K62: 0.7375 | L62: =MOD(K62-J62,1)*24 | M62: 1 | N62: 0.34513889 | O62: 0.7375 | P62: =MOD(O62-N62,1)*24 | Q62: 1 | Z62: 0.35069444 | AA62: 0.73680556 | AB62: =MOD(AA62-Z62,1)*24 | AC62: 1 | AD62: 0.34305556 | AE62: 0.7375 | AF62: =MOD(AE62-AD62,1)*24 | AG62: 1 | AH62: 0.35 | AI62: 0.74027778 | AJ62: =MOD(AI62-AH62,1)*24 | AK62: 1 | AL62: 0.34583333 | AM62: 0.73888889 | AN62: =MOD(AM62-AL62,1)*24 | AO62: 1 | AP62: 0.34722222 | AQ62: 0.79791667 | AR62: =MOD(AQ62-AP62,1)*24 | AS62: 1 | AT62: 0.34513889 | AU62: 0.7375 | AV62: =MOD(AU62-AT62,1)*24 | AW62: 1 | BB62: 0.34027778 | BC62: 0.75416667 | BD62: =MOD(BC62-BB62,1)*24 | BE62: 1 | BF62: 0.34791667 | BG62: 0.75833333 | BH62: =MOD(BG62-BF62,1)*24 | BI62: 1 | BJ62: 0.34791667 | BK62: 0.74097222 | BL62: =MOD(BK62-BJ62,1)*24 | BM62: 1 | BN62: 0.34513889 | BO62: 0.74236111 | BP62: =MOD(BO62-BN62,1)*24 | BQ62: 1 | BR62: 0.34861111 | BS62: 0.74097222 | BT62: =MOD(BS62-BR62,1)*24 | BU62: 1 | BV62: 0.32916667 | BW62: 0.77708333 | BX62: =MOD(BW62-BV62,1)*24 | BY62: 1 | CD62: 0.3375 | CE62: 0.74930556 | CF62: =MOD(CE62-CD62,1)*24 | CG62: 1 | CH62: 0.35069444 | CI62: 0.74097222 | CJ62: =MOD(CI62-CH62,1)*24 | CK62: 1 | CL62: 0.34513889 | CM62: 0.74097222 | CN62: =MOD(CM62-CL62,1)*24 | CO62: 1 | CP62: 0.33611111 | CQ62: 0.74722222 | CR62: =MOD(CQ62-CP62,1)*24 | CS62: 1 | CT62: 0.34791667 | CU62: 0.75763889 | CV62: =MOD(CU62-CT62,1)*24 | CW62: 1 | DB62: 0.34722222 | DC62: 0.73611111 | DD62: =MOD(DC62-DB62,1)*24 | DE62: 1 | DF62: 0.34236111 | DG62: 0.73888889 | DH62: =MOD(DG62-DF62,1)*24 | DI62: 1 | DJ62: 0.34791667 | DK62: 0.7375 | DL62: =MOD(DK62-DJ62,1)*24 | DM62: 1 | DN62: 0.34652778 | DO62: 0.73958333 | DP62: =MOD(DO62-DN62,1)*24 | DQ62: 1 | DR62: 0.34305556 | DS62: 0.73819444 | DT62: =MOD(DS62-DR62,1)*24 | DU62: 1 | DV62: =SUM(H62,L62,P62,T62,X62,AB62,AF62,AJ62,AN62,AR62,AV62,AZ62,BD62,BH62,BL62,BP62,BT62,BX62,CB62,CF62,CJ62,CN62,CR62,CV62,CZ62,DD62,DH62,DL62,DP62,DT62) | DW62: =SUM(I62,M62,Q62,U62,Y62,AC62,AG62,AK62,AO62,AS62,AW62,BA62,BE62,BI62,BM62,BQ62,BU62,BY62,CC62,CG62,CK62,CO62,CS62,CW62,DA62,DE62,DI62,DM62,DQ62,DU62)
A63: 五楼 | B63: 唐良基 | C63: 55 | F63: 0.49444444 | I63: 0.5 | J63: 0.2625 | K63: 0.74930556 | L63: =MOD(K63-J63,1)*24 | M63: 1 | N63: 0.25972222 | O63: 0.75138889 | P63: =MOD(O63-N63,1)*24 | Q63: 1 | R63: 0.25833333 | S63: 0.75069444 | T63: =MOD(S63-R63,1)*24 | U63: 1 | V63: 0.27083333 | W63: 0.75555556 | X63: =MOD(W63-V63,1)*24 | Y63: 1 | AD63: 0.26180556 | AE63: 0.75555556 | AF63: =MOD(AE63-AD63,1)*24 | AG63: 1 | AH63: 0.26319444 | AI63: 0.75347222 | AJ63: =MOD(AI63-AH63,1)*24 | AK63: 1 | AL63: 0.25625 | AM63: 0.75138889 | AN63: =MOD(AM63-AL63,1)*24 | AO63: 1 | AP63: 0.26041667 | AQ63: 0.75208333 | AR63: =MOD(AQ63-AP63,1)*24 | AS63: 1 | AT63: 0.27083333 | AU63: 0.75069444 | AV63: =MOD(AU63-AT63,1)*24 | AW63: 1 | AX63: 0.26041667 | AY63: 0.75138889 | AZ63: =MOD(AY63-AX63,1)*24 | BA63: 1 | BF63: 0.26041667 | BG63: 0.75138889 | BH63: =MOD(BG63-BF63,1)*24 | BI63: 1 | BJ63: 0.26527778 | BK63: 0.75208333 | BL63: =MOD(BK63-BJ63,1)*24 | BM63: 1 | BN63: 0.25347222 | BO63: 0.75208333 | BP63: =MOD(BO63-BN63,1)*24 | BQ63: 1 | BR63: 0.25972222 | BS63: 0.75138889 | BT63: =MOD(BS63-BR63,1)*24 | BU63: 1 | BV63: 0.26319444 | BW63: 0.75138889 | BX63: =MOD(BW63-BV63,1)*24 | BY63: 1 | BZ63: 0.25486111 | CA63: 0.75208333 | CB63: =MOD(CA63-BZ63,1)*24 | CC63: 1 | CH63: 0.25625 | CI63: 0.74861111 | CJ63: =MOD(CI63-CH63,1)*24 | CK63: 1 | CL63: 0.25972222 | CM63: 0.75208333 | CN63: =MOD(CM63-CL63,1)*24 | CO63: 1 | CP63: 0.26041667 | CQ63: 0.75277778 | CR63: =MOD(CQ63-CP63,1)*24 | CS63: 1 | CT63: 0.26458333 | CU63: 0.75277778 | CV63: =MOD(CU63-CT63,1)*24 | CW63: 1 | CX63: 0.25972222 | CY63: 0.75208333 | CZ63: =MOD(CY63-CX63,1)*24 | DA63: 1 | DB63: 0.2625 | DC63: 0.75069444 | DD63: =MOD(DC63-DB63,1)*24 | DE63: 1 | DJ63: 0.25694444 | DK63: 0.75277778 | DL63: =MOD(DK63-DJ63,1)*24 | DM63: 1 | DN63: 0.25972222 | DO63: 0.75208333 | DP63: =MOD(DO63-DN63,1)*24 | DQ63: 1 | DR63: 0.26180556 | DS63: 0.75555556 | DT63: =MOD(DS63-DR63,1)*24 | DU63: 1 | DV63: =SUM(H63,L63,P63,T63,X63,AB63,AF63,AJ63,AN63,AR63,AV63,AZ63,BD63,BH63,BL63,BP63,BT63,BX63,CB63,CF63,CJ63,CN63,CR63,CV63,CZ63,DD63,DH63,DL63,DP63,DT63) | DW63: =SUM(I63,M63,Q63,U63,Y63,AC63,AG63,AK63,AO63,AS63,AW63,BA63,BE63,BI63,BM63,BQ63,BU63,BY63,CC63,CG63,CK63,CO63,CS63,CW63,DA63,DE63,DI63,DM63,DQ63,DU63) | EB63: 只打一次卡
A64: 五楼 | B64: 刘明 | C64: 56 | F64: 0.4875 | G64: 0.75138889 | H64: =MOD(G64-F64,1)*24 | I64: 0.5 | J64: 0.25138889 | K64: 0.7625 | L64: =MOD(K64-J64,1)*24 | M64: 1 | N64: 0.24652778 | O64: 0.74652778 | P64: =MOD(O64-N64,1)*24 | Q64: 1 | R64: 0.25694444 | S64: 0.74861111 | T64: =MOD(S64-R64,1)*24 | U64: 1 | V64: 0.25277778 | W64: 0.74583333 | X64: =MOD(W64-V64,1)*24 | Y64: 1 | Z64: 0.23888889 | AA64: 0.73611111 | AB64: =MOD(AA64-Z64,1)*24 | AC64: 1 | AD64: 0.25763889 | AE64: 0.74791667 | AF64: =MOD(AE64-AD64,1)*24 | AG64: 1 | AH64: 0.25486111 | AI64: 0.74791667 | AJ64: =MOD(AI64-AH64,1)*24 | AK64: 1 | AL64: 0.24791667 | AM64: 0.74791667 | AN64: =MOD(AM64-AL64,1)*24 | AO64: 1 | AP64: 0.25555556 | AQ64: 0.74861111 | AR64: =MOD(AQ64-AP64,1)*24 | AS64: 1 | AT64: 0.25972222 | AU64: 0.74652778 | AV64: =MOD(AU64-AT64,1)*24 | AW64: 1 | AX64: 0.25902778 | AY64: 0.76388889 | AZ64: =MOD(AY64-AX64,1)*24 | BA64: 1 | BB64: 0.23472222 | BC64: 0.73888889 | BD64: =MOD(BC64-BB64,1)*24 | BE64: 1 | BF64: 0.25277778 | BG64: 0.74861111 | BH64: =MOD(BG64-BF64,1)*24 | BI64: 1 | BJ64: 0.23402778 | BK64: 0.74583333 | BL64: =MOD(BK64-BJ64,1)*24 | BM64: 1 | BN64: 0.25902778 | BO64: 0.74722222 | BP64: =MOD(BO64-BN64,1)*24 | BQ64: 1 | BR64: 0.25972222 | BS64: 0.74722222 | BT64: =MOD(BS64-BR64,1)*24 | BU64: 1 | BV64: 0.25694444 | BW64: 0.74930556 | BX64: =MOD(BW64-BV64,1)*24 | BY64: 1 | BZ64: 0.25763889 | CA64: 0.74722222 | CB64: =MOD(CA64-BZ64,1)*24 | CC64: 1 | CD64: 0.23888889 | CE64: 0.73819444 | CF64: =MOD(CE64-CD64,1)*24 | CG64: 1 | CH64: 0.26041667 | CI64: 0.74722222 | CJ64: =MOD(CI64-CH64,1)*24 | CK64: 1 | CL64: 0.25694444 | CM64: 0.74583333 | CN64: =MOD(CM64-CL64,1)*24 | CO64: 1 | CP64: 0.25347222 | CQ64: 0.75138889 | CR64: =MOD(CQ64-CP64,1)*24 | CS64: 1 | CT64: 0.25833333 | CU64: 0.74583333 | CV64: =MOD(CU64-CT64,1)*24 | CW64: 1 | CX64: 0.25625 | CY64: 0.75 | CZ64: =MOD(CY64-CX64,1)*24 | DA64: 1 | DB64: 0.25625 | DC64: 0.74583333 | DD64: =MOD(DC64-DB64,1)*24 | DE64: 1 | DF64: 0.23958333 | DG64: 0.74375 | DH64: =MOD(DG64-DF64,1)*24 | DI64: 1 | DJ64: 0.26597222 | DK64: 0.74444444 | DL64: =MOD(DK64-DJ64,1)*24 | DM64: 1 | DN64: 0.25486111 | DO64: 0.74652778 | DP64: =MOD(DO64-DN64,1)*24 | DQ64: 1 | DR64: 0.25555556 | DS64: 0.74722222 | DT64: =MOD(DS64-DR64,1)*24 | DU64: 1 | DV64: =SUM(H64,L64,P64,T64,X64,AB64,AF64,AJ64,AN64,AR64,AV64,AZ64,BD64,BH64,BL64,BP64,BT64,BX64,CB64,CF64,CJ64,CN64,CR64,CV64,CZ64,DD64,DH64,DL64,DP64,DT64) | DW64: =SUM(I64,M64,Q64,U64,Y64,AC64,AG64,AK64,AO64,AS64,AW64,BA64,BE64,BI64,BM64,BQ64,BU64,BY64,CC64,CG64,CK64,CO64,CS64,CW64,DA64,DE64,DI64,DM64,DQ64,DU64) | EB64: 迟到
A65: 五楼 | B65: 高源 | C65: 57 | F65: 0.34861111 | G65: 0.77083333 | H65: =MOD(G65-F65,1)*24 | I65: 1 | J65: 0.34652778 | K65: 0.77708333 | L65: =MOD(K65-J65,1)*24 | M65: 0.5 | N65: 0.34652778 | O65: 0.77083333 | P65: =MOD(O65-N65,1)*24 | Q65: 1 | R65: 0.34791667 | S65: 0.76458333 | T65: =MOD(S65-R65,1)*24 | U65: 1 | AD65: 0.34513889 | AE65: 0.78680556 | AF65: =MOD(AE65-AD65,1)*24 | AG65: 0.5 | AH65: 0.34652778 | AI65: 0.77013889 | AJ65: =MOD(AI65-AH65,1)*24 | AK65: 1 | AL65: 0.34861111 | AM65: 0.79097222 | AN65: =MOD(AM65-AL65,1)*24 | AO65: 1 | AP65: 0.34722222 | AQ65: 0.84166667 | AR65: =MOD(AQ65-AP65,1)*24 | AS65: 1 | AT65: 0.34513889 | AU65: 0.77222222 | AV65: =MOD(AU65-AT65,1)*24 | AW65: 1 | BB65: 0.34305556 | BC65: 0.85138889 | BD65: =MOD(BC65-BB65,1)*24 | BE65: 1 | BF65: 0.34166667 | BG65: 0.84236111 | BH65: =MOD(BG65-BF65,1)*24 | BI65: 1 | BJ65: 0.34097222 | BK65: 0.8375 | BL65: =MOD(BK65-BJ65,1)*24 | BM65: 1 | BN65: 0.34583333 | BO65: 0.81666667 | BP65: =MOD(BO65-BN65,1)*24 | BQ65: 1 | BR65: 0.34583333 | BS65: 0.87083333 | BT65: =MOD(BS65-BR65,1)*24 | BU65: 1 | BV65: 0.34513889 | BW65: 0.76041667 | BX65: =MOD(BW65-BV65,1)*24 | BY65: 1 | CD65: 0.34583333 | CE65: 0.81111111 | CF65: =MOD(CE65-CD65,1)*24 | CG65: 1 | CH65: 0.34583333 | CI65: 0.75555556 | CJ65: =MOD(CI65-CH65,1)*24 | CK65: 1 | CL65: 0.34722222 | CM65: 0.76597222 | CN65: =MOD(CM65-CL65,1)*24 | CO65: 1 | CP65: 0.34583333 | CQ65: 0.74375 | CR65: =MOD(CQ65-CP65,1)*24 | CS65: 1 | CT65: 0.34583333 | CU65: 0.77986111 | CV65: =MOD(CU65-CT65,1)*24 | CW65: 1 | CX65: 0.34583333 | CY65: 0.73958333 | CZ65: =MOD(CY65-CX65,1)*24 | DA65: 1 | DF65: 0.34652778 | DG65: 0.84236111 | DH65: =MOD(DG65-DF65,1)*24 | DI65: 1 | DJ65: 0.34375 | DK65: 0.80277778 | DL65: =MOD(DK65-DJ65,1)*24 | DM65: 1 | DN65: 0.34861111 | DO65: 0.82638889 | DP65: =MOD(DO65-DN65,1)*24 | DQ65: 1 | DR65: 0.34375 | DS65: 0.74166667 | DT65: =MOD(DS65-DR65,1)*24 | DU65: 1 | DV65: =SUM(H65,L65,P65,T65,X65,AB65,AF65,AJ65,AN65,AR65,AV65,AZ65,BD65,BH65,BL65,BP65,BT65,BX65,CB65,CF65,CJ65,CN65,CR65,CV65,CZ65,DD65,DH65,DL65,DP65,DT65) | DW65: =SUM(I65,M65,Q65,U65,Y65,AC65,AG65,AK65,AO65,AS65,AW65,BA65,BE65,BI65,BM65,BQ65,BU65,BY65,CC65,CG65,CK65,CO65,CS65,CW65,DA65,DE65,DI65,DM65,DQ65,DU65)
A66: 五楼 | B66: 高源 | C66: 57 | J66: 0.80625 | M66: 0.5 | AD66: 0.81180556 | AG66: 0.5 | DV66: =SUM(H66,L66,P66,T66,X66,AB66,AF66,AJ66,AN66,AR66,AV66,AZ66,BD66,BH66,BL66,BP66,BT66,BX66,CB66,CF66,CJ66,CN66,CR66,CV66,CZ66,DD66,DH66,DL66,DP66,DT66) | DW66: =SUM(I66,M66,Q66,U66,Y66,AC66,AG66,AK66,AO66,AS66,AW66,BA66,BE66,BI66,BM66,BQ66,BU66,BY66,CC66,CG66,CK66,CO66,CS66,CW66,DA66,DE66,DI66,DM66,DQ66,DU66)
A67: 五楼 | B67: 张兴六 | C67: 59 | F67: 0.49583333 | G67: 0.75 | H67: =MOD(G67-F67,1)*24 | I67: 0.5 | J67: 0.24861111 | K67: 0.74791667 | L67: =MOD(K67-J67,1)*24 | M67: 1 | N67: 0.24166667 | O67: 0.75277778 | P67: =MOD(O67-N67,1)*24 | Q67: 1 | R67: 0.24861111 | S67: 0.74791667 | T67: =MOD(S67-R67,1)*24 | U67: 1 | V67: 0.24513889 | W67: 0.74861111 | X67: =MOD(W67-V67,1)*24 | Y67: 1 | Z67: 0.24722222 | AA67: 0.74513889 | AB67: =MOD(AA67-Z67,1)*24 | AC67: 1 | AD67: 0.24583333 | AE67: 0.74444444 | AF67: =MOD(AE67-AD67,1)*24 | AG67: 1 | AH67: 0.25 | AI67: 0.74861111 | AJ67: =MOD(AI67-AH67,1)*24 | AK67: 1 | AL67: 0.24583333 | AM67: 0.74861111 | AN67: =MOD(AM67-AL67,1)*24 | AO67: 1 | AP67: 0.24652778 | AQ67: 0.74791667 | AR67: =MOD(AQ67-AP67,1)*24 | AS67: 1 | AT67: 0.24722222 | AU67: 0.74583333 | AV67: =MOD(AU67-AT67,1)*24 | AW67: 1 | AX67: 0.25 | AY67: 0.74375 | AZ67: =MOD(AY67-AX67,1)*24 | BA67: 1 | BB67: 0.25277778 | BC67: 0.74583333 | BD67: =MOD(BC67-BB67,1)*24 | BE67: 1 | BF67: 0.24097222 | BG67: 0.73819444 | BH67: =MOD(BG67-BF67,1)*24 | BI67: 1 | BJ67: 0.24236111 | BK67: 0.74444444 | BL67: =MOD(BK67-BJ67,1)*24 | BM67: 1 | BN67: 0.24583333 | BO67: 0.74791667 | BP67: =MOD(BO67-BN67,1)*24 | BQ67: 1 | BR67: 0.24722222 | BS67: 0.74513889 | BT67: =MOD(BS67-BR67,1)*24 | BU67: 1 | BV67: 0.24513889 | BW67: 0.74652778 | BX67: =MOD(BW67-BV67,1)*24 | BY67: 1 | BZ67: 0.24652778 | CA67: 0.76597222 | CB67: =MOD(CA67-BZ67,1)*24 | CC67: 1 | CD67: 0.24652778 | CE67: 0.74791667 | CF67: =MOD(CE67-CD67,1)*24 | CG67: 1 | CH67: 0.24652778 | CI67: 0.74375 | CJ67: =MOD(CI67-CH67,1)*24 | CK67: 1 | CL67: 0.24652778 | CM67: 0.74652778 | CN67: =MOD(CM67-CL67,1)*24 | CO67: 1 | CP67: 0.24652778 | CQ67: 0.74583333 | CR67: =MOD(CQ67-CP67,1)*24 | CS67: 1 | CT67: 0.24722222 | CU67: 0.74444444 | CV67: =MOD(CU67-CT67,1)*24 | CW67: 1 | CX67: 0.24652778 | CY67: 0.74444444 | CZ67: =MOD(CY67-CX67,1)*24 | DA67: 1 | DB67: 0.24027778 | DC67: 0.74444444 | DD67: =MOD(DC67-DB67,1)*24 | DE67: 1 | DF67: 0.24652778 | DG67: 0.74513889 | DH67: =MOD(DG67-DF67,1)*24 | DI67: 1 | DJ67: 0.24444444 | DK67: 0.73888889 | DL67: =MOD(DK67-DJ67,1)*24 | DM67: 1 | DN67: 0.24652778 | DO67: 0.74583333 | DP67: =MOD(DO67-DN67,1)*24 | DQ67: 1 | DR67: 0.24652778 | DS67: 0.74513889 | DT67: =MOD(DS67-DR67,1)*24 | DU67: 1 | DV67: =SUM(H67,L67,P67,T67,X67,AB67,AF67,AJ67,AN67,AR67,AV67,AZ67,BD67,BH67,BL67,BP67,BT67,BX67,CB67,CF67,CJ67,CN67,CR67,CV67,CZ67,DD67,DH67,DL67,DP67,DT67) | DW67: =SUM(I67,M67,Q67,U67,Y67,AC67,AG67,AK67,AO67,AS67,AW67,BA67,BE67,BI67,BM67,BQ67,BU67,BY67,CC67,CG67,CK67,CO67,CS67,CW67,DA67,DE67,DI67,DM67,DQ67,DU67) | EB67: 迟到
A68: 五楼 | B68: 何汉秀 | C68: 60 | F68: 0.31736111 | G68: 0.74027778 | H68: =MOD(G68-F68,1)*24 | I68: 1 | J68: 0.31111111 | K68: 0.31597222 | L68: =MOD(K68-J68,1)*24 | M68: 0.5 | N68: 0.31180556 | O68: 0.74027778 | P68: =MOD(O68-N68,1)*24 | Q68: 1 | R68: 0.31736111 | S68: 0.7375 | T68: =MOD(S68-R68,1)*24 | U68: 1 | Z68: 0.30694444 | AA68: 0.7375 | AB68: =MOD(AA68-Z68,1)*24 | AC68: 1 | AD68: 0.30138889 | AE68: 0.73680556 | AF68: =MOD(AE68-AD68,1)*24 | AG68: 1 | AH68: 0.30138889 | AI68: 0.75486111 | AJ68: =MOD(AI68-AH68,1)*24 | AK68: 1 | AL68: 0.29513889 | AM68: 0.74375 | AN68: =MOD(AM68-AL68,1)*24 | AO68: 1 | AP68: 0.29652778 | AQ68: 0.75347222 | AR68: =MOD(AQ68-AP68,1)*24 | AS68: 0.5 | AT68: 0.29791667 | AU68: 0.74166667 | AV68: =MOD(AU68-AT68,1)*24 | AW68: 1 | BB68: 0.30902778 | BC68: 0.73958333 | BD68: =MOD(BC68-BB68,1)*24 | BE68: 1 | BF68: 0.30555556 | BG68: 0.75625 | BH68: =MOD(BG68-BF68,1)*24 | BI68: 1 | BJ68: 0.30625 | BK68: 0.73819444 | BL68: =MOD(BK68-BJ68,1)*24 | BM68: 1 | BN68: 0.30763889 | BO68: 0.73611111 | BP68: =MOD(BO68-BN68,1)*24 | BQ68: 1 | BR68: 0.31041667 | BS68: 0.73680556 | BT68: =MOD(BS68-BR68,1)*24 | BU68: 1 | BV68: 0.30208333 | BW68: 0.30347222 | BX68: =MOD(BW68-BV68,1)*24 | BY68: 0.5 | CD68: 0.30763889 | CE68: 0.73680556 | CF68: =MOD(CE68-CD68,1)*24 | CG68: 1 | CH68: 0.30277778 | CI68: 0.73819444 | CJ68: =MOD(CI68-CH68,1)*24 | CK68: 1 | CL68: 0.30208333 | CM68: 0.74375 | CN68: =MOD(CM68-CL68,1)*24 | CO68: 1 | CP68: 0.29027778 | CQ68: 0.74166667 | CR68: =MOD(CQ68-CP68,1)*24 | CS68: 0.5 | CT68: 0.29722222 | CU68: 0.73888889 | CV68: =MOD(CU68-CT68,1)*24 | CW68: 1 | CX68: 0.30138889 | CY68: 0.73611111 | CZ68: =MOD(CY68-CX68,1)*24 | DA68: 1 | DF68: 0.29930556 | DG68: 0.73819444 | DH68: =MOD(DG68-DF68,1)*24 | DI68: 1 | DJ68: 0.30486111 | DK68: 0.74791667 | DL68: =MOD(DK68-DJ68,1)*24 | DM68: 1 | DN68: 0.29513889 | DO68: 0.74791667 | DP68: =MOD(DO68-DN68,1)*24 | DQ68: 1 | DR68: 0.30347222 | DS68: 0.73611111 | DT68: =MOD(DS68-DR68,1)*24 | DU68: 1 | DV68: =SUM(H68,L68,P68,T68,X68,AB68,AF68,AJ68,AN68,AR68,AV68,AZ68,BD68,BH68,BL68,BP68,BT68,BX68,CB68,CF68,CJ68,CN68,CR68,CV68,CZ68,DD68,DH68,DL68,DP68,DT68) | DW68: =SUM(I68,M68,Q68,U68,Y68,AC68,AG68,AK68,AO68,AS68,AW68,BA68,BE68,BI68,BM68,BQ68,BU68,BY68,CC68,CG68,CK68,CO68,CS68,CW68,DA68,DE68,DI68,DM68,DQ68,DU68)
A69: 五楼 | B69: 何汉秀 | C69: 60 | J69: 0.75555556 | M69: 0.5 | AP69: 0.75416667 | AS69: 0.5 | BV69: 0.73680556 | BY69: 0.5 | CP69: 0.74513889 | CS69: 0.5 | DV69: =SUM(H69,L69,P69,T69,X69,AB69,AF69,AJ69,AN69,AR69,AV69,AZ69,BD69,BH69,BL69,BP69,BT69,BX69,CB69,CF69,CJ69,CN69,CR69,CV69,CZ69,DD69,DH69,DL69,DP69,DT69) | DW69: =SUM(I69,M69,Q69,U69,Y69,AC69,AG69,AK69,AO69,AS69,AW69,BA69,BE69,BI69,BM69,BQ69,BU69,BY69,CC69,CG69,CK69,CO69,CS69,CW69,DA69,DE69,DI69,DM69,DQ69,DU69)
A70: 五楼 | B70: 李春严 | C70: 61 | F70: 0.35208333 | G70: 0.73680556 | H70: =MOD(G70-F70,1)*24 | I70: 1 | J70: 0.34930556 | K70: 0.73680556 | L70: =MOD(K70-J70,1)*24 | M70: 1 | N70: 0.35 | O70: 0.73680556 | P70: =MOD(O70-N70,1)*24 | Q70: 1 | Z70: 0.35208333 | AA70: 0.73958333 | AB70: =MOD(AA70-Z70,1)*24 | AC70: 1 | AD70: 0.34652778 | AE70: 0.73611111 | AF70: =MOD(AE70-AD70,1)*24 | AG70: 1 | AH70: 0.35138889 | AI70: 0.74097222 | AJ70: =MOD(AI70-AH70,1)*24 | AK70: 1 | AL70: 0.35 | AM70: 0.7375 | AN70: =MOD(AM70-AL70,1)*24 | AO70: 1 | AP70: 0.34930556 | AS70: 0.5 | DV70: =SUM(H70,L70,P70,T70,X70,AB70,AF70,AJ70,AN70,AR70,AV70,AZ70,BD70,BH70,BL70,BP70,BT70,BX70,CB70,CF70,CJ70,CN70,CR70,CV70,CZ70,DD70,DH70,DL70,DP70,DT70) | DW70: =SUM(I70,M70,Q70,U70,Y70,AC70,AG70,AK70,AO70,AS70,AW70,BA70,BE70,BI70,BM70,BQ70,BU70,BY70,CC70,CG70,CK70,CO70,CS70,CW70,DA70,DE70,DI70,DM70,DQ70,DU70) | EK70: 只打一次卡
A71: 五楼 | B71: 姜全洪 | C71: 63 | J71: 0.35277778 | K71: 0.74097222 | L71: =MOD(K71-J71,1)*24 | M71: 1 | N71: 0.35277778 | O71: 0.82569444 | P71: =MOD(O71-N71,1)*24 | Q71: 1 | Z71: 0.35416667 | AA71: 0.74027778 | AB71: =MOD(AA71-Z71,1)*24 | AC71: 1 | AD71: 0.35277778 | AE71: 0.74444444 | AF71: =MOD(AE71-AD71,1)*24 | AG71: 1 | AH71: 0.35208333 | AI71: 0.75 | AJ71: =MOD(AI71-AH71,1)*24 | AK71: 1 | AL71: 0.35208333 | AM71: 0.73819444 | AN71: =MOD(AM71-AL71,1)*24 | AO71: 1 | AP71: 0.35138889 | AQ71: 0.74444444 | AR71: =MOD(AQ71-AP71,1)*24 | AS71: 1 | AT71: 0.35277778 | AU71: 0.7375 | AV71: =MOD(AU71-AT71,1)*24 | AW71: 1 | BB71: 0.35208333 | BC71: 0.74583333 | BD71: =MOD(BC71-BB71,1)*24 | BE71: 1 | BF71: 0.35208333 | BG71: 0.75625 | BH71: =MOD(BG71-BF71,1)*24 | BI71: 1 | BJ71: 0.35208333 | BK71: 0.76111111 | BL71: =MOD(BK71-BJ71,1)*24 | BM71: 1 | BN71: 0.35208333 | BO71: 0.74305556 | BP71: =MOD(BO71-BN71,1)*24 | BQ71: 1 | BR71: 0.35208333 | BS71: 0.74236111 | BT71: =MOD(BS71-BR71,1)*24 | BU71: 1 | BV71: 0.35208333 | BW71: 0.74444444 | BX71: =MOD(BW71-BV71,1)*24 | BY71: 1 | CD71: 0.35208333 | CE71: 0.76736111 | CF71: =MOD(CE71-CD71,1)*24 | CG71: 1 | CH71: 0.35277778 | CI71: 0.82916667 | CJ71: =MOD(CI71-CH71,1)*24 | CK71: 1 | CL71: 0.35208333 | CM71: 0.82986111 | CN71: =MOD(CM71-CL71,1)*24 | CO71: 1 | CP71: 0.35138889 | CQ71: 0.81944444 | CR71: =MOD(CQ71-CP71,1)*24 | CS71: 1 | CT71: 0.35208333 | CU71: 0.83263889 | CV71: =MOD(CU71-CT71,1)*24 | CW71: 1 | CX71: 0.35208333 | CY71: 0.80555556 | CZ71: =MOD(CY71-CX71,1)*24 | DA71: 1 | DF71: 0.35277778 | DG71: 0.92013889 | DH71: =MOD(DG71-DF71,1)*24 | DI71: 1 | DJ71: 0.35138889 | DK71: 0.87638889 | DL71: =MOD(DK71-DJ71,1)*24 | DM71: 1 | DN71: 0.35277778 | DO71: 0.87013889 | DP71: =MOD(DO71-DN71,1)*24 | DQ71: 1 | DR71: 0.35208333 | DS71: 0.83611111 | DT71: =MOD(DS71-DR71,1)*24 | DU71: 1 | DV71: =SUM(H71,L71,P71,T71,X71,AB71,AF71,AJ71,AN71,AR71,AV71,AZ71,BD71,BH71,BL71,BP71,BT71,BX71,CB71,CF71,CJ71,CN71,CR71,CV71,CZ71,DD71,DH71,DL71,DP71,DT71) | DW71: =SUM(I71,M71,Q71,U71,Y71,AC71,AG71,AK71,AO71,AS71,AW71,BA71,BE71,BI71,BM71,BQ71,BU71,BY71,CC71,CG71,CK71,CO71,CS71,CW71,DA71,DE71,DI71,DM71,DQ71,DU71)
A72: 五楼 | B72: 李丰希 | C72: 64 | F72: 0.35138889 | G72: 0.74930556 | H72: =MOD(G72-F72,1)*24 | I72: 1 | J72: 0.31111111 | K72: 0.90277778 | L72: =MOD(K72-J72,1)*24 | M72: 1 | N72: 0.35277778 | O72: 0.76458333 | P72: =MOD(O72-N72,1)*24 | Q72: 1 | Z72: 0.35347222 | AA72: 0.73958333 | AB72: =MOD(AA72-Z72,1)*24 | AC72: 1 | AD72: 0.35486111 | AE72: 0.74861111 | AF72: =MOD(AE72-AD72,1)*24 | AG72: 1 | AH72: 0.35347222 | AI72: 0.76041667 | AJ72: =MOD(AI72-AH72,1)*24 | AK72: 1 | AL72: 0.35416667 | AM72: 0.73819444 | AN72: =MOD(AM72-AL72,1)*24 | AO72: 1 | AP72: 0.35347222 | AQ72: 0.79166667 | AR72: =MOD(AQ72-AP72,1)*24 | AS72: 0.5 | AT72: 0.35347222 | AU72: 0.77430556 | AV72: =MOD(AU72-AT72,1)*24 | AW72: 0.5 | BB72: 0.35347222 | BC72: 0.82777778 | BD72: =MOD(BC72-BB72,1)*24 | BE72: 1 | BF72: 0.35347222 | BG72: 0.83888889 | BH72: =MOD(BG72-BF72,1)*24 | BI72: 1 | BJ72: 0.35416667 | BK72: 0.78958333 | BL72: =MOD(BK72-BJ72,1)*24 | BM72: 1 | BN72: 0.79513889 | BQ72: 0.5 | BR72: 0.35486111 | BU72: 0.5 | BV72: 0.35 | BW72: 0.75763889 | BX72: =MOD(BW72-BV72,1)*24 | BY72: 1 | CD72: 0.35208333 | CE72: 0.74722222 | CF72: =MOD(CE72-CD72,1)*24 | CG72: 1 | CH72: 0.35416667 | CI72: 0.75902778 | CJ72: =MOD(CI72-CH72,1)*24 | CK72: 1 | CL72: 0.35555556 | CM72: 0.76319444 | CN72: =MOD(CM72-CL72,1)*24 | CO72: 1 | CP72: 0.35347222 | CQ72: 0.74166667 | CR72: =MOD(CQ72-CP72,1)*24 | CS72: 1 | CT72: 0.35486111 | CU72: 0.74513889 | CV72: =MOD(CU72-CT72,1)*24 | CW72: 1 | CX72: 0.35486111 | CY72: 0.73611111 | CZ72: =MOD(CY72-CX72,1)*24 | DA72: 1 | DF72: 0.35486111 | DG72: 0.77638889 | DH72: =MOD(DG72-DF72,1)*24 | DI72: 1 | DJ72: 0.35555556 | DK72: 0.77013889 | DL72: =MOD(DK72-DJ72,1)*24 | DM72: 1 | DN72: 0.35625 | DO72: 0.74236111 | DP72: =MOD(DO72-DN72,1)*24 | DQ72: 1 | DR72: 0.35763889 | DS72: 0.77152778 | DT72: =MOD(DS72-DR72,1)*24 | DU72: 1 | DV72: =SUM(H72,L72,P72,T72,X72,AB72,AF72,AJ72,AN72,AR72,AV72,AZ72,BD72,BH72,BL72,BP72,BT72,BX72,CB72,CF72,CJ72,CN72,CR72,CV72,CZ72,DD72,DH72,DL72,DP72,DT72) | DW72: =SUM(I72,M72,Q72,U72,Y72,AC72,AG72,AK72,AO72,AS72,AW72,BA72,BE72,BI72,BM72,BQ72,BU72,BY72,CC72,CG72,CK72,CO72,CS72,CW72,DA72,DE72,DI72,DM72,DQ72,DU72) | EH72: 迟到 | EQ72: 只打一次卡 | ER72: 只打一次卡 | EW72: 迟到 | EY72: 迟到 | EZ72: 迟到 | FB72: 迟到 | FC72: 迟到 | FD72: 迟到 | FE72: 迟到
A73: 五楼 | B73: 李丰希 | C73: 64 | AP73: 0.82569444 | AS73: 0.5 | AT73: 0.77569444 | AW73: 0.5 | DV73: =SUM(H73,L73,P73,T73,X73,AB73,AF73,AJ73,AN73,AR73,AV73,AZ73,BD73,BH73,BL73,BP73,BT73,BX73,CB73,CF73,CJ73,CN73,CR73,CV73,CZ73,DD73,DH73,DL73,DP73,DT73) | DW73: =SUM(I73,M73,Q73,U73,Y73,AC73,AG73,AK73,AO73,AS73,AW73,BA73,BE73,BI73,BM73,BQ73,BU73,BY73,CC73,CG73,CK73,CO73,CS73,CW73,DA73,DE73,DI73,DM73,DQ73,DU73)
A74: 五楼 | B74: 许军 | C74: 65 | J74: 0.30833333 | K74: 0.90277778 | L74: =MOD(K74-J74,1)*24 | M74: 1 | N74: 0.34791667 | Q74: 0.5 | R74: 0.35208333 | S74: 0.73680556 | T74: =MOD(S74-R74,1)*24 | U74: 1 | Z74: 0.34166667 | AA74: 0.81736111 | AB74: =MOD(AA74-Z74,1)*24 | AC74: 1 | AD74: 0.34861111 | AE74: 0.77083333 | AF74: =MOD(AE74-AD74,1)*24 | AG74: 0.5 | AH74: 0.34930556 | AI74: 0.74236111 | AJ74: =MOD(AI74-AH74,1)*24 | AK74: 1 | AX74: 0.5375 | AY74: 0.73888889 | AZ74: =MOD(AY74-AX74,1)*24 | BA74: 0.5 | BB74: 0.34791667 | BC74: 0.75416667 | BD74: =MOD(BC74-BB74,1)*24 | BE74: 1 | BF74: 0.34722222 | BG74: 0.82916667 | BH74: =MOD(BG74-BF74,1)*24 | BI74: 1 | BJ74: 0.35 | BK74: 0.81180556 | BL74: =MOD(BK74-BJ74,1)*24 | BM74: 1 | BN74: 0.35555556 | BO74: 0.74097222 | BP74: =MOD(BO74-BN74,1)*24 | BQ74: 1 | BV74: 0.34930556 | BW74: 0.74166667 | BX74: =MOD(BW74-BV74,1)*24 | BY74: 0.5 | CD74: 0.33680556 | CE74: 0.76666667 | CF74: =MOD(CE74-CD74,1)*24 | CG74: 1 | CH74: 0.35208333 | CI74: 0.75416667 | CJ74: =MOD(CI74-CH74,1)*24 | CK74: 0.5 | CL74: 0.34791667 | CM74: 0.75138889 | CN74: =MOD(CM74-CL74,1)*24 | CO74: 1 | CP74: 0.34930556 | CQ74: 0.75416667 | CR74: =MOD(CQ74-CP74,1)*24 | CS74: 0.5 | CT74: 0.34583333 | CU74: 0.73958333 | CV74: =MOD(CU74-CT74,1)*24 | CW74: 1 | CX74: 0.34722222 | CY74: 0.73958333 | CZ74: =MOD(CY74-CX74,1)*24 | DA74: 1 | DB74: 0.53333333 | DC74: 0.73680556 | DD74: =MOD(DC74-DB74,1)*24 | DE74: 0.5 | DF74: 0.35208333 | DG74: 0.77569444 | DH74: =MOD(DG74-DF74,1)*24 | DI74: 1 | DJ74: 0.35069444 | DK74: 0.73819444 | DL74: =MOD(DK74-DJ74,1)*24 | DM74: 0.5 | DN74: 0.34930556 | DO74: 0.87013889 | DP74: =MOD(DO74-DN74,1)*24 | DQ74: 1 | DR74: 0.35069444 | DS74: 0.83611111 | DT74: =MOD(DS74-DR74,1)*24 | DU74: 1 | DV74: =SUM(H74,L74,P74,T74,X74,AB74,AF74,AJ74,AN74,AR74,AV74,AZ74,BD74,BH74,BL74,BP74,BT74,BX74,CB74,CF74,CJ74,CN74,CR74,CV74,CZ74,DD74,DH74,DL74,DP74,DT74) | DW74: =SUM(I74,M74,Q74,U74,Y74,AC74,AG74,AK74,AO74,AS74,AW74,BA74,BE74,BI74,BM74,BQ74,BU74,BY74,CC74,CG74,CK74,CO74,CS74,CW74,DA74,DE74,DI74,DM74,DQ74,DU74) | ED74: 只打一次卡 | EM74: 迟到 | EQ74: 迟到 | FA74: 迟到
A75: 五楼 | B75: 许军 | C75: 65 | AD75: 0.83125 | AG75: 0.5 | BV75: 0.80694444 | BY75: 0.5 | CH75: 0.84375 | CK75: 0.5 | CP75: 0.83194444 | CS75: 0.5 | DJ75: 0.84027778 | DM75: 0.5 | DV75: =SUM(H75,L75,P75,T75,X75,AB75,AF75,AJ75,AN75,AR75,AV75,AZ75,BD75,BH75,BL75,BP75,BT75,BX75,CB75,CF75,CJ75,CN75,CR75,CV75,CZ75,DD75,DH75,DL75,DP75,DT75) | DW75: =SUM(I75,M75,Q75,U75,Y75,AC75,AG75,AK75,AO75,AS75,AW75,BA75,BE75,BI75,BM75,BQ75,BU75,BY75,CC75,CG75,CK75,CO75,CS75,CW75,DA75,DE75,DI75,DM75,DQ75,DU75)
A76: 五楼 | B76: 王美镪 | C76: 66 | CD76: 0.35902778 | CE76: 0.74791667 | CF76: =MOD(CE76-CD76,1)*24 | CG76: 1 | CH76: 0.34652778 | CI76: 0.73819444 | CJ76: =MOD(CI76-CH76,1)*24 | CK76: 1 | CL76: 0.35 | CM76: 0.74236111 | CN76: =MOD(CM76-CL76,1)*24 | CO76: 1 | CP76: 0.34722222 | CQ76: 0.74166667 | CR76: =MOD(CQ76-CP76,1)*24 | CS76: 1 | CT76: 0.34861111 | CU76: 0.74513889 | CV76: =MOD(CU76-CT76,1)*24 | CW76: 1 | CX76: 0.34722222 | CY76: 0.73611111 | CZ76: =MOD(CY76-CX76,1)*24 | DA76: 1 | DF76: 0.34791667 | DG76: 0.73611111 | DH76: =MOD(DG76-DF76,1)*24 | DI76: 1 | DJ76: 0.34930556 | DK76: 0.74652778 | DL76: =MOD(DK76-DJ76,1)*24 | DM76: 1 | DN76: 0.35069444 | DO76: 0.73958333 | DP76: =MOD(DO76-DN76,1)*24 | DQ76: 1 | DR76: 0.34861111 | DS76: 0.73888889 | DT76: =MOD(DS76-DR76,1)*24 | DU76: 1 | DV76: =SUM(H76,L76,P76,T76,X76,AB76,AF76,AJ76,AN76,AR76,AV76,AZ76,BD76,BH76,BL76,BP76,BT76,BX76,CB76,CF76,CJ76,CN76,CR76,CV76,CZ76,DD76,DH76,DL76,DP76,DT76) | DW76: =SUM(I76,M76,Q76,U76,Y76,AC76,AG76,AK76,AO76,AS76,AW76,BA76,BE76,BI76,BM76,BQ76,BU76,BY76,CC76,CG76,CK76,CO76,CS76,CW76,DA76,DE76,DI76,DM76,DQ76,DU76) | EU76: 迟到
A77: 五楼 | B77: 黄义晴 | C77: 67 | F77: 0.34791667 | G77: 0.73680556 | H77: =MOD(G77-F77,1)*24 | I77: 1 | J77: 0.34652778 | K77: 0.73611111 | L77: =MOD(K77-J77,1)*24 | M77: 1 | N77: 0.34722222 | O77: 0.73958333 | P77: =MOD(O77-N77,1)*24 | Q77: 1 | Z77: 0.34513889 | AA77: 0.73611111 | AB77: =MOD(AA77-Z77,1)*24 | AC77: 1 | AD77: 0.34375 | AE77: 0.73819444 | AF77: =MOD(AE77-AD77,1)*24 | AG77: 1 | AH77: 0.34444444 | AI77: 0.73611111 | AJ77: =MOD(AI77-AH77,1)*24 | AK77: 1 | AL77: 0.34583333 | AM77: 0.73611111 | AN77: =MOD(AM77-AL77,1)*24 | AO77: 1 | AP77: 0.34444444 | AQ77: 0.73680556 | AR77: =MOD(AQ77-AP77,1)*24 | AS77: 1 | AT77: 0.34513889 | AU77: 0.73680556 | AV77: =MOD(AU77-AT77,1)*24 | AW77: 1 | BB77: 0.34375 | BC77: 0.73680556 | BD77: =MOD(BC77-BB77,1)*24 | BE77: 1 | BF77: 0.34305556 | BG77: 0.73611111 | BH77: =MOD(BG77-BF77,1)*24 | BI77: 1 | BJ77: 0.34513889 | BK77: 0.73680556 | BL77: =MOD(BK77-BJ77,1)*24 | BM77: 1 | BN77: 0.34444444 | BO77: 0.73611111 | BP77: =MOD(BO77-BN77,1)*24 | BQ77: 1 | BR77: 0.34444444 | BS77: 0.73888889 | BT77: =MOD(BS77-BR77,1)*24 | BU77: 1 | BV77: 0.34375 | BW77: 0.73680556 | BX77: =MOD(BW77-BV77,1)*24 | BY77: 1 | CD77: 0.34652778 | CE77: 0.73680556 | CF77: =MOD(CE77-CD77,1)*24 | CG77: 1 | CH77: 0.34652778 | CI77: 0.73680556 | CJ77: =MOD(CI77-CH77,1)*24 | CK77: 1 | CL77: 0.34791667 | CM77: 0.73680556 | CN77: =MOD(CM77-CL77,1)*24 | CO77: 1 | CP77: 0.34652778 | CQ77: 0.73611111 | CR77: =MOD(CQ77-CP77,1)*24 | CS77: 1 | CT77: 0.33888889 | CU77: 0.73680556 | CV77: =MOD(CU77-CT77,1)*24 | CW77: 1 | CX77: 0.34722222 | CY77: 0.73680556 | CZ77: =MOD(CY77-CX77,1)*24 | DA77: 1 | DF77: 0.34652778 | DG77: 0.74375 | DH77: =MOD(DG77-DF77,1)*24 | DI77: 1 | DJ77: 0.34722222 | DK77: 0.73680556 | DL77: =MOD(DK77-DJ77,1)*24 | DM77: 1 | DN77: 0.34722222 | DO77: 0.73819444 | DP77: =MOD(DO77-DN77,1)*24 | DQ77: 1 | DR77: 0.33958333 | DS77: 0.92083333 | DT77: =MOD(DS77-DR77,1)*24 | DU77: 1 | DV77: =SUM(H77,L77,P77,T77,X77,AB77,AF77,AJ77,AN77,AR77,AV77,AZ77,BD77,BH77,BL77,BP77,BT77,BX77,CB77,CF77,CJ77,CN77,CR77,CV77,CZ77,DD77,DH77,DL77,DP77,DT77) | DW77: =SUM(I77,M77,Q77,U77,Y77,AC77,AG77,AK77,AO77,AS77,AW77,BA77,BE77,BI77,BM77,BQ77,BU77,BY77,CC77,CG77,CK77,CO77,CS77,CW77,DA77,DE77,DI77,DM77,DQ77,DU77)
A78: 五楼 | B78: 何绍奇 | C78: 69 | F78: 0.34930556 | G78: 0.7375 | H78: =MOD(G78-F78,1)*24 | I78: 1 | J78: 0.34930556 | K78: 0.73680556 | L78: =MOD(K78-J78,1)*24 | M78: 1 | N78: 0.34930556 | O78: 0.73958333 | P78: =MOD(O78-N78,1)*24 | Q78: 1 | Z78: 0.34861111 | AA78: 0.7375 | AB78: =MOD(AA78-Z78,1)*24 | AC78: 1 | AD78: 0.34930556 | AE78: 0.73958333 | AF78: =MOD(AE78-AD78,1)*24 | AG78: 1 | AH78: 0.34791667 | AI78: 0.74444444 | AJ78: =MOD(AI78-AH78,1)*24 | AK78: 1 | AL78: 0.34583333 | AM78: 0.7375 | AN78: =MOD(AM78-AL78,1)*24 | AO78: 1 | AP78: 0.35 | AQ78: 0.7375 | AR78: =MOD(AQ78-AP78,1)*24 | AS78: 1 | AT78: 0.35 | AU78: 0.73819444 | AV78: =MOD(AU78-AT78,1)*24 | AW78: 1 | BB78: 0.34652778 | BC78: 0.7375 | BD78: =MOD(BC78-BB78,1)*24 | BE78: 1 | BF78: 0.34791667 | BG78: 0.73819444 | BH78: =MOD(BG78-BF78,1)*24 | BI78: 1 | BJ78: 0.34722222 | BK78: 0.75625 | BL78: =MOD(BK78-BJ78,1)*24 | BM78: 1 | BN78: 0.34791667 | BO78: 0.7375 | BP78: =MOD(BO78-BN78,1)*24 | BQ78: 1 | BR78: 0.34791667 | BS78: 0.74097222 | BT78: =MOD(BS78-BR78,1)*24 | BU78: 1 | BV78: 0.34791667 | BW78: 0.73819444 | BX78: =MOD(BW78-BV78,1)*24 | BY78: 1 | CD78: 0.34861111 | CE78: 0.73819444 | CF78: =MOD(CE78-CD78,1)*24 | CG78: 1 | CH78: 0.34652778 | CI78: 0.74305556 | CJ78: =MOD(CI78-CH78,1)*24 | CK78: 1 | CL78: 0.34791667 | CM78: 0.73819444 | CN78: =MOD(CM78-CL78,1)*24 | CO78: 1 | CP78: 0.34791667 | CQ78: 0.74097222 | CR78: =MOD(CQ78-CP78,1)*24 | CS78: 1 | CX78: 0.34791667 | CY78: 0.7375 | CZ78: =MOD(CY78-CX78,1)*24 | DA78: 1 | DB78: 0.35138889 | DC78: 0.73611111 | DD78: =MOD(DC78-DB78,1)*24 | DE78: 1 | DF78: 0.34861111 | DG78: 0.73611111 | DH78: =MOD(DG78-DF78,1)*24 | DI78: 1 | DJ78: 0.34861111 | DK78: 0.73680556 | DL78: =MOD(DK78-DJ78,1)*24 | DM78: 1 | DN78: 0.34930556 | DO78: 0.73958333 | DP78: =MOD(DO78-DN78,1)*24 | DQ78: 1 | DR78: 0.34861111 | DS78: 0.73958333 | DT78: =MOD(DS78-DR78,1)*24 | DU78: 1 | DV78: =SUM(H78,L78,P78,T78,X78,AB78,AF78,AJ78,AN78,AR78,AV78,AZ78,BD78,BH78,BL78,BP78,BT78,BX78,CB78,CF78,CJ78,CN78,CR78,CV78,CZ78,DD78,DH78,DL78,DP78,DT78) | DW78: =SUM(I78,M78,Q78,U78,Y78,AC78,AG78,AK78,AO78,AS78,AW78,BA78,BE78,BI78,BM78,BQ78,BU78,BY78,CC78,CG78,CK78,CO78,CS78,CW78,DA78,DE78,DI78,DM78,DQ78,DU78)
A79: 五楼 | B79: 旷星琪 | C79: 70 | F79: 0.34097222 | G79: 0.73611111 | H79: =MOD(G79-F79,1)*24 | I79: 1 | J79: 0.33819444 | K79: 0.73611111 | L79: =MOD(K79-J79,1)*24 | M79: 1 | N79: 0.33888889 | O79: 0.73611111 | P79: =MOD(O79-N79,1)*24 | Q79: 1 | Z79: 0.34652778 | AA79: 0.73611111 | AB79: =MOD(AA79-Z79,1)*24 | AC79: 1 | AD79: 0.34097222 | AE79: 0.73611111 | AF79: =MOD(AE79-AD79,1)*24 | AG79: 1 | AH79: 0.34097222 | AI79: 0.73611111 | AJ79: =MOD(AI79-AH79,1)*24 | AK79: 1 | AL79: 0.33819444 | AM79: 0.73611111 | AN79: =MOD(AM79-AL79,1)*24 | AO79: 1 | AP79: 0.33819444 | AQ79: 0.73611111 | AR79: =MOD(AQ79-AP79,1)*24 | AS79: 1 | AT79: 0.33888889 | AU79: 0.73611111 | AV79: =MOD(AU79-AT79,1)*24 | AW79: 1 | BB79: 0.34097222 | BC79: 0.73611111 | BD79: =MOD(BC79-BB79,1)*24 | BE79: 1 | BF79: 0.33958333 | BG79: 0.73611111 | BH79: =MOD(BG79-BF79,1)*24 | BI79: 1 | BJ79: 0.34097222 | BK79: 0.73611111 | BL79: =MOD(BK79-BJ79,1)*24 | BM79: 1 | BN79: 0.33888889 | BO79: 0.73611111 | BP79: =MOD(BO79-BN79,1)*24 | BQ79: 1 | BR79: 0.33819444 | BS79: 0.77291667 | BT79: =MOD(BS79-BR79,1)*24 | BU79: 1 | BV79: 0.33611111 | BW79: 0.73611111 | BX79: =MOD(BW79-BV79,1)*24 | BY79: 1 | CD79: 0.34166667 | CE79: 0.73611111 | CF79: =MOD(CE79-CD79,1)*24 | CG79: 1 | CH79: 0.33472222 | CI79: 0.73611111 | CJ79: =MOD(CI79-CH79,1)*24 | CK79: 1 | CL79: 0.33958333 | CM79: 0.73611111 | CN79: =MOD(CM79-CL79,1)*24 | CO79: 1 | CP79: 0.33819444 | CQ79: 0.73611111 | CR79: =MOD(CQ79-CP79,1)*24 | CS79: 1 | CT79: 0.33541667 | CU79: 0.73611111 | CV79: =MOD(CU79-CT79,1)*24 | CW79: 1 | CX79: 0.33888889 | CY79: 0.73611111 | CZ79: =MOD(CY79-CX79,1)*24 | DA79: 1 | DF79: 0.33819444 | DG79: 0.73611111 | DH79: =MOD(DG79-DF79,1)*24 | DI79: 1 | DJ79: 0.33819444 | DK79: 0.73611111 | DL79: =MOD(DK79-DJ79,1)*24 | DM79: 1 | DN79: 0.3375 | DO79: 0.73611111 | DP79: =MOD(DO79-DN79,1)*24 | DQ79: 1 | DR79: 0.33541667 | DU79: 0.5 | DV79: =SUM(H79,L79,P79,T79,X79,AB79,AF79,AJ79,AN79,AR79,AV79,AZ79,BD79,BH79,BL79,BP79,BT79,BX79,CB79,CF79,CJ79,CN79,CR79,CV79,CZ79,DD79,DH79,DL79,DP79,DT79) | DW79: =SUM(I79,M79,Q79,U79,Y79,AC79,AG79,AK79,AO79,AS79,AW79,BA79,BE79,BI79,BM79,BQ79,BU79,BY79,CC79,CG79,CK79,CO79,CS79,CW79,DA79,DE79,DI79,DM79,DQ79,DU79) | FE79: 只打一次卡
A80: 五楼 | B80: 陈昌容 | C80: 73 | F80: 0.35069444 | G80: 0.73611111 | H80: =MOD(G80-F80,1)*24 | I80: 1 | J80: 0.34513889 | K80: 0.73680556 | L80: =MOD(K80-J80,1)*24 | M80: 1 | N80: 0.34097222 | O80: 0.7375 | P80: =MOD(O80-N80,1)*24 | Q80: 1 | R80: 0.3375 | S80: 0.73611111 | T80: =MOD(S80-R80,1)*24 | U80: 1 | AD80: 0.34166667 | AE80: 0.73680556 | AF80: =MOD(AE80-AD80,1)*24 | AG80: 1 | AH80: 0.34375 | AI80: 0.73819444 | AJ80: =MOD(AI80-AH80,1)*24 | AK80: 1 | AL80: 0.34513889 | AM80: 0.74236111 | AN80: =MOD(AM80-AL80,1)*24 | AO80: 1 | AP80: 0.34652778 | AQ80: 0.7375 | AR80: =MOD(AQ80-AP80,1)*24 | AS80: 1 | AT80: 0.34722222 | AU80: 0.73680556 | AV80: =MOD(AU80-AT80,1)*24 | AW80: 1 | BB80: 0.34097222 | BC80: 0.73680556 | BD80: =MOD(BC80-BB80,1)*24 | BE80: 1 | BF80: 0.34305556 | BG80: 0.73680556 | BH80: =MOD(BG80-BF80,1)*24 | BI80: 1 | BJ80: 0.34791667 | BK80: 0.73680556 | BL80: =MOD(BK80-BJ80,1)*24 | BM80: 1 | BN80: 0.34791667 | BO80: 0.73680556 | BP80: =MOD(BO80-BN80,1)*24 | BQ80: 1 | BR80: 0.34722222 | BS80: 0.73680556 | BT80: =MOD(BS80-BR80,1)*24 | BU80: 1 | BV80: 0.34375 | BW80: 0.73680556 | BX80: =MOD(BW80-BV80,1)*24 | BY80: 1 | CD80: 0.34652778 | CE80: 0.73680556 | CF80: =MOD(CE80-CD80,1)*24 | CG80: 1 | CH80: 0.34305556 | CI80: 0.73680556 | CJ80: =MOD(CI80-CH80,1)*24 | CK80: 1 | CL80: 0.34513889 | CM80: 0.73680556 | CN80: =MOD(CM80-CL80,1)*24 | CO80: 1 | CP80: 0.27847222 | CQ80: 0.34861111 | CR80: =MOD(CQ80-CP80,1)*24 | CS80: 0.5 | CT80: 0.34513889 | CU80: 0.73680556 | CV80: =MOD(CU80-CT80,1)*24 | CW80: 1 | CX80: 0.34375 | CY80: 0.73888889 | CZ80: =MOD(CY80-CX80,1)*24 | DA80: 1 | DF80: 0.34444444 | DG80: 0.73819444 | DH80: =MOD(DG80-DF80,1)*24 | DI80: 1 | DJ80: 0.34791667 | DK80: 0.73680556 | DL80: =MOD(DK80-DJ80,1)*24 | DM80: 1 | DN80: 0.34375 | DO80: 0.74166667 | DP80: =MOD(DO80-DN80,1)*24 | DQ80: 1 | DR80: 0.34583333 | DS80: 0.96527778 | DT80: =MOD(DS80-DR80,1)*24 | DU80: 1 | DV80: =SUM(H80,L80,P80,T80,X80,AB80,AF80,AJ80,AN80,AR80,AV80,AZ80,BD80,BH80,BL80,BP80,BT80,BX80,CB80,CF80,CJ80,CN80,CR80,CV80,CZ80,DD80,DH80,DL80,DP80,DT80) | DW80: =SUM(I80,M80,Q80,U80,Y80,AC80,AG80,AK80,AO80,AS80,AW80,BA80,BE80,BI80,BM80,BQ80,BU80,BY80,CC80,CG80,CK80,CO80,CS80,CW80,DA80,DE80,DI80,DM80,DQ80,DU80) | EX80: 早退
A81: 五楼 | B81: 吴洪伟 | C81: 78 | F81: 0.34375 | G81: 0.93055556 | H81: =MOD(G81-F81,1)*24 | I81: 1 | J81: 0.33958333 | K81: 0.74791667 | L81: =MOD(K81-J81,1)*24 | M81: 1 | N81: 0.34236111 | O81: 0.73680556 | P81: =MOD(O81-N81,1)*24 | Q81: 1 | Z81: 0.34444444 | AC81: 0.5 | AD81: 0.3375 | AE81: 0.7375 | AF81: =MOD(AE81-AD81,1)*24 | AG81: 1 | AH81: 0.34097222 | AI81: 0.75486111 | AJ81: =MOD(AI81-AH81,1)*24 | AK81: 1 | AX81: 0.33680556 | BA81: 0.5 | BB81: 0.34166667 | BC81: 0.74166667 | BD81: =MOD(BC81-BB81,1)*24 | BE81: 1 | BF81: 0.34513889 | BG81: 0.74722222 | BH81: =MOD(BG81-BF81,1)*24 | BI81: 1 | BJ81: 0.34375 | BK81: 0.80625 | BL81: =MOD(BK81-BJ81,1)*24 | BM81: 1 | BN81: 0.34513889 | BO81: 0.74513889 | BP81: =MOD(BO81-BN81,1)*24 | BQ81: 1 | BR81: 0.33888889 | BS81: 0.73819444 | BT81: =MOD(BS81-BR81,1)*24 | BU81: 1 | BV81: 0.34236111 | BW81: 0.73888889 | BX81: =MOD(BW81-BV81,1)*24 | BY81: 1 | CD81: 0.33472222 | CE81: 0.74791667 | CF81: =MOD(CE81-CD81,1)*24 | CG81: 1 | CH81: 0.34930556 | CI81: 0.74027778 | CJ81: =MOD(CI81-CH81,1)*24 | CK81: 1 | CL81: 0.34166667 | CM81: 0.74097222 | CN81: =MOD(CM81-CL81,1)*24 | CO81: 1 | CP81: 0.34166667 | CQ81: 0.75277778 | CR81: =MOD(CQ81-CP81,1)*24 | CS81: 1 | CT81: 0.35 | CU81: 0.75347222 | CV81: =MOD(CU81-CT81,1)*24 | CW81: 1 | CX81: 0.33472222 | CY81: 0.82013889 | CZ81: =MOD(CY81-CX81,1)*24 | DA81: 1 | DB81: 0.34375 | DC81: 0.74027778 | DD81: =MOD(DC81-DB81,1)*24 | DE81: 1 | DJ81: 0.34722222 | DK81: 0.74930556 | DL81: =MOD(DK81-DJ81,1)*24 | DM81: 1 | DN81: 0.34375 | DO81: 0.73819444 | DP81: =MOD(DO81-DN81,1)*24 | DQ81: 1 | DR81: 0.34375 | DS81: 0.74375 | DT81: =MOD(DS81-DR81,1)*24 | DU81: 1 | DV81: =SUM(H81,L81,P81,T81,X81,AB81,AF81,AJ81,AN81,AR81,AV81,AZ81,BD81,BH81,BL81,BP81,BT81,BX81,CB81,CF81,CJ81,CN81,CR81,CV81,CZ81,DD81,DH81,DL81,DP81,DT81) | DW81: =SUM(I81,M81,Q81,U81,Y81,AC81,AG81,AK81,AO81,AS81,AW81,BA81,BE81,BI81,BM81,BQ81,BU81,BY81,CC81,CG81,CK81,CO81,CS81,CW81,DA81,DE81,DI81,DM81,DQ81,DU81) | EG81: 只打一次卡 | EM81: 只打一次卡
A82: 五楼 | B82: 熊壮 | C82: 80 | F82: 0.35208333 | G82: 0.95902778 | H82: =MOD(G82-F82,1)*24 | I82: 1 | J82: 0.35416667 | K82: 0.90833333 | L82: =MOD(K82-J82,1)*24 | M82: 1 | N82: 0.35347222 | O82: 0.75069444 | P82: =MOD(O82-N82,1)*24 | Q82: 1 | Z82: 0.35277778 | AA82: 0.85763889 | AB82: =MOD(AA82-Z82,1)*24 | AC82: 1 | AD82: 0.34930556 | AE82: 0.74027778 | AF82: =MOD(AE82-AD82,1)*24 | AG82: 1 | AH82: 0.34791667 | AI82: 0.74097222 | AJ82: =MOD(AI82-AH82,1)*24 | AK82: 1 | AT82: 0.35138889 | AU82: 0.74930556 | AV82: =MOD(AU82-AT82,1)*24 | AW82: 1 | AX82: 0.34930556 | BA82: 0.5 | BB82: 0.34027778 | BC82: 0.73819444 | BD82: =MOD(BC82-BB82,1)*24 | BE82: 0.5 | BF82: 0.35416667 | BG82: 0.82847222 | BH82: =MOD(BG82-BF82,1)*24 | BI82: 1 | BN82: 0.325 | BO82: 0.74513889 | BP82: =MOD(BO82-BN82,1)*24 | BQ82: 1 | BR82: 0.33194444 | BS82: 0.74652778 | BT82: =MOD(BS82-BR82,1)*24 | BU82: 1 | BV82: 0.35138889 | BW82: 0.78611111 | BX82: =MOD(BW82-BV82,1)*24 | BY82: 1 | CD82: 0.35277778 | CE82: 0.82430556 | CF82: =MOD(CE82-CD82,1)*24 | CG82: 1 | CH82: 0.34027778 | CI82: 0.76875 | CJ82: =MOD(CI82-CH82,1)*24 | CK82: 1 | CL82: 0.33472222 | CM82: 0.74652778 | CN82: =MOD(CM82-CL82,1)*24 | CO82: 1 | CP82: 0.31805556 | CQ82: 0.75902778 | CR82: =MOD(CQ82-CP82,1)*24 | CS82: 1 | CT82: 0.32916667 | CU82: 0.75347222 | CV82: =MOD(CU82-CT82,1)*24 | CW82: 1 | CX82: 0.35347222 | CY82: 0.75763889 | CZ82: =MOD(CY82-CX82,1)*24 | DA82: 1 | DB82: 0.74027778 | DE82: 0.5 | DF82: 0.33819444 | DG82: 0.92152778 | DH82: =MOD(DG82-DF82,1)*24 | DI82: 1 | DJ82: 0.33819444 | DK82: 0.87291667 | DL82: =MOD(DK82-DJ82,1)*24 | DM82: 1 | DN82: 0.35208333 | DO82: 0.75902778 | DP82: =MOD(DO82-DN82,1)*24 | DQ82: 1 | DR82: 0.34930556 | DS82: 0.93194444 | DT82: =MOD(DS82-DR82,1)*24 | DU82: 1 | DV82: =SUM(H82,L82,P82,T82,X82,AB82,AF82,AJ82,AN82,AR82,AV82,AZ82,BD82,BH82,BL82,BP82,BT82,BX82,CB82,CF82,CJ82,CN82,CR82,CV82,CZ82,DD82,DH82,DL82,DP82,DT82) | DW82: =SUM(I82,M82,Q82,U82,Y82,AC82,AG82,AK82,AO82,AS82,AW82,BA82,BE82,BI82,BM82,BQ82,BU82,BY82,CC82,CG82,CK82,CO82,CS82,CW82,DA82,DE82,DI82,DM82,DQ82,DU82) | EM82: 只打一次卡 | FA82: 只打一次卡
A83: 五楼 | B83: 熊壮 | C83: 80 | BB83: 0.75694444 | BE83: 0.5 | DV83: =SUM(H83,L83,P83,T83,X83,AB83,AF83,AJ83,AN83,AR83,AV83,AZ83,BD83,BH83,BL83,BP83,BT83,BX83,CB83,CF83,CJ83,CN83,CR83,CV83,CZ83,DD83,DH83,DL83,DP83,DT83) | DW83: =SUM(I83,M83,Q83,U83,Y83,AC83,AG83,AK83,AO83,AS83,AW83,BA83,BE83,BI83,BM83,BQ83,BU83,BY83,CC83,CG83,CK83,CO83,CS83,CW83,DA83,DE83,DI83,DM83,DQ83,DU83)
A84: 五楼 | B84: 覃邦斌 | C84: 81 | F84: 0.32013889 | G84: 0.73611111 | H84: =MOD(G84-F84,1)*24 | I84: 1 | J84: 0.31597222 | K84: 0.7375 | L84: =MOD(K84-J84,1)*24 | M84: 1 | N84: 0.31805556 | O84: 0.73611111 | P84: =MOD(O84-N84,1)*24 | Q84: 1 | R84: 0.32083333 | S84: 0.73680556 | T84: =MOD(S84-R84,1)*24 | U84: 1 | Z84: 0.31944444 | AA84: 0.73611111 | AB84: =MOD(AA84-Z84,1)*24 | AC84: 1 | AD84: 0.31875 | AE84: 0.73819444 | AF84: =MOD(AE84-AD84,1)*24 | AG84: 1 | AH84: 0.31875 | AI84: 0.73611111 | AJ84: =MOD(AI84-AH84,1)*24 | AK84: 1 | AL84: 0.32152778 | AM84: 0.73611111 | AN84: =MOD(AM84-AL84,1)*24 | AO84: 1 | AP84: 0.32013889 | AQ84: 0.73680556 | AR84: =MOD(AQ84-AP84,1)*24 | AS84: 0.5 | AT84: 0.32013889 | AU84: 0.32222222 | AV84: =MOD(AU84-AT84,1)*24 | AW84: 0.5 | AX84: 0.31736111 | AY84: 0.73611111 | AZ84: =MOD(AY84-AX84,1)*24 | BA84: 1 | BB84: 0.31875 | BC84: 0.73680556 | BD84: =MOD(BC84-BB84,1)*24 | BE84: 1 | BF84: 0.32152778 | BG84: 0.73611111 | BH84: =MOD(BG84-BF84,1)*24 | BI84: 1 | BJ84: 0.31736111 | BK84: 0.73819444 | BL84: =MOD(BK84-BJ84,1)*24 | BM84: 1 | BN84: 0.31944444 | BO84: 0.73611111 | BP84: =MOD(BO84-BN84,1)*24 | BQ84: 1 | BR84: 0.32083333 | BS84: 0.73611111 | BT84: =MOD(BS84-BR84,1)*24 | BU84: 1 | BV84: 0.31805556 | BW84: 0.75208333 | BX84: =MOD(BW84-BV84,1)*24 | BY84: 1 | BZ84: 0.29930556 | CA84: 0.74166667 | CB84: =MOD(CA84-BZ84,1)*24 | CC84: 1 | CD84: 0.32152778 | CE84: 0.73611111 | CF84: =MOD(CE84-CD84,1)*24 | CG84: 1 | CH84: 0.31875 | CI84: 0.73819444 | CJ84: =MOD(CI84-CH84,1)*24 | CK84: 0.5 | CL84: 0.32152778 | CM84: 0.73611111 | CN84: =MOD(CM84-CL84,1)*24 | CO84: 1 | CP84: 0.31805556 | CQ84: 0.7375 | CR84: =MOD(CQ84-CP84,1)*24 | CS84: 1 | CT84: 0.30972222 | CU84: 0.7375 | CV84: =MOD(CU84-CT84,1)*24 | CW84: 1 | CX84: 0.30902778 | CY84: 0.73611111 | CZ84: =MOD(CY84-CX84,1)*24 | DA84: 1 | DF84: 0.31597222 | DG84: 0.31875 | DH84: =MOD(DG84-DF84,1)*24 | DI84: 0.5 | DJ84: 0.31875 | DK84: 0.73680556 | DL84: =MOD(DK84-DJ84,1)*24 | DM84: 1 | DN84: 0.31944444 | DO84: 0.73680556 | DP84: =MOD(DO84-DN84,1)*24 | DQ84: 1 | DR84: 0.31944444 | DS84: 0.73958333 | DT84: =MOD(DS84-DR84,1)*24 | DU84: 1 | DV84: =SUM(H84,L84,P84,T84,X84,AB84,AF84,AJ84,AN84,AR84,AV84,AZ84,BD84,BH84,BL84,BP84,BT84,BX84,CB84,CF84,CJ84,CN84,CR84,CV84,CZ84,DD84,DH84,DL84,DP84,DT84) | DW84: =SUM(I84,M84,Q84,U84,Y84,AC84,AG84,AK84,AO84,AS84,AW84,BA84,BE84,BI84,BM84,BQ84,BU84,BY84,CC84,CG84,CK84,CO84,CS84,CW84,DA84,DE84,DI84,DM84,DQ84,DU84)
A85: 五楼 | B85: 覃邦斌 | C85: 81 | AP85: 0.73819444 | AS85: 0.5 | AT85: 0.73611111 | AW85: 0.5 | CH85: 0.73958333 | CK85: 0.5 | DF85: 0.73611111 | DI85: 0.5 | DV85: =SUM(H85,L85,P85,T85,X85,AB85,AF85,AJ85,AN85,AR85,AV85,AZ85,BD85,BH85,BL85,BP85,BT85,BX85,CB85,CF85,CJ85,CN85,CR85,CV85,CZ85,DD85,DH85,DL85,DP85,DT85) | DW85: =SUM(I85,M85,Q85,U85,Y85,AC85,AG85,AK85,AO85,AS85,AW85,BA85,BE85,BI85,BM85,BQ85,BU85,BY85,CC85,CG85,CK85,CO85,CS85,CW85,DA85,DE85,DI85,DM85,DQ85,DU85)
A86: 五楼 | B86: 章新灯 | C86: 82 | F86: 0.34305556 | G86: 0.83055556 | H86: =MOD(G86-F86,1)*24 | I86: 1 | J86: 0.34305556 | K86: 0.74097222 | L86: =MOD(K86-J86,1)*24 | M86: 1 | N86: 0.34375 | O86: 0.83333333 | P86: =MOD(O86-N86,1)*24 | Q86: 1 | R86: 0.34027778 | S86: 0.80416667 | T86: =MOD(S86-R86,1)*24 | U86: 1 | Z86: 0.3375 | AA86: 0.81527778 | AB86: =MOD(AA86-Z86,1)*24 | AC86: 1 | AD86: 0.33680556 | AE86: 0.81458333 | AF86: =MOD(AE86-AD86,1)*24 | AG86: 1 | AH86: 0.33888889 | AI86: 0.83194444 | AJ86: =MOD(AI86-AH86,1)*24 | AK86: 1 | AL86: 0.33958333 | AM86: 0.82430556 | AN86: =MOD(AM86-AL86,1)*24 | AO86: 1 | AP86: 0.34097222 | AQ86: 0.84722222 | AR86: =MOD(AQ86-AP86,1)*24 | AS86: 1 | AT86: 0.33888889 | AU86: 0.84722222 | AV86: =MOD(AU86-AT86,1)*24 | AW86: 1 | AX86: 0.33819444 | AY86: 0.73819444 | AZ86: =MOD(AY86-AX86,1)*24 | BA86: 1 | BB86: 0.33680556 | BC86: 0.81875 | BD86: =MOD(BC86-BB86,1)*24 | BE86: 1 | BF86: 0.3375 | BG86: 0.34444444 | BH86: =MOD(BG86-BF86,1)*24 | BI86: 0.5 | BJ86: 0.33958333 | BK86: 0.74027778 | BL86: =MOD(BK86-BJ86,1)*24 | BM86: 1 | BN86: 0.33888889 | BO86: 0.80972222 | BP86: =MOD(BO86-BN86,1)*24 | BQ86: 1 | BR86: 0.34166667 | BS86: 0.80208333 | BT86: =MOD(BS86-BR86,1)*24 | BU86: 1 | BV86: 0.33958333 | BW86: 0.81319444 | BX86: =MOD(BW86-BV86,1)*24 | BY86: 1 | BZ86: 0.34097222 | CA86: 0.73680556 | CB86: =MOD(CA86-BZ86,1)*24 | CC86: 1 | CD86: 0.33680556 | CE86: 0.825 | CF86: =MOD(CE86-CD86,1)*24 | CG86: 1 | CH86: 0.34236111 | CI86: 0.83472222 | CJ86: =MOD(CI86-CH86,1)*24 | CK86: 1 | CL86: 0.34375 | CM86: 0.83125 | CN86: =MOD(CM86-CL86,1)*24 | CO86: 1 | CP86: 0.34166667 | CQ86: 0.83958333 | CR86: =MOD(CQ86-CP86,1)*24 | CS86: 1 | CT86: 0.34305556 | CU86: 0.81944444 | CV86: =MOD(CU86-CT86,1)*24 | CW86: 1 | CX86: 0.34166667 | CY86: 0.82291667 | CZ86: =MOD(CY86-CX86,1)*24 | DA86: 1 | DF86: 0.34027778 | DG86: 0.83472222 | DH86: =MOD(DG86-DF86,1)*24 | DI86: 1 | DJ86: 0.33611111 | DK86: 0.73680556 | DL86: =MOD(DK86-DJ86,1)*24 | DM86: 1 | DV86: =SUM(H86,L86,P86,T86,X86,AB86,AF86,AJ86,AN86,AR86,AV86,AZ86,BD86,BH86,BL86,BP86,BT86,BX86,CB86,CF86,CJ86,CN86,CR86,CV86,CZ86,DD86,DH86,DL86,DP86,DT86) | DW86: =SUM(I86,M86,Q86,U86,Y86,AC86,AG86,AK86,AO86,AS86,AW86,BA86,BE86,BI86,BM86,BQ86,BU86,BY86,CC86,CG86,CK86,CO86,CS86,CW86,DA86,DE86,DI86,DM86,DQ86,DU86)
A87: 五楼 | B87: 章新灯 | C87: 82 | BF87: 0.83055556 | BI87: 0.5 | DV87: =SUM(H87,L87,P87,T87,X87,AB87,AF87,AJ87,AN87,AR87,AV87,AZ87,BD87,BH87,BL87,BP87,BT87,BX87,CB87,CF87,CJ87,CN87,CR87,CV87,CZ87,DD87,DH87,DL87,DP87,DT87) | DW87: =SUM(I87,M87,Q87,U87,Y87,AC87,AG87,AK87,AO87,AS87,AW87,BA87,BE87,BI87,BM87,BQ87,BU87,BY87,CC87,CG87,CK87,CO87,CS87,CW87,DA87,DE87,DI87,DM87,DQ87,DU87)
A88: 五楼 | B88: 蒋进 | C88: 83 | F88: 0.33680556 | G88: 0.95902778 | H88: =MOD(G88-F88,1)*24 | I88: 1 | J88: 0.78611111 | K88: 0.90833333 | L88: =MOD(K88-J88,1)*24 | M88: 0.5 | N88: 0.35347222 | O88: 0.82638889 | P88: =MOD(O88-N88,1)*24 | Q88: 1 | R88: 0.74305556 | U88: 0.5 | DV88: =SUM(H88,L88,P88,T88,X88,AB88,AF88,AJ88,AN88,AR88,AV88,AZ88,BD88,BH88,BL88,BP88,BT88,BX88,CB88,CF88,CJ88,CN88,CR88,CV88,CZ88,DD88,DH88,DL88,DP88,DT88) | DW88: =SUM(I88,M88,Q88,U88,Y88,AC88,AG88,AK88,AO88,AS88,AW88,BA88,BE88,BI88,BM88,BQ88,BU88,BY88,CC88,CG88,CK88,CO88,CS88,CW88,DA88,DE88,DI88,DM88,DQ88,DU88) | EC88: 迟到 | EE88: 只打一次卡
A89: 五楼 | B89: 毛玉玲 | C89: 85 | F89: 0.35347222 | G89: 0.74652778 | H89: =MOD(G89-F89,1)*24 | I89: 1 | J89: 0.3125 | K89: 0.90277778 | L89: =MOD(K89-J89,1)*24 | M89: 1 | N89: 0.34861111 | O89: 0.74166667 | P89: =MOD(O89-N89,1)*24 | Q89: 1 | Z89: 0.34652778 | AA89: 0.73958333 | AB89: =MOD(AA89-Z89,1)*24 | AC89: 1 | AD89: 0.35416667 | AE89: 0.78333333 | AF89: =MOD(AE89-AD89,1)*24 | AG89: 1 | AH89: 0.35138889 | AI89: 0.74305556 | AJ89: =MOD(AI89-AH89,1)*24 | AK89: 1 | AL89: 0.35 | AM89: 0.75902778 | AN89: =MOD(AM89-AL89,1)*24 | AO89: 1 | AP89: 0.35069444 | AQ89: 0.8 | AR89: =MOD(AQ89-AP89,1)*24 | AS89: 1 | AT89: 0.35277778 | AU89: 0.74375 | AV89: =MOD(AU89-AT89,1)*24 | AW89: 1 | BB89: 0.35347222 | BC89: 0.74652778 | BD89: =MOD(BC89-BB89,1)*24 | BE89: 1 | BF89: 0.35069444 | BG89: 0.83125 | BH89: =MOD(BG89-BF89,1)*24 | BI89: 1 | BJ89: 0.35277778 | BK89: 0.74097222 | BL89: =MOD(BK89-BJ89,1)*24 | BM89: 1 | BN89: 0.35208333 | BO89: 0.73888889 | BP89: =MOD(BO89-BN89,1)*24 | BQ89: 1 | BR89: 0.35069444 | BS89: 0.74236111 | BT89: =MOD(BS89-BR89,1)*24 | BU89: 1 | BV89: 0.35347222 | BW89: 0.79513889 | BX89: =MOD(BW89-BV89,1)*24 | BY89: 1 | CD89: 0.35138889 | CG89: 0.5 | CH89: 0.35416667 | CI89: 0.75 | CJ89: =MOD(CI89-CH89,1)*24 | CK89: 1 | CL89: 0.75416667 | CO89: 0.5 | CP89: 0.35277778 | CQ89: 0.74236111 | CR89: =MOD(CQ89-CP89,1)*24 | CS89: 1 | CT89: 0.35347222 | CU89: 0.74444444 | CV89: =MOD(CU89-CT89,1)*24 | CW89: 1 | CX89: 0.35277778 | CY89: 0.75277778 | CZ89: =MOD(CY89-CX89,1)*24 | DA89: 1 | DF89: 0.35138889 | DI89: 0.5 | DJ89: 0.35 | DK89: 0.73888889 | DL89: =MOD(DK89-DJ89,1)*24 | DM89: 1 | DN89: 0.35138889 | DO89: 0.73888889 | DP89: =MOD(DO89-DN89,1)*24 | DQ89: 1 | DR89: 0.35347222 | DS89: 0.73958333 | DT89: =MOD(DS89-DR89,1)*24 | DU89: 1 | DV89: =SUM(H89,L89,P89,T89,X89,AB89,AF89,AJ89,AN89,AR89,AV89,AZ89,BD89,BH89,BL89,BP89,BT89,BX89,CB89,CF89,CJ89,CN89,CR89,CV89,CZ89,DD89,DH89,DL89,DP89,DT89) | DW89: =SUM(I89,M89,Q89,U89,Y89,AC89,AG89,AK89,AO89,AS89,AW89,BA89,BE89,BI89,BM89,BQ89,BU89,BY89,CC89,CG89,CK89,CO89,CS89,CW89,DA89,DE89,DI89,DM89,DQ89,DU89) | EU89: 只打一次卡 | EW89: 只打一次卡 | FB89: 只打一次卡

Sheet 汇总
A1: 姓名 | B1: 打卡地点 | C1: 一级部门 | D1: 二级部门 | E1: 岗位 | F1: 上班日期 | G1: 身份证号 | H1: 月合计小时数 | I1: 月合计分钟数 | J1: 当月打卡天数 | K1: 正常休假天数 | L1: 调休天数 | M1: 出差天数 | N1: 补卡天数 | O1: 异常打卡 | P1: 漏卡次数 | Q1: 请假天数 | R1: 出勤合计 | S1: 补卡时间 | T1: 出差时间 | U1: 请假时间 | V1: 未打卡时间 | W1: 备注
A2: 高淑文 | H2: =SUMIF('4月部门分发'!B:B,A2,'4月部门分发'!DV:DV) | I2: =H2*60 | J2: =SUMIF('4月部门分发'!B:B,A2,'4月部门分发'!DW:DW) | R2: =J2+K2+L2+M2+N2+O2+P2+Q2
A3: 伍小雪 | H3: =SUMIF('4月部门分发'!B:B,A3,'4月部门分发'!DV:DV) | I3: =H3*60 | J3: =SUMIF('4月部门分发'!B:B,A3,'4月部门分发'!DW:DW) | R3: =J3+K3+L3+M3+N3+O3+P3+Q3
A4: 邱霞 | H4: =SUMIF('4月部门分发'!B:B,A4,'4月部门分发'!DV:DV) | I4: =H4*60 | J4: =SUMIF('4月部门分发'!B:B,A4,'4月部门分发'!DW:DW) | R4: =J4+K4+L4+M4+N4+O4+P4+Q4
A5: 黄晓云 | H5: =SUMIF('4月部门分发'!B:B,A5,'4月部门分发'!DV:DV) | I5: =H5*60 | J5: =SUMIF('4月部门分发'!B:B,A5,'4月部门分发'!DW:DW) | R5: =J5+K5+L5+M5+N5+O5+P5+Q5
A6: 陈小红 | H6: =SUMIF('4月部门分发'!B:B,A6,'4月部门分发'!DV:DV) | I6: =H6*60 | J6: =SUMIF('4月部门分发'!B:B,A6,'4月部门分发'!DW:DW) | R6: =J6+K6+L6+M6+N6+O6+P6+Q6
A7: 胡娅 | H7: =SUMIF('4月部门分发'!B:B,A7,'4月部门分发'!DV:DV) | I7: =H7*60 | J7: =SUMIF('4月部门分发'!B:B,A7,'4月部门分发'!DW:DW) | R7: =J7+K7+L7+M7+N7+O7+P7+Q7
A8: 杨青青 | H8: =SUMIF('4月部门分发'!B:B,A8,'4月部门分发'!DV:DV) | I8: =H8*60 | J8: =SUMIF('4月部门分发'!B:B,A8,'4月部门分发'!DW:DW) | R8: =J8+K8+L8+M8+N8+O8+P8+Q8
A9: 向锋 | H9: =SUMIF('4月部门分发'!B:B,A9,'4月部门分发'!DV:DV) | I9: =H9*60 | J9: =SUMIF('4月部门分发'!B:B,A9,'4月部门分发'!DW:DW) | R9: =J9+K9+L9+M9+N9+O9+P9+Q9
A10: 雷松儒 | H10: =SUMIF('4月部门分发'!B:B,A10,'4月部门分发'!DV:DV) | I10: =H10*60 | J10: =SUMIF('4月部门分发'!B:B,A10,'4月部门分发'!DW:DW) | R10: =J10+K10+L10+M10+N10+O10+P10+Q10
A11: 杨首琴 | H11: =SUMIF('4月部门分发'!B:B,A11,'4月部门分发'!DV:DV) | I11: =H11*60 | J11: =SUMIF('4月部门分发'!B:B,A11,'4月部门分发'!DW:DW) | R11: =J11+K11+L11+M11+N11+O11+P11+Q11
A12: 王晓兰 | H12: =SUMIF('4月部门分发'!B:B,A12,'4月部门分发'!DV:DV) | I12: =H12*60 | J12: =SUMIF('4月部门分发'!B:B,A12,'4月部门分发'!DW:DW) | R12: =J12+K12+L12+M12+N12+O12+P12+Q12
A13: 杨益琴 | H13: =SUMIF('4月部门分发'!B:B,A13,'4月部门分发'!DV:DV) | I13: =H13*60 | J13: =SUMIF('4月部门分发'!B:B,A13,'4月部门分发'!DW:DW) | R13: =J13+K13+L13+M13+N13+O13+P13+Q13
... A66: 毛玉玲 | H66: =SUMIF('4月部门分发'!B:B,A66,'4月部门分发'!DV:DV) | I66: =H66*60 | J66: =SUMIF('4月部门分发'!B:B,A66,'4月部门分发'!DW:DW) | R66: =J66+K66+L66+M66+N66+O66+P66+Q66
