Workbook

Sheet 6月部门分发
A1: 打卡地点 | B1: 姓名 | C1: 工号 | D1: 一级部门 | E1: 二级部门 | F1: 1 | H1: 小时数 | I1: 天数 | J1: 2 | L1: 小时数 | M1: 天数 | N1: 3 | P1: 小时数 | Q1: 天数 | R1: 4 | T1: 小时数 | U1: 天数 | V1: 5 | X1: 小时数 | Y1: 天数 | Z1: 6 | AB1: 小时数 | AC1: 天数 | AD1: 7 | AF1: 小时数 | AG1: 天数 | AH1: 8 | AJ1: 小时数 | AK1: 天数 | AL1: 9 | AN1: 小时数 | AO1: 天数 | AP1: 10 | AR1: 小时数 | AS1: 天数 | AT1: 11 | AV1: 小时数 | AW1: 天数 | AX1: 12 | AZ1: 小时数 | BA1: 天数 | BB1: 13 | BD1: 小时数 | BE1: 天数 | BF1: 14 | BH1: 小时数 | BI1: 天数 | BJ1: 15 | BL1: 小时数 | BM1: 天数 | BN1: 16 | BP1: 小时数 | BQ1: 天数 | BR1: 17 | BT1: 小时数 | BU1: 天数 | BV1: 18 | BX1: 小时数 | BY1: 天数 | BZ1: 19 | CB1: 小时数 | CC1: 天数 | CD1: 20 | CF1: 小时数 | CG1: 天数 | CH1: 21 | CJ1: 小时数 | CK1: 天数 | CL1: 22 | CN1: 小时数 | CO1: 天数 | CP1: 23 | CR1: 小时数 | CS1: 天数 | CT1: 24 | CV1: 小时数 | CW1: 天数 | CX1: 25 | CZ1: 小时数 | DA1: 天数 | DB1: 26 | DD1: 小时数 | DE1: 天数 | DF1: 27 | DH1: 小时数 | DI1: 天数 | DJ1: 28 | DL1: 小时数 | DM1: 天数 | DN1: 29 | DP1: 小时数 | DQ1: 天数 | DR1: 30 | DT1: 小时数 | DU1: 天数 | DX1: 小时数 | DY1: 天数 | DZ1: 总小时数 | EA1: 总天数
A2: 五楼 | B2: 伍小雪 | C2: 3 | D2: 订单部 | E2: 计划物控组 | F2: 08:25 | G2: 0.78055556 | H2: =MOD(G2-F2,1)*24 | I2: 1 | J2: 0.35069444 | K2: 0.85763889 | L2: =MOD(K2-J2,1)*24 | M2: 1 | N2: 0.35208333 | O2: 0.78194444 | P2: =MOD(O2-N2,1)*24 | Q2: 1 | R2: 0.35069444 | S2: 0.75555556 | T2: =MOD(S2-R2,1)*24 | U2: 1 | V2: 0.34722222 | W2: 0.75555556 | X2: =MOD(W2-V2,1)*24 | Y2: 1 | Z2: 0.35277778 | AA2: 0.75972222 | AB2: =MOD(AA2-Z2,1)*24 | AC2: 1 | AH2: 0.35347222 | AI2: 0.76111111 | AJ2: =MOD(AI2-AH2,1)*24 | AK2: 1 | AL2: 0.35069444 | AM2: 0.87638889 | AN2: =MOD(AM2-AL2,1)*24 | AO2: 1 | AP2: 0.35208333 | AQ2: 0.76041667 | AR2: =MOD(AQ2-AP2,1)*24 | AS2: 1 | AT2: 0.35138889 | AU2: 0.76666667 | AV2: =MOD(AU2-AT2,1)*24 | AW2: 1 | AX2: 0.35138889 | AY2: 0.76111111 | AZ2: =MOD(AY2-AX2,1)*24 | BA2: 1 | BB2: 0.35208333 | BC2: 0.75763889 | BD2: =MOD(BC2-BB2,1)*24 | BE2: 1 | BJ2: 0.35069444 | BK2: 0.76388889 | BL2: =MOD(BK2-BJ2,1)*24 | BM2: 1 | BN2: 0.35208333 | BO2: 0.75555556 | BP2: =MOD(BO2-BN2,1)*24 | BQ2: 1 | BR2: 0.35208333 | BS2: 0.75277778 | BT2: =MOD(BS2-BR2,1)*24 | BU2: 1 | BV2: 0.35208333 | BW2: 0.76041667 | BX2: =MOD(BW2-BV2,1)*24 | BY2: 1 | CH2: 0.35208333 | CI2: 0.75208333 | CJ2: =MOD(CI2-CH2,1)*24 | CK2: 1 | CL2: 0.35277778 | CM2: 0.75972222 | CN2: =MOD(CM2-CL2,1)*24 | CO2: 1 | CP2: 0.35069444 | CQ2: 0.87638889 | CR2: =MOD(CQ2-CP2,1)*24 | CS2: 1 | CT2: 0.35069444 | CU2: 0.75277778 | CV2: =MOD(CU2-CT2,1)*24 | CW2: 1 | CX2: 0.34861111 | CY2: 0.75694444 | CZ2: =MOD(CY2-CX2,1)*24 | DA2: 1 | DB2: 0.34930556 | DC2: 0.75208333 | DD2: =MOD(DC2-DB2,1)*24 | DE2: 1 | DF2: 0.35138889 | DG2: 0.7625 | DH2: =MOD(DG2-DF2,1)*24 | DI2: 1 | DN2: 0.34930556 | DO2: 0.75902778 | DP2: =MOD(DO2-DN2,1)*24 | DQ2: 1 | DR2: 0.35069444 | DS2: 0.75277778 | DT2: =MOD(DS2-DR2,1)*24 | DU2: 1 | DZ2: =H2+L2+P2+T2+X2+AB2+AF2+AJ2+AN2+AR2+AV2+AZ2+BD2+BH2+BL2+BP2+BT2+BX2+CB2+CF2+CJ2+CN2+CR2+CV2+CZ2+DD2+DH2+DL2+DP2+DT2 | EA2: =I2+M2+Q2+U2+Y2+AC2+AG2+AK2+AO2+AS2+AW2+BA2+BE2+BI2+BM2+BQ2+BU2+BY2+CC2+CG2+CK2+CO2+CS2+CW2+DA2+DE2+DI2+DM2+DQ2+DU2
A3: 五楼 | B3: 伍小雪 | C3: 3 | D3: 订单部 | E3: 计划物控组 | BT3: =MOD(BS3-BR3,1)*24
A4: 五楼 | B4: 邱霞 | C4: 4 | D4: 订单部 | E4: 计划物控组 | F4: 08:24 | G4: 0.75208333 | H4: =MOD(G4-F4,1)*24 | I4: 1 | J4: 0.35 | K4: 0.75486111 | L4: =MOD(K4-J4,1)*24 | M4: 1 | N4: 0.35069444 | O4: 0.75208333 | P4: =MOD(O4-N4,1)*24 | Q4: 1 | R4: 0.35 | S4: 0.75277778 | T4: =MOD(S4-R4,1)*24 | U4: 1 | V4: 0.35277778 | W4: 0.75208333 | X4: =MOD(W4-V4,1)*24 | Y4: 1 | Z4: 0.35208333 | AA4: 0.75416667 | AB4: =MOD(AA4-Z4,1)*24 | AC4: 1 | AH4: 0.35208333 | AI4: 0.75208333 | AJ4: =MOD(AI4-AH4,1)*24 | AK4: 1 | AL4: 0.35069444 | AM4: 0.75208333 | AN4: =MOD(AM4-AL4,1)*24 | AO4: 1 | AP4: 0.35208333 | AQ4: 0.75694444 | AR4: =MOD(AQ4-AP4,1)*24 | AS4: 1 | AT4: 0.35138889 | AU4: 0.75277778 | AV4: =MOD(AU4-AT4,1)*24 | AW4: 1 | AX4: 0.35138889 | AY4: 0.75069444 | AZ4: =MOD(AY4-AX4,1)*24 | BA4: 1 | BB4: 0.35069444 | BC4: 0.75208333 | BD4: =MOD(BC4-BB4,1)*24 | BE4: 1 | BJ4: 0.35069444 | BK4: 0.75625 | BL4: =MOD(BK4-BJ4,1)*24 | BM4: 1 | BN4: 0.34930556 | BO4: 0.75208333 | BP4: =MOD(BO4-BN4,1)*24 | BQ4: 1 | BR4: 0.35 | BS4: 0.75138889 | BT4: =MOD(BS4-BR4,1)*24 | BU4: 1 | BV4: 0.35277778 | BW4: 0.75416667 | BX4: =MOD(BW4-BV4,1)*24 | BY4: 1 | CH4: 0.35277778 | CI4: 0.75277778 | CJ4: =MOD(CI4-CH4,1)*24 | CK4: 1 | CL4: 0.35138889 | CM4: 0.75138889 | CN4: =MOD(CM4-CL4,1)*24 | CO4: 1 | CP4: 0.35069444 | CQ4: 0.75347222 | CR4: =MOD(CQ4-CP4,1)*24 | CS4: 1 | CT4: 0.35138889 | CU4: 0.75138889 | CV4: =MOD(CU4-CT4,1)*24 | CW4: 1 | CX4: 0.35138889 | CY4: 0.75138889 | CZ4: =MOD(CY4-CX4,1)*24 | DA4: 1 | DB4: 0.35138889 | DC4: 0.75208333 | DD4: =MOD(DC4-DB4,1)*24 | DE4: 1 | DF4: 0.35069444 | DG4: 0.75277778 | DH4: =MOD(DG4-DF4,1)*24 | DI4: 1 | DN4: 0.35277778 | DO4: 0.75208333 | DP4: =MOD(DO4-DN4,1)*24 | DQ4: 1 | DR4: 0.35069444 | DS4: 0.75208333 | DT4: =MOD(DS4-DR4,1)*24 | DU4: 1 | DZ4: =H4+L4+P4+T4+X4+AB4+AF4+AJ4+AN4+AR4+AV4+AZ4+BD4+BH4+BL4+BP4+BT4+BX4+CB4+CF4+CJ4+CN4+CR4+CV4+CZ4+DD4+DH4+DL4+DP4+DT4 | EA4: =I4+M4+Q4+U4+Y4+AC4+AG4+AK4+AO4+AS4+AW4+BA4+BE4+BI4+BM4+BQ4+BU4+BY4+CC4+CG4+CK4+CO4+CS4+CW4+DA4+DE4+DI4+DM4+DQ4+DU4
A5: 五楼 | B5: 陈小红 | C5: 7 | D5: 设计部 | E5: 设计组 | F5: 08:20 | G5: 0.79930556 | H5: =MOD(G5-F5,1)*24 | I5: 1 | J5: 0.34652778 | K5: 0.85833333 | L5: =MOD(K5-J5,1)*24 | M5: 1 | N5: 0.33888889 | Q5: 0.5 | R5: 0.33819444 | S5: 0.80138889 | T5: =MOD(S5-R5,1)*24 | U5: 1 | V5: 0.35069444 | W5: 0.85902778 | X5: =MOD(W5-V5,1)*24 | Y5: 1 | Z5: 0.35208333 | AA5: 0.77708333 | AB5: =MOD(AA5-Z5,1)*24 | AC5: 1 | AD5: 0.75138889 | AG5: 0.5 | AH5: 0.34652778 | AI5: 0.77708333 | AJ5: =MOD(AI5-AH5,1)*24 | AK5: 1 | AL5: 0.34027778 | AM5: 0.75763889 | AN5: =MOD(AM5-AL5,1)*24 | AO5: 1 | AP5: 0.34583333 | AQ5: 0.75555556 | AR5: =MOD(AQ5-AP5,1)*24 | AS5: 1 | AT5: 0.34930556 | AU5: 0.79166667 | AV5: =MOD(AU5-AT5,1)*24 | AW5: 1 | AX5: 0.34236111 | AY5: 0.81875 | AZ5: =MOD(AY5-AX5,1)*24 | BA5: 1 | BB5: 0.35 | BC5: 0.76527778 | BD5: =MOD(BC5-BB5,1)*24 | BE5: 1 | BJ5: 0.33402778 | BK5: 0.84652778 | BL5: =MOD(BK5-BJ5,1)*24 | BM5: 1 | BN5: 0.34652778 | BO5: 0.83958333 | BP5: =MOD(BO5-BN5,1)*24 | BQ5: 1 | BR5: 0.34166667 | BS5: 0.80486111 | BT5: =MOD(BS5-BR5,1)*24 | BU5: 1 | BV5: 0.33402778 | BW5: 0.80416667 | BX5: =MOD(BW5-BV5,1)*24 | BY5: 1 | CD5: 0.35416667 | CG5: 0.5 | CH5: 0.35138889 | CI5: 0.76319444 | CJ5: =MOD(CI5-CH5,1)*24 | CK5: 1 | CL5: 0.34236111 | CM5: 0.75555556 | CN5: =MOD(CM5-CL5,1)*24 | CO5: 1 | CP5: 0.34652778 | CQ5: 0.82708333 | CR5: =MOD(CQ5-CP5,1)*24 | CS5: 1 | CT5: 0.34583333 | CU5: 0.79166667 | CV5: =MOD(CU5-CT5,1)*24 | CW5: 1 | CX5: 0.34375 | CY5: 0.75208333 | CZ5: =MOD(CY5-CX5,1)*24 | DA5: 1 | DB5: 0.76180556 | DD5: =MOD(DC5-DB5,1)*24 | DE5: 0.5 | DF5: 0.34166667 | DG5: 0.75555556 | DH5: =MOD(DG5-DF5,1)*24 | DI5: 1 | DJ5: 0.35277778 | DK5: 0.75972222 | DL5: =MOD(DK5-DJ5,1)*24 | DM5: 1 | DN5: 0.34652778 | DO5: 0.77638889 | DP5: =MOD(DO5-DN5,1)*24 | DQ5: 1 | DR5: 0.35486111 | DS5: 0.75902778 | DT5: =MOD(DS5-DR5,1)*24 | DU5: 1 | DZ5: =H5+L5+P5+T5+X5+AB5+AF5+AJ5+AN5+AR5+AV5+AZ5+BD5+BH5+BL5+BP5+BT5+BX5+CB5+CF5+CJ5+CN5+CR5+CV5+CZ5+DD5+DH5+DL5+DP5+DT5 | EA5: =I5+M5+Q5+U5+Y5+AC5+AG5+AK5+AO5+AS5+AW5+BA5+BE5+BI5+BM5+BQ5+BU5+BY5+CC5+CG5+CK5+CO5+CS5+CW5+DA5+DE5+DI5+DM5+DQ5+DU5
A6: 五楼 | B6: 陈小红 | C6: 7 | D6: 设计部 | E6: 设计组 | BT6: =MOD(BS6-BR6,1)*24
A7: 五楼 | B7: 胡娅 | C7: 9 | D7: 订单部 | E7: 计划物控组 | F7: 08:19 | G7: 0.75833333 | H7: =MOD(G7-F7,1)*24 | I7: 1 | J7: 0.34236111 | K7: 0.75 | L7: =MOD(K7-J7,1)*24 | M7: 1 | N7: 0.34652778 | O7: 0.75069444 | P7: =MOD(O7-N7,1)*24 | Q7: 1 | R7: 0.34375 | S7: 0.75347222 | T7: =MOD(S7-R7,1)*24 | U7: 1 | V7: 0.34722222 | W7: 0.75138889 | X7: =MOD(W7-V7,1)*24 | Y7: 1 | Z7: 0.34652778 | AA7: 0.75833333 | AB7: =MOD(AA7-Z7,1)*24 | AC7: 1 | AH7: 0.34583333 | AI7: 0.75138889 | AJ7: =MOD(AI7-AH7,1)*24 | AK7: 1 | AL7: 0.33611111 | AM7: 0.75069444 | AN7: =MOD(AM7-AL7,1)*24 | AO7: 1 | AP7: 0.34027778 | AQ7: 0.75763889 | AR7: =MOD(AQ7-AP7,1)*24 | AS7: 1 | AT7: 0.34513889 | AU7: 0.75069444 | AV7: =MOD(AU7-AT7,1)*24 | AW7: 1 | AX7: 0.34375 | AY7: 0.75069444 | AZ7: =MOD(AY7-AX7,1)*24 | BA7: 1 | BB7: 0.33819444 | BC7: 0.75069444 | BD7: =MOD(BC7-BB7,1)*24 | BE7: 1 | BJ7: 0.33541667 | BK7: 0.75069444 | BL7: =MOD(BK7-BJ7,1)*24 | BM7: 1 | BN7: 0.3375 | BO7: 0.75069444 | BP7: =MOD(BO7-BN7,1)*24 | BQ7: 1 | BR7: 0.3375 | BS7: 0.75138889 | BT7: =MOD(BS7-BR7,1)*24 | BU7: 1 | BV7: 0.34513889 | BW7: 0.75069444 | BX7: =MOD(BW7-BV7,1)*24 | BY7: 1 | CH7: 0.34513889 | CI7: 0.75069444 | CJ7: =MOD(CI7-CH7,1)*24 | CK7: 1 | CL7: 0.34513889 | CM7: 0.75069444 | CN7: =MOD(CM7-CL7,1)*24 | CO7: 1 | CP7: 0.34861111 | CQ7: 0.75069444 | CR7: =MOD(CQ7-CP7,1)*24 | CS7: 1 | CT7: 0.34305556 | CU7: 0.75069444 | CV7: =MOD(CU7-CT7,1)*24 | CW7: 1 | CX7: 0.34513889 | CY7: 0.75069444 | CZ7: =MOD(CY7-CX7,1)*24 | DA7: 1 | DB7: 0.34652778 | DC7: 0.75069444 | DD7: =MOD(DC7-DB7,1)*24 | DE7: 1 | DF7: 0.34583333 | DG7: 0.75 | DH7: =MOD(DG7-DF7,1)*24 | DI7: 1 | DN7: 0.34513889 | DO7: 0.75069444 | DP7: =MOD(DO7-DN7,1)*24 | DQ7: 1 | DR7: 0.34513889 | DS7: 0.75069444 | DT7: =MOD(DS7-DR7,1)*24 | DU7: 1 | DZ7: =H7+L7+P7+T7+X7+AB7+AF7+AJ7+AN7+AR7+AV7+AZ7+BD7+BH7+BL7+BP7+BT7+BX7+CB7+CF7+CJ7+CN7+CR7+CV7+CZ7+DD7+DH7+DL7+DP7+DT7 | EA7: =I7+M7+Q7+U7+Y7+AC7+AG7+AK7+AO7+AS7+AW7+BA7+BE7+BI7+BM7+BQ7+BU7+BY7+CC7+CG7+CK7+CO7+CS7+CW7+DA7+DE7+DI7+DM7+DQ7+DU7
A8: 五楼 | B8: 杨青青 | C8: 10 | D8: 订单部 | E8: 计划物控组 | F8: 08:24 | G8: 0.77152778 | H8: =MOD(G8-F8,1)*24 | I8: 1 | J8: 0.35069444 | K8: 0.75694444 | L8: =MOD(K8-J8,1)*24 | M8: 1 | N8: 0.35347222 | O8: 0.75208333 | P8: =MOD(O8-N8,1)*24 | Q8: 1 | R8: 0.34791667 | S8: 0.75277778 | T8: =MOD(S8-R8,1)*24 | U8: 1 | V8: 0.34722222 | W8: 0.75138889 | X8: =MOD(W8-V8,1)*24 | Y8: 1 | Z8: 0.34444444 | AA8: 0.75972222 | AB8: =MOD(AA8-Z8,1)*24 | AC8: 1 | AH8: 0.34930556 | AI8: 0.75277778 | AJ8: =MOD(AI8-AH8,1)*24 | AK8: 1 | AL8: 0.34236111 | AM8: 0.75208333 | AN8: =MOD(AM8-AL8,1)*24 | AO8: 1 | AP8: 0.34027778 | AQ8: 0.75486111 | AR8: =MOD(AQ8-AP8,1)*24 | AS8: 1 | AT8: 0.35208333 | AU8: 0.75555556 | AV8: =MOD(AU8-AT8,1)*24 | AW8: 1 | AX8: 0.35 | AY8: 0.75486111 | AZ8: =MOD(AY8-AX8,1)*24 | BA8: 1 | BB8: 0.35069444 | BC8: 0.75208333 | BD8: =MOD(BC8-BB8,1)*24 | BE8: 1 | BJ8: 0.35486111 | BK8: 0.75694444 | BL8: =MOD(BK8-BJ8,1)*24 | BM8: 1 | BN8: 0.34583333 | BO8: 0.75138889 | BP8: =MOD(BO8-BN8,1)*24 | BQ8: 1 | BR8: 0.35416667 | BS8: 0.75 | BT8: =MOD(BS8-BR8,1)*24 | BU8: 1 | BV8: 0.35069444 | BW8: 0.75486111 | BX8: =MOD(BW8-BV8,1)*24 | BY8: 1 | CH8: 0.35069444 | CI8: 0.75208333 | CJ8: =MOD(CI8-CH8,1)*24 | CK8: 1 | CL8: 0.34513889 | CM8: 0.75902778 | CN8: =MOD(CM8-CL8,1)*24 | CO8: 1 | CP8: 0.34305556 | CQ8: 0.75902778 | CR8: =MOD(CQ8-CP8,1)*24 | CS8: 1 | CT8: 0.35347222 | CU8: 0.75277778 | CV8: =MOD(CU8-CT8,1)*24 | CW8: 1 | CX8: 0.34444444 | CY8: 0.75208333 | CZ8: =MOD(CY8-CX8,1)*24 | DA8: 1 | DB8: 0.35208333 | DC8: 0.75208333 | DD8: =MOD(DC8-DB8,1)*24 | DE8: 1 | DF8: 0.34583333 | DG8: 0.7625 | DH8: =MOD(DG8-DF8,1)*24 | DI8: 1 | DN8: 0.75902778 | DQ8: 0.5 | DR8: 0.35069444 | DS8: 0.75208333 | DT8: =MOD(DS8-DR8,1)*24 | DU8: 1 | DZ8: =H8+L8+P8+T8+X8+AB8+AF8+AJ8+AN8+AR8+AV8+AZ8+BD8+BH8+BL8+BP8+BT8+BX8+CB8+CF8+CJ8+CN8+CR8+CV8+CZ8+DD8+DH8+DL8+DP8+DT8 | EA8: =I8+M8+Q8+U8+Y8+AC8+AG8+AK8+AO8+AS8+AW8+BA8+BE8+BI8+BM8+BQ8+BU8+BY8+CC8+CG8+CK8+CO8+CS8+CW8+DA8+DE8+DI8+DM8+DQ8+DU8
A9: 五楼 | B9: 向锋 | C9: 12 | D9: 设计部 | E9: 设计组 | F9: 08:14 | G9: 0.8375 | H9: =MOD(G9-F9,1)*24 | I9: 1 | J9: 0.35069444 | K9: 0.76111111 | L9: =MOD(K9-J9,1)*24 | M9: 1 | R9: 0.34791667 | S9: 0.91736111 | T9: =MOD(S9-R9,1)*24 | U9: 1 | V9: 0.35069444 | W9: 0.84444444 | X9: =MOD(W9-V9,1)*24 | Y9: 1 | Z9: 0.35069444 | AA9: 0.75347222 | AB9: =MOD(AA9-Z9,1)*24 | AC9: 1 | AH9: 0.36875 | AI9: 0.84930556 | AJ9: =MOD(AI9-AH9,1)*24 | AK9: 1 | AL9: 0.35277778 | AM9: 0.83819444 | AN9: =MOD(AM9-AL9,1)*24 | AO9: 1 | AP9: 0.35208333 | AQ9: 0.75972222 | AR9: =MOD(AQ9-AP9,1)*24 | AS9: 1 | AT9: 0.34930556 | AU9: 0.82638889 | AV9: =MOD(AU9-AT9,1)*24 | AW9: 1 | AX9: 0.35138889 | AY9: 0.83958333 | AZ9: =MOD(AY9-AX9,1)*24 | BA9: 1 | BB9: 0.35138889 | BC9: 0.75208333 | BD9: =MOD(BC9-BB9,1)*24 | BE9: 1 | BJ9: 0.35069444 | BK9: 0.83819444 | BL9: =MOD(BK9-BJ9,1)*24 | BM9: 1 | BN9: 0.35 | BO9: 0.82013889 | BP9: =MOD(BO9-BN9,1)*24 | BQ9: 1 | BR9: 0.34930556 | BS9: 0.84652778 | BT9: =MOD(BS9-BR9,1)*24 | BU9: 1 | BV9: 0.34583333 | BW9: 0.75 | BX9: =MOD(BW9-BV9,1)*24 | BY9: 1 | CH9: 0.34513889 | CI9: 0.80833333 | CJ9: =MOD(CI9-CH9,1)*24 | CK9: 1 | CL9: 0.35069444 | CM9: 0.82847222 | CN9: =MOD(CM9-CL9,1)*24 | CO9: 1 | CP9: 0.34861111 | CQ9: 0.82916667 | CR9: =MOD(CQ9-CP9,1)*24 | CS9: 1 | CT9: 0.35138889 | CU9: 0.88680556 | CV9: =MOD(CU9-CT9,1)*24 | CW9: 1 | CX9: 0.33611111 | CY9: 0.82986111 | CZ9: =MOD(CY9-CX9,1)*24 | DA9: 1 | DB9: 0.32986111 | DD9: =MOD(DC9-DB9,1)*24 | DE9: 1 | DF9: 0.34652778 | DG9: 0.75277778 | DH9: =MOD(DG9-DF9,1)*24 | DI9: 1 | DN9: 0.35138889 | DO9: 0.8375 | DP9: =MOD(DO9-DN9,1)*24 | DQ9: 1 | DR9: 0.34652778 | DS9: 0.83472222 | DT9: =MOD(DS9-DR9,1)*24 | DU9: 1 | DZ9: =H9+L9+P9+T9+X9+AB9+AF9+AJ9+AN9+AR9+AV9+AZ9+BD9+BH9+BL9+BP9+BT9+BX9+CB9+CF9+CJ9+CN9+CR9+CV9+CZ9+DD9+DH9+DL9+DP9+DT9 | EA9: =I9+M9+Q9+U9+Y9+AC9+AG9+AK9+AO9+AS9+AW9+BA9+BE9+BI9+BM9+BQ9+BU9+BY9+CC9+CG9+CK9+CO9+CS9+CW9+DA9+DE9+DI9+DM9+DQ9+DU9
A10: 五楼 | B10: 向锋 | C10: 12 | D10: 设计部 | E10: 设计组
A11: 五楼 | B11: 杨首琴 | C11: 14 | D11: 采购部 | E11: 采购部 | F11: 08:28 | G11: 0.75069444 | H11: =MOD(G11-F11,1)*24 | I11: 1 | J11: 0.34791667 | K11: 0.75694444 | L11: =MOD(K11-J11,1)*24 | M11: 1 | N11: 0.35 | O11: 0.75277778 | P11: =MOD(O11-N11,1)*24 | Q11: 1 | R11: 0.35 | S11: 0.75208333 | T11: =MOD(S11-R11,1)*24 | U11: 1 | V11: 0.35208333 | W11: 0.75069444 | X11: =MOD(W11-V11,1)*24 | Y11: 1 | Z11: 0.35208333 | AA11: 0.75416667 | AB11: =MOD(AA11-Z11,1)*24 | AC11: 1 | AH11: 0.35208333 | AI11: 0.75694444 | AJ11: =MOD(AI11-AH11,1)*24 | AK11: 1 | AP11: 0.34791667 | AQ11: 0.75416667 | AR11: =MOD(AQ11-AP11,1)*24 | AS11: 1 | AT11: 0.34652778 | AU11: 0.75277778 | AV11: =MOD(AU11-AT11,1)*24 | AW11: 1 | AX11: 0.34861111 | AY11: 0.75208333 | AZ11: =MOD(AY11-AX11,1)*24 | BA11: 1 | BB11: 0.35069444 | BC11: 0.75277778 | BD11: =MOD(BC11-BB11,1)*24 | BE11: 1 | BJ11: 0.35138889 | BK11: 0.7625 | BL11: =MOD(BK11-BJ11,1)*24 | BM11: 1 | BN11: 0.35 | BO11: 0.75069444 | BP11: =MOD(BO11-BN11,1)*24 | BQ11: 1 | BR11: 0.75486111 | BT11: =MOD(BS11-BR11,1)*24 | BU11: 0.5 | BV11: 0.35347222 | BW11: 0.75555556 | BX11: =MOD(BW11-BV11,1)*24 | BY11: 1 | CH11: 0.34722222 | CI11: 0.75 | CJ11: =MOD(CI11-CH11,1)*24 | CK11: 1 | CL11: 0.34444444 | CM11: 0.75138889 | CN11: =MOD(CM11-CL11,1)*24 | CO11: 1 | CP11: 0.34861111 | CQ11: 0.75208333 | CR11: =MOD(CQ11-CP11,1)*24 | CS11: 1 | CT11: 0.34513889 | CU11: 0.75 | CV11: =MOD(CU11-CT11,1)*24 | CW11: 1 | CX11: 0.35069444 | CY11: 0.75208333 | CZ11: =MOD(CY11-CX11,1)*24 | DA11: 1 | DB11: 0.34791667 | DC11: 0.75555556 | DD11: =MOD(DC11-DB11,1)*24 | DE11: 1 | DF11: 0.34791667 | DG11: 0.75138889 | DH11: =MOD(DG11-DF11,1)*24 | DI11: 1 | DJ11: 0.35069444 | DK11: 0.75208333 | DL11: =MOD(DK11-DJ11,1)*24 | DM11: 1 | DN11: 0.35 | DO11: 0.75486111 | DP11: =MOD(DO11-DN11,1)*24 | DQ11: 1 | DR11: 0.34791667 | DS11: 0.75347222 | DT11: =MOD(DS11-DR11,1)*24 | DU11: 1 | DZ11: =H11+L11+P11+T11+X11+AB11+AF11+AJ11+AN11+AR11+AV11+AZ11+BD11+BH11+BL11+BP11+BT11+BX11+CB11+CF11+CJ11+CN11+CR11+CV11+CZ11+DD11+DH11+DL11+DP11+DT11 | EA11: =I11+M11+Q11+U11+Y11+AC11+AG11+AK11+AO11+AS11+AW11+BA11+BE11+BI11+BM11+BQ11+BU11+BY11+CC11+CG11+CK11+CO11+CS11+CW11+DA11+DE11+DI11+DM11+DQ11+DU11
A12: 五楼 | B12: 杨首琴 | C12: 14 | D12: 采购部 | E12: 采购部
A13: 五楼 | B13: 王晓兰 | C13: 15 | E13: 财务部 | J13: 0.34513889 | K13: 0.75416667 | L13: =MOD(K13-J13,1)*24 | M13: 1 | N13: 0.34513889 | O13: 0.75208333 | P13: =MOD(O13-N13,1)*24 | Q13: 1 | R13: 0.34375 | S13: 0.75138889 | T13: =MOD(S13-R13,1)*24 | U13: 1 | V13: 0.34583333 | W13: 0.75138889 | X13: =MOD(W13-V13,1)*24 | Y13: 1 | Z13: 0.35277778 | AA13: 0.75347222 | AB13: =MOD(AA13-Z13,1)*24 | AC13: 1 | AD13: 0.35347222 | AE13: 0.52777778 | AF13: =MOD(AE13-AD13,1)*24 | AG13: 0.5 | AH13: 0.35208333 | AI13: 0.75902778 | AJ13: =MOD(AI13-AH13,1)*24 | AK13: 1 | AL13: 0.34444444 | AM13: 0.75277778 | AN13: =MOD(AM13-AL13,1)*24 | AO13: 1 | AP13: 0.34166667 | AQ13: 0.75625 | AR13: =MOD(AQ13-AP13,1)*24 | AS13: 1 | AT13: 0.34583333 | AU13: 0.75277778 | AV13: =MOD(AU13-AT13,1)*24 | AW13: 1 | AX13: 0.34166667 | AY13: 0.75069444 | AZ13: =MOD(AY13-AX13,1)*24 | BA13: 1 | BB13: 0.35 | BC13: 0.75347222 | BD13: =MOD(BC13-BB13,1)*24 | BE13: 1 | BF13: 0.35277778 | BG13: 0.54097222 | BH13: =MOD(BG13-BF13,1)*24 | BI13: 0.5 | BJ13: 0.35138889 | BK13: 0.75277778 | BL13: =MOD(BK13-BJ13,1)*24 | BM13: 1 | BN13: 0.34444444 | BO13: 0.75069444 | BP13: =MOD(BO13-BN13,1)*24 | BQ13: 1 | BR13: 0.35138889 | BS13: 0.75486111 | BT13: =MOD(BS13-BR13,1)*24 | BU13: 1 | BV13: 0.34444444 | BW13: 0.75416667 | BX13: =MOD(BW13-BV13,1)*24 | BY13: 1 | CH13: 0.35138889 | CI13: 0.75347222 | CJ13: =MOD(CI13-CH13,1)*24 | CK13: 1 | CL13: 0.34722222 | CM13: 0.75277778 | CN13: =MOD(CM13-CL13,1)*24 | CO13: 1 | CP13: 0.34861111 | CQ13: 0.75138889 | CR13: =MOD(CQ13-CP13,1)*24 | CS13: 1 | CT13: 0.34027778 | CU13: 0.75763889 | CV13: =MOD(CU13-CT13,1)*24 | CW13: 1 | CX13: 0.35069444 | CY13: 0.75138889 | CZ13: =MOD(CY13-CX13,1)*24 | DA13: 1 | DB13: 0.34166667 | DC13: 0.75208333 | DD13: =MOD(DC13-DB13,1)*24 | DE13: 1 | DF13: 0.54513889 | DG13: 0.75138889 | DH13: =MOD(DG13-DF13,1)*24 | DI13: 0.5 | DJ13: 0.35069444 | DK13: 0.50138889 | DL13: =MOD(DK13-DJ13,1)*24 | DM13: 0.5 | DN13: 0.35 | DO13: 0.75416667 | DP13: =MOD(DO13-DN13,1)*24 | DQ13: 1 | DR13: 0.35138889 | DS13: 0.75416667 | DT13: =MOD(DS13-DR13,1)*24 | DU13: 1 | DZ13: =H13+L13+P13+T13+X13+AB13+AF13+AJ13+AN13+AR13+AV13+AZ13+BD13+BH13+BL13+BP13+BT13+BX13+CB13+CF13+CJ13+CN13+CR13+CV13+CZ13+DD13+DH13+DL13+DP13+DT13 | EA13: =I13+M13+Q13+U13+Y13+AC13+AG13+AK13+AO13+AS13+AW13+BA13+BE13+BI13+BM13+BQ13+BU13+BY13+CC13+CG13+CK13+CO13+CS13+CW13+DA13+DE13+DI13+DM13+DQ13+DU13
A14: 五楼 | B14: 杨益琴 | C14: 16 | D14: 综合部 | E14: 财务核价 | F14: 18:03 | H14: =MOD(G14-F14,1)*24 | I14: 0.5 | J14: 0.35 | K14: 0.75208333 | L14: =MOD(K14-J14,1)*24 | M14: 1 | N14: 0.34930556 | O14: 0.75069444 | P14: =MOD(O14-N14,1)*24 | Q14: 1 | R14: 0.35 | S14: 0.75555556 | T14: =MOD(S14-R14,1)*24 | U14: 1 | V14: 0.75069444 | Y14: 0.5 | Z14: 0.35 | AA14: 0.75138889 | AB14: =MOD(AA14-Z14,1)*24 | AC14: 1 | AH14: 0.35 | AI14: 0.75069444 | AJ14: =MOD(AI14-AH14,1)*24 | AK14: 1 | AL14: 0.35 | AM14: 0.75138889 | AN14: =MOD(AM14-AL14,1)*24 | AO14: 1 | AP14: 0.35 | AQ14: 0.75138889 | AR14: =MOD(AQ14-AP14,1)*24 | AS14: 1 | AT14: 0.34861111 | AU14: 0.75138889 | AV14: =MOD(AU14-AT14,1)*24 | AW14: 1 | AX14: 0.35 | AY14: 0.75277778 | AZ14: =MOD(AY14-AX14,1)*24 | BA14: 1 | BB14: 0.34861111 | BC14: 0.75208333 | BD14: =MOD(BC14-BB14,1)*24 | BE14: 1 | BJ14: 0.34861111 | BK14: 0.75138889 | BL14: =MOD(BK14-BJ14,1)*24 | BM14: 1 | BN14: 0.34930556 | BO14: 0.75138889 | BP14: =MOD(BO14-BN14,1)*24 | BQ14: 1 | BR14: 0.35 | BS14: 0.75902778 | BT14: =MOD(BS14-BR14,1)*24 | BU14: 1 | BV14: 0.34930556 | BW14: 0.75138889 | BX14: =MOD(BW14-BV14,1)*24 | BY14: 1 | CH14: 0.34791667 | CI14: 0.75138889 | CJ14: =MOD(CI14-CH14,1)*24 | CK14: 1 | CL14: 0.34791667 | CM14: 0.75208333 | CN14: =MOD(CM14-CL14,1)*24 | CO14: 1 | CP14: 0.34652778 | CQ14: 0.75277778 | CR14: =MOD(CQ14-CP14,1)*24 | CS14: 1 | CT14: 0.34930556 | CU14: 0.75138889 | CV14: =MOD(CU14-CT14,1)*24 | CW14: 1 | CX14: 0.34930556 | CY14: 0.75208333 | CZ14: =MOD(CY14-CX14,1)*24 | DA14: 1 | DF14: 0.35 | DG14: 0.75208333 | DH14: =MOD(DG14-DF14,1)*24 | DI14: 1 | DJ14: 0.35069444 | DK14: 0.75069444 | DL14: =MOD(DK14-DJ14,1)*24 | DM14: 1 | DN14: 0.34930556 | DO14: 0.76111111 | DP14: =MOD(DO14-DN14,1)*24 | DQ14: 1 | DR14: 0.35 | DS14: 0.96666667 | DT14: =MOD(DS14-DR14,1)*24 | DU14: 1 | DZ14: =H14+L14+P14+T14+X14+AB14+AF14+AJ14+AN14+AR14+AV14+AZ14+BD14+BH14+BL14+BP14+BT14+BX14+CB14+CF14+CJ14+CN14+CR14+CV14+CZ14+DD14+DH14+DL14+DP14+DT14 | EA14: =I14+M14+Q14+U14+Y14+AC14+AG14+AK14+AO14+AS14+AW14+BA14+BE14+BI14+BM14+BQ14+BU14+BY14+CC14+CG14+CK14+CO14+CS14+CW14+DA14+DE14+DI14+DM14+DQ14+DU14
A15: 五楼 | B15: 刘琴 | C15: 17 | D15: 采购部 | E15: 采购部 | J15: 0.35277778 | K15: 0.85902778 | L15: =MOD(K15-J15,1)*24 | M15: 1 | N15: 0.35 | O15: 0.82430556 | P15: =MOD(O15-N15,1)*24 | Q15: 1 | R15: 0.35208333 | S15: 0.75277778 | T15: =MOD(S15-R15,1)*24 | U15: 1 | V15: 0.34791667 | W15: 0.85277778 | X15: =MOD(W15-V15,1)*24 | Y15: 1 | Z15: 0.35208333 | AA15: 0.82222222 | AB15: =MOD(AA15-Z15,1)*24 | AC15: 1 | AD15: 0.35069444 | AE15: 0.87708333 | AF15: =MOD(AE15-AD15,1)*24 | AG15: 1 | AH15: 0.35069444 | AI15: 0.93055556 | AJ15: =MOD(AI15-AH15,1)*24 | AK15: 1 | AL15: 0.35208333 | AM15: 0.87777778 | AN15: =MOD(AM15-AL15,1)*24 | AO15: 1 | AP15: 0.35138889 | AQ15: 0.75277778 | AR15: =MOD(AQ15-AP15,1)*24 | AS15: 1 | AT15: 0.35347222 | AU15: 0.75138889 | AV15: =MOD(AU15-AT15,1)*24 | AW15: 1 | AX15: 0.35277778 | AY15: 0.85833333 | AZ15: =MOD(AY15-AX15,1)*24 | BA15: 1 | BB15: 0.35347222 | BC15: 0.77708333 | BD15: =MOD(BC15-BB15,1)*24 | BE15: 1 | BJ15: 0.35138889 | BK15: 0.775 | BL15: =MOD(BK15-BJ15,1)*24 | BM15: 1 | BN15: 0.35277778 | BP15: =MOD(BO15-BN15,1)*24 | BQ15: 1 | BT15: =MOD(BS15-BR15,1)*24 | BV15: 0.75138889 | BY15: 0.5 | CH15: 0.35277778 | CI15: 0.75208333 | CJ15: =MOD(CI15-CH15,1)*24 | CK15: 1 | CL15: 0.35 | CM15: 0.75208333 | CN15: =MOD(CM15-CL15,1)*24 | CO15: 1 | CT15: 0.35069444 | CU15: 0.77222222 | CV15: =MOD(CU15-CT15,1)*24 | CW15: 1 | CX15: 0.34930556 | CY15: 0.76875 | CZ15: =MOD(CY15-CX15,1)*24 | DA15: 1 | DB15: 0.35 | DC15: 0.8875 | DD15: =MOD(DC15-DB15,1)*24 | DE15: 1 | DF15: 0.35347222 | DG15: 0.84166667 | DH15: =MOD(DG15-DF15,1)*24 | DI15: 1 | DN15: 0.35277778 | DO15: 0.75416667 | DP15: =MOD(DO15-DN15,1)*24 | DQ15: 1 | DR15: 0.35277778 | DS15: 0.75277778 | DT15: =MOD(DS15-DR15,1)*24 | DU15: 1 | DZ15: =H15+L15+P15+T15+X15+AB15+AF15+AJ15+AN15+AR15+AV15+AZ15+BD15+BH15+BL15+BP15+BT15+BX15+CB15+CF15+CJ15+CN15+CR15+CV15+CZ15+DD15+DH15+DL15+DP15+DT15 | EA15: =I15+M15+Q15+U15+Y15+AC15+AG15+AK15+AO15+AS15+AW15+BA15+BE15+BI15+BM15+BQ15+BU15+BY15+CC15+CG15+CK15+CO15+CS15+CW15+DA15+DE15+DI15+DM15+DQ15+DU15
A16: 五楼 | B16: 刘琴 | C16: 17 | D16: 采购部 | E16: 采购部 | BT16: =MOD(BS16-BR16,1)*24
A17: 五楼 | B17: 刘文旦 | C17: 18 | D17: 设计部 | E17: 设计组 | F17: 18:06 | H17: =MOD(G17-F17,1)*24 | I17: 0.5 | J17: 0.35208333 | K17: 0.76458333 | L17: =MOD(K17-J17,1)*24 | M17: 1 | N17: 0.79861111 | O17: 0.93888889 | P17: =MOD(O17-N17,1)*24 | Q17: 0.5 | R17: 0.35208333 | S17: 0.82708333 | T17: =MOD(S17-R17,1)*24 | U17: 1 | AH17: 0.78055556 | AK17: 0.5 | AL17: 0.35138889 | AM17: 0.8125 | AN17: =MOD(AM17-AL17,1)*24 | AO17: 1 | AP17: 0.36041667 | AQ17: 0.80694444 | AR17: =MOD(AQ17-AP17,1)*24 | AS17: 1 | AT17: 0.35625 | AU17: 0.76458333 | AV17: =MOD(AU17-AT17,1)*24 | AW17: 1 | BB17: 0.82222222 | BC17: 0.97777778 | BD17: =MOD(BC17-BB17,1)*24 | BE17: 0.5 | BF17: 0.45833333 | BG17: 0.79166667 | BH17: =MOD(BG17-BF17,1)*24 | BI17: 1 | BJ17: 0.79375 | BK17: 0.98611111 | BL17: =MOD(BK17-BJ17,1)*24 | BM17: 0.5 | BN17: 0.78125 | BP17: =MOD(BO17-BN17,1)*24 | BQ17: 0.5 | BR17: 0.34652778 | BS17: 0.75416667 | BT17: =MOD(BS17-BR17,1)*24 | BU17: 1 | BV17: 0.35555556 | BW17: 0.75138889 | BX17: =MOD(BW17-BV17,1)*24 | BY17: 1 | CH17: 0.34722222 | CK17: 0.5 | CL17: 0.34444444 | CM17: 0.78541667 | CN17: =MOD(CM17-CL17,1)*24 | CO17: 1 | CP17: 0.35277778 | CQ17: 0.81111111 | CR17: =MOD(CQ17-CP17,1)*24 | CS17: 1 | CT17: 0.35555556 | CU17: 0.80972222 | CV17: =MOD(CU17-CT17,1)*24 | CW17: 1 | CX17: 0.35625 | CY17: 0.75625 | CZ17: =MOD(CY17-CX17,1)*24 | DA17: 1 | DB17: 0.35486111 | DE17: 0.5 | DF17: 0.35069444 | DG17: 0.75625 | DH17: =MOD(DG17-DF17,1)*24 | DI17: 1 | DJ17: 0.35486111 | DK17: 0.80277778 | DL17: =MOD(DK17-DJ17,1)*24 | DM17: 1 | DN17: 0.35625 | DO17: 0.75625 | DP17: =MOD(DO17-DN17,1)*24 | DQ17: 1 | DR17: 0.35277778 | DS17: 0.76597222 | DT17: =MOD(DS17-DR17,1)*24 | DU17: 1 | DZ17: =H17+L17+P17+T17+X17+AB17+AF17+AJ17+AN17+AR17+AV17+AZ17+BD17+BH17+BL17+BP17+BT17+BX17+CB17+CF17+CJ17+CN17+CR17+CV17+CZ17+DD17+DH17+DL17+DP17+DT17 | EA17: =I17+M17+Q17+U17+Y17+AC17+AG17+AK17+AO17+AS17+AW17+BA17+BE17+BI17+BM17+BQ17+BU17+BY17+CC17+CG17+CK17+CO17+CS17+CW17+DA17+DE17+DI17+DM17+DQ17+DU17
A18: 五楼 | B18: 刘文旦 | C18: 18 | D18: 设计部 | E18: 设计组
A19: 五楼 | B19: 王一程 | C19: 19 | D19: 设计部 | E19: 设计组 | F19: 08:26 | G19: 0.75138889 | H19: =MOD(G19-F19,1)*24 | I19: 1 | J19: 0.35069444 | K19: 0.75138889 | L19: =MOD(K19-J19,1)*24 | M19: 1 | N19: 0.35208333 | O19: 0.75277778 | P19: =MOD(O19-N19,1)*24 | Q19: 1 | R19: 0.35069444 | S19: 0.75347222 | T19: =MOD(S19-R19,1)*24 | U19: 1 | V19: 0.34722222 | W19: 0.75138889 | X19: =MOD(W19-V19,1)*24 | Y19: 1 | Z19: 0.35277778 | AA19: 0.75486111 | AB19: =MOD(AA19-Z19,1)*24 | AC19: 1 | AH19: 0.35277778 | AI19: 0.75138889 | AJ19: =MOD(AI19-AH19,1)*24 | AK19: 1 | AL19: 0.35069444 | AM19: 0.75138889 | AN19: =MOD(AM19-AL19,1)*24 | AO19: 1 | AP19: 0.35208333 | AQ19: 0.75138889 | AR19: =MOD(AQ19-AP19,1)*24 | AS19: 1 | AT19: 0.34236111 | AU19: 0.75208333 | AV19: =MOD(AU19-AT19,1)*24 | AW19: 1 | AX19: 0.35138889 | AY19: 0.75208333 | AZ19: =MOD(AY19-AX19,1)*24 | BA19: 1 | BB19: 0.75138889 | BE19: 0.5 | BJ19: 0.35069444 | BK19: 0.75069444 | BL19: =MOD(BK19-BJ19,1)*24 | BM19: 1 | BN19: 0.35208333 | BO19: 0.75069444 | BP19: =MOD(BO19-BN19,1)*24 | BQ19: 1 | BR19: 0.35277778 | BS19: 0.75069444 | BT19: =MOD(BS19-BR19,1)*24 | BU19: 1 | BV19: 0.35208333 | BW19: 0.75138889 | BX19: =MOD(BW19-BV19,1)*24 | BY19: 1 | CH19: 0.35208333 | CI19: 0.75069444 | CJ19: =MOD(CI19-CH19,1)*24 | CK19: 1 | CL19: 0.35277778 | CM19: 0.75416667 | CN19: =MOD(CM19-CL19,1)*24 | CO19: 1 | CP19: 0.35069444 | CQ19: 0.75138889 | CR19: =MOD(CQ19-CP19,1)*24 | CS19: 1 | CT19: 0.35069444 | CU19: 0.75138889 | CV19: =MOD(CU19-CT19,1)*24 | CW19: 1 | CX19: 0.34791667 | CY19: 0.75555556 | CZ19: =MOD(CY19-CX19,1)*24 | DA19: 1 | DB19: 0.34930556 | DC19: 0.75208333 | DD19: =MOD(DC19-DB19,1)*24 | DE19: 1 | DF19: 0.35138889 | DG19: 0.75138889 | DH19: =MOD(DG19-DF19,1)*24 | DI19: 1 | DN19: 0.34930556 | DO19: 0.78402778 | DP19: =MOD(DO19-DN19,1)*24 | DQ19: 1 | DR19: 0.35069444 | DS19: 0.75138889 | DT19: =MOD(DS19-DR19,1)*24 | DU19: 1 | DZ19: =H19+L19+P19+T19+X19+AB19+AF19+AJ19+AN19+AR19+AV19+AZ19+BD19+BH19+BL19+BP19+BT19+BX19+CB19+CF19+CJ19+CN19+CR19+CV19+CZ19+DD19+DH19+DL19+DP19+DT19 | EA19: =I19+M19+Q19+U19+Y19+AC19+AG19+AK19+AO19+AS19+AW19+BA19+BE19+BI19+BM19+BQ19+BU19+BY19+CC19+CG19+CK19+CO19+CS19+CW19+DA19+DE19+DI19+DM19+DQ19+DU19
A20: 五楼 | B20: 龙训东 | C20: 21 | D20: 订单部 | E20: 审单组 | F20: 08:21 | G20: 0.75277778 | H20: =MOD(G20-F20,1)*24 | I20: 1 | J20: 0.34236111 | K20: 0.75902778 | L20: =MOD(K20-J20,1)*24 | M20: 1 | N20: 0.34652778 | O20: 0.75208333 | P20: =MOD(O20-N20,1)*24 | Q20: 1 | V20: 0.33333333 | W20: 0.75208333 | X20: =MOD(W20-V20,1)*24 | Y20: 1 | Z20: 0.33125 | AA20: 0.75138889 | AB20: =MOD(AA20-Z20,1)*24 | AC20: 1 | AD20: 0.34305556 | AE20: 0.75416667 | AF20: =MOD(AE20-AD20,1)*24 | AG20: 1 | AH20: 0.34444444 | AI20: 0.75138889 | AJ20: =MOD(AI20-AH20,1)*24 | AK20: 1 | AL20: 0.34930556 | AM20: 0.75138889 | AN20: =MOD(AM20-AL20,1)*24 | AO20: 1 | AT20: 0.33263889 | AU20: 0.75138889 | AV20: =MOD(AU20-AT20,1)*24 | AW20: 1 | AX20: 0.34722222 | AY20: 0.75902778 | AZ20: =MOD(AY20-AX20,1)*24 | BA20: 1 | BB20: 0.34861111 | BC20: 0.75416667 | BD20: =MOD(BC20-BB20,1)*24 | BE20: 1 | BF20: 0.34236111 | BG20: 0.75069444 | BH20: =MOD(BG20-BF20,1)*24 | BI20: 1 | BJ20: 0.33402778 | BK20: 0.75208333 | BL20: =MOD(BK20-BJ20,1)*24 | BM20: 1 | BN20: 0.34444444 | BO20: 0.75277778 | BP20: =MOD(BO20-BN20,1)*24 | BQ20: 1 | BR20: 0.35 | BS20: 0.75486111 | BT20: =MOD(BS20-BR20,1)*24 | BU20: 1 | BV20: 0.34583333 | BW20: 0.75208333 | BX20: =MOD(BW20-BV20,1)*24 | BY20: 1 | CH20: 0.33958333 | CI20: 0.75208333 | CJ20: =MOD(CI20-CH20,1)*24 | CK20: 1 | CL20: 0.34583333 | CM20: 0.75277778 | CN20: =MOD(CM20-CL20,1)*24 | CO20: 1 | CP20: 0.33680556 | CQ20: 0.75069444 | CR20: =MOD(CQ20-CP20,1)*24 | CS20: 1 | CT20: 0.34444444 | CU20: 0.75347222 | CV20: =MOD(CU20-CT20,1)*24 | CW20: 1 | DB20: 0.33541667 | DC20: 0.75347222 | DD20: =MOD(DC20-DB20,1)*24 | DE20: 1 | DF20: 0.34722222 | DG20: 0.76805556 | DH20: =MOD(DG20-DF20,1)*24 | DI20: 1 | DJ20: 0.34027778 | DK20: 0.80902778 | DL20: =MOD(DK20-DJ20,1)*24 | DM20: 1 | DN20: 0.34791667 | DO20: 0.92638889 | DP20: =MOD(DO20-DN20,1)*24 | DQ20: 1 | DR20: 0.34791667 | DS20: 0.98055556 | DT20: =MOD(DS20-DR20,1)*24 | DU20: 1 | DZ20: =H20+L20+P20+T20+X20+AB20+AF20+AJ20+AN20+AR20+AV20+AZ20+BD20+BH20+BL20+BP20+BT20+BX20+CB20+CF20+CJ20+CN20+CR20+CV20+CZ20+DD20+DH20+DL20+DP20+DT20 | EA20: =I20+M20+Q20+U20+Y20+AC20+AG20+AK20+AO20+AS20+AW20+BA20+BE20+BI20+BM20+BQ20+BU20+BY20+CC20+CG20+CK20+CO20+CS20+CW20+DA20+DE20+DI20+DM20+DQ20+DU20
A21: 五楼 | B21: 李荧 | C21: 22 | D21: 订单部 | E21: 审单组 | F21: 08:20 | G21: 0.75625 | H21: =MOD(G21-F21,1)*24 | I21: 1 | J21: 0.33888889 | K21: 0.75069444 | L21: =MOD(K21-J21,1)*24 | M21: 1 | N21: 0.34722222 | O21: 0.75138889 | P21: =MOD(O21-N21,1)*24 | Q21: 1 | R21: 0.34375 | S21: 0.76388889 | T21: =MOD(S21-R21,1)*24 | U21: 1 | V21: 0.33819444 | W21: 0.75833333 | X21: =MOD(W21-V21,1)*24 | Y21: 1 | Z21: 0.33263889 | AA21: 0.77361111 | AB21: =MOD(AA21-Z21,1)*24 | AC21: 1 | AH21: 0.34305556 | AI21: 0.75833333 | AJ21: =MOD(AI21-AH21,1)*24 | AK21: 1 | AL21: 0.34375 | AM21: 0.75277778 | AN21: =MOD(AM21-AL21,1)*24 | AO21: 1 | AP21: 0.34513889 | AQ21: 0.75 | AR21: =MOD(AQ21-AP21,1)*24 | AS21: 1 | AT21: 0.34166667 | AU21: 0.75833333 | AV21: =MOD(AU21-AT21,1)*24 | AW21: 1 | AX21: 0.34652778 | AY21: 0.75763889 | AZ21: =MOD(AY21-AX21,1)*24 | BA21: 1 | BB21: 0.35 | BC21: 0.75555556 | BD21: =MOD(BC21-BB21,1)*24 | BE21: 1 | BJ21: 0.35069444 | BK21: 0.75138889 | BL21: =MOD(BK21-BJ21,1)*24 | BM21: 1 | BN21: 0.34513889 | BO21: 0.75277778 | BP21: =MOD(BO21-BN21,1)*24 | BQ21: 1 | BR21: 0.34097222 | BS21: 0.75208333 | BT21: =MOD(BS21-BR21,1)*24 | BU21: 1 | BV21: 0.34027778 | BW21: 0.75138889 | BX21: =MOD(BW21-BV21,1)*24 | BY21: 1 | CH21: 0.34652778 | CI21: 0.75833333 | CJ21: =MOD(CI21-CH21,1)*24 | CK21: 1 | CL21: 0.34722222 | CM21: 0.77569444 | CN21: =MOD(CM21-CL21,1)*24 | CO21: 1 | CP21: 0.34375 | CQ21: 0.75069444 | CR21: =MOD(CQ21-CP21,1)*24 | CS21: 1 | CT21: 0.34166667 | CU21: 0.75208333 | CV21: =MOD(CU21-CT21,1)*24 | CW21: 1 | DB21: 0.34166667 | DC21: 0.76666667 | DD21: =MOD(DC21-DB21,1)*24 | DE21: 1 | DF21: 0.34097222 | DG21: 0.76597222 | DH21: =MOD(DG21-DF21,1)*24 | DI21: 1 | DJ21: 0.35 | DK21: 0.76597222 | DL21: =MOD(DK21-DJ21,1)*24 | DM21: 1 | DN21: 0.34652778 | DO21: 0.92777778 | DP21: =MOD(DO21-DN21,1)*24 | DQ21: 1 | DR21: 0.98402778 | DU21: 0.5 | DZ21: =H21+L21+P21+T21+X21+AB21+AF21+AJ21+AN21+AR21+AV21+AZ21+BD21+BH21+BL21+BP21+BT21+BX21+CB21+CF21+CJ21+CN21+CR21+CV21+CZ21+DD21+DH21+DL21+DP21+DT21 | EA21: =I21+M21+Q21+U21+Y21+AC21+AG21+AK21+AO21+AS21+AW21+BA21+BE21+BI21+BM21+BQ21+BU21+BY21+CC21+CG21+CK21+CO21+CS21+CW21+DA21+DE21+DI21+DM21+DQ21+DU21
A22: 五楼 | B22: 贺悦 | C22: 23 | D22: 信息部 | E22: 信息部 | F22: 08:24 | G22: 0.75138889 | H22: =MOD(G22-F22,1)*24 | I22: 1 | J22: 0.35138889 | K22: 0.75625 | L22: =MOD(K22-J22,1)*24 | M22: 1 | N22: 0.34652778 | O22: 0.75208333 | P22: =MOD(O22-N22,1)*24 | Q22: 1 | R22: 0.35069444 | S22: 0.75486111 | T22: =MOD(S22-R22,1)*24 | U22: 1 | V22: 0.35 | W22: 0.7625 | X22: =MOD(W22-V22,1)*24 | Y22: 1 | Z22: 0.35069444 | AA22: 0.75138889 | AB22: =MOD(AA22-Z22,1)*24 | AC22: 1 | AH22: 0.34930556 | AI22: 0.75069444 | AJ22: =MOD(AI22-AH22,1)*24 | AK22: 1 | AL22: 0.34861111 | AM22: 0.75138889 | AN22: =MOD(AM22-AL22,1)*24 | AO22: 1 | AP22: 0.35069444 | AQ22: 0.75069444 | AR22: =MOD(AQ22-AP22,1)*24 | AS22: 1 | AT22: 0.35138889 | AU22: 0.75208333 | AV22: =MOD(AU22-AT22,1)*24 | AW22: 1 | AX22: 0.35 | AY22: 0.7625 | AZ22: =MOD(AY22-AX22,1)*24 | BA22: 1 | BB22: 0.35208333 | BC22: 0.75 | BD22: =MOD(BC22-BB22,1)*24 | BE22: 1 | BJ22: 0.34930556 | BK22: 0.76041667 | BL22: =MOD(BK22-BJ22,1)*24 | BM22: 1 | BN22: 0.35 | BO22: 0.75416667 | BP22: =MOD(BO22-BN22,1)*24 | BQ22: 1 | BR22: 0.35138889 | BS22: 0.75138889 | BT22: =MOD(BS22-BR22,1)*24 | BU22: 1 | BV22: 0.35277778 | BW22: 0.75138889 | BX22: =MOD(BW22-BV22,1)*24 | BY22: 1 | CH22: 0.35208333 | CI22: 0.75347222 | CJ22: =MOD(CI22-CH22,1)*24 | CK22: 1 | CL22: 0.35 | CM22: 0.75486111 | CN22: =MOD(CM22-CL22,1)*24 | CO22: 1 | CP22: 0.35277778 | CQ22: 0.79861111 | CR22: =MOD(CQ22-CP22,1)*24 | CS22: 1 | CT22: 0.35347222 | CU22: 0.79861111 | CV22: =MOD(CU22-CT22,1)*24 | CW22: 1 | CX22: 0.35 | CZ22: =MOD(CY22-CX22,1)*24 | DA22: 0.5 | DB22: 0.35277778 | DC22: 0.78958333 | DD22: =MOD(DC22-DB22,1)*24 | DE22: 1 | DF22: 0.35208333 | DG22: 0.75138889 | DH22: =MOD(DG22-DF22,1)*24 | DI22: 1 | DN22: 0.35 | DO22: 0.75972222 | DP22: =MOD(DO22-DN22,1)*24 | DQ22: 1 | DR22: 0.35208333 | DS22: 0.75555556 | DT22: =MOD(DS22-DR22,1)*24 | DU22: 1 | DZ22: =H22+L22+P22+T22+X22+AB22+AF22+AJ22+AN22+AR22+AV22+AZ22+BD22+BH22+BL22+BP22+BT22+BX22+CB22+CF22+CJ22+CN22+CR22+CV22+CZ22+DD22+DH22+DL22+DP22+DT22 | EA22: =I22+M22+Q22+U22+Y22+AC22+AG22+AK22+AO22+AS22+AW22+BA22+BE22+BI22+BM22+BQ22+BU22+BY22+CC22+CG22+CK22+CO22+CS22+CW22+DA22+DE22+DI22+DM22+DQ22+DU22
A23: 五楼 | B23: 莫娇 | C23: 24 | D23: 订单部 | E23: 接单报价组 | F23: 08:25 | G23: 0.75069444 | H23: =MOD(G23-F23,1)*24 | I23: 1 | J23: 0.35138889 | K23: 0.75069444 | L23: =MOD(K23-J23,1)*24 | M23: 1 | R23: 0.34791667 | S23: 0.75069444 | T23: =MOD(S23-R23,1)*24 | U23: 1 | V23: 0.34861111 | W23: 0.75069444 | X23: =MOD(W23-V23,1)*24 | Y23: 1 | Z23: 0.34930556 | AA23: 0.75069444 | AB23: =MOD(AA23-Z23,1)*24 | AC23: 1 | AD23: 0.35 | AE23: 0.75069444 | AF23: =MOD(AE23-AD23,1)*24 | AG23: 1 | AH23: 0.35277778 | AI23: 0.75138889 | AJ23: =MOD(AI23-AH23,1)*24 | AK23: 1 | AL23: 0.34930556 | AM23: 0.75069444 | AN23: =MOD(AM23-AL23,1)*24 | AO23: 1 | AP23: 0.35 | AQ23: 0.75069444 | AR23: =MOD(AQ23-AP23,1)*24 | AS23: 1 | AT23: 0.34861111 | AU23: 0.75069444 | AV23: =MOD(AU23-AT23,1)*24 | AW23: 1 | AX23: 0.34861111 | AY23: 0.75138889 | AZ23: =MOD(AY23-AX23,1)*24 | BA23: 1 | BB23: 0.34930556 | BC23: 0.75069444 | BD23: =MOD(BC23-BB23,1)*24 | BE23: 1 | BJ23: 0.34722222 | BK23: 0.75138889 | BL23: =MOD(BK23-BJ23,1)*24 | BM23: 1 | BN23: 0.34791667 | BO23: 0.75069444 | BP23: =MOD(BO23-BN23,1)*24 | BQ23: 1 | BR23: 0.35069444 | BS23: 0.75069444 | BT23: =MOD(BS23-BR23,1)*24 | BU23: 1 | BV23: 0.34930556 | BW23: 0.75069444 | BX23: =MOD(BW23-BV23,1)*24 | BY23: 1 | CH23: 0.34861111 | CI23: 0.75069444 | CJ23: =MOD(CI23-CH23,1)*24 | CK23: 1 | CL23: 0.35 | CM23: 0.75138889 | CN23: =MOD(CM23-CL23,1)*24 | CO23: 1 | CP23: 0.34722222 | CQ23: 0.75069444 | CR23: =MOD(CQ23-CP23,1)*24 | CS23: 1 | CT23: 0.34583333 | CU23: 0.75069444 | CV23: =MOD(CU23-CT23,1)*24 | CW23: 1 | CX23: 0.35 | CY23: 0.75069444 | CZ23: =MOD(CY23-CX23,1)*24 | DA23: 1 | DF23: 0.34652778 | DG23: 0.75069444 | DH23: =MOD(DG23-DF23,1)*24 | DI23: 1 | DJ23: 0.34097222 | DK23: 0.75069444 | DL23: =MOD(DK23-DJ23,1)*24 | DM23: 1 | DN23: 0.35069444 | DO23: 0.75069444 | DP23: =MOD(DO23-DN23,1)*24 | DQ23: 1 | DR23: 0.34722222 | DS23: 0.96736111 | DT23: =MOD(DS23-DR23,1)*24 | DU23: 1 | DZ23: =H23+L23+P23+T23+X23+AB23+AF23+AJ23+AN23+AR23+AV23+AZ23+BD23+BH23+BL23+BP23+BT23+BX23+CB23+CF23+CJ23+CN23+CR23+CV23+CZ23+DD23+DH23+DL23+DP23+DT23 | EA23: =I23+M23+Q23+U23+Y23+AC23+AG23+AK23+AO23+AS23+AW23+BA23+BE23+BI23+BM23+BQ23+BU23+BY23+CC23+CG23+CK23+CO23+CS23+CW23+DA23+DE23+DI23+DM23+DQ23+DU23
A24: 五楼 | B24: 田建锋 | C24: 26 | D24: 订单部 | E24: 审单组 | F24: 08:13 | G24: 0.79583333 | H24: =MOD(G24-F24,1)*24 | I24: 1 | J24: 0.34652778 | K24: 0.5 | L24: =MOD(K24-J24,1)*24 | M24: 0.5 | N24: 0.34791667 | O24: 0.75138889 | P24: =MOD(O24-N24,1)*24 | Q24: 1 | R24: 0.34861111 | S24: 0.81111111 | T24: =MOD(S24-R24,1)*24 | U24: 1 | V24: 0.34027778 | W24: 0.76111111 | X24: =MOD(W24-V24,1)*24 | Y24: 1 | Z24: 0.75694444 | AC24: 0.5 | AD24: 0.34722222 | AE24: 0.75 | AF24: =MOD(AE24-AD24,1)*24 | AG24: 1 | AH24: 0.34583333 | AI24: 0.75138889 | AJ24: =MOD(AI24-AH24,1)*24 | AK24: 1 | AL24: 0.34652778 | AM24: 0.5 | AN24: =MOD(AM24-AL24,1)*24 | AO24: 0.5 | AP24: 0.34583333 | AQ24: 0.78055556 | AR24: =MOD(AQ24-AP24,1)*24 | AS24: 1 | AT24: 0.34027778 | AU24: 0.75833333 | AV24: =MOD(AU24-AT24,1)*24 | AW24: 1 | AX24: 0.34444444 | AY24: 0.75763889 | AZ24: =MOD(AY24-AX24,1)*24 | BA24: 1 | BB24: 0.34513889 | BC24: 0.76458333 | BD24: =MOD(BC24-BB24,1)*24 | BE24: 1 | BJ24: 0.34305556 | BK24: 0.75138889 | BL24: =MOD(BK24-BJ24,1)*24 | BM24: 1 | BN24: 0.34513889 | BO24: 0.75416667 | BP24: =MOD(BO24-BN24,1)*24 | BQ24: 1 | BR24: 0.35069444 | BS24: 0.75208333 | BT24: =MOD(BS24-BR24,1)*24 | BU24: 1 | BV24: 0.34513889 | BW24: 0.75069444 | BX24: =MOD(BW24-BV24,1)*24 | BY24: 1 | CD24: 0.34097222 | CE24: 0.75069444 | CF24: =MOD(CE24-CD24,1)*24 | CG24: 1 | CH24: 0.34652778 | CI24: 0.75555556 | CJ24: =MOD(CI24-CH24,1)*24 | CK24: 1 | CL24: 0.34583333 | CM24: 0.50069444 | CN24: =MOD(CM24-CL24,1)*24 | CO24: 0.5 | CP24: 0.34583333 | CQ24: 0.75069444 | CR24: =MOD(CQ24-CP24,1)*24 | CS24: 1 | CT24: 0.34375 | CU24: 0.75833333 | CV24: =MOD(CU24-CT24,1)*24 | CW24: 1 | CX24: 0.34930556 | CY24: 0.75069444 | CZ24: =MOD(CY24-CX24,1)*24 | DA24: 1 | DF24: 0.34583333 | DG24: 0.75625 | DH24: =MOD(DG24-DF24,1)*24 | DI24: 1 | DJ24: 0.34375 | DK24: 0.76597222 | DL24: =MOD(DK24-DJ24,1)*24 | DM24: 1 | DN24: 0.34236111 | DO24: 0.92361111 | DP24: =MOD(DO24-DN24,1)*24 | DQ24: 1 | DR24: 0.34305556 | DS24: 0.94097222 | DT24: =MOD(DS24-DR24,1)*24 | DU24: 1 | DZ24: =H24+L24+P24+T24+X24+AB24+AF24+AJ24+AN24+AR24+AV24+AZ24+BD24+BH24+BL24+BP24+BT24+BX24+CB24+CF24+CJ24+CN24+CR24+CV24+CZ24+DD24+DH24+DL24+DP24+DT24 | EA24: =I24+M24+Q24+U24+Y24+AC24+AG24+AK24+AO24+AS24+AW24+BA24+BE24+BI24+BM24+BQ24+BU24+BY24+CC24+CG24+CK24+CO24+CS24+CW24+DA24+DE24+DI24+DM24+DQ24+DU24
A25: 五楼 | B25: 李红波 | C25: 27 | D25: 订单部 | E25: 审单组 | F25: 08:23 | G25: 0.75208333 | H25: =MOD(G25-F25,1)*24 | I25: 1 | J25: 0.35 | K25: 0.75138889 | L25: =MOD(K25-J25,1)*24 | M25: 1 | N25: 0.34444444 | O25: 0.75138889 | P25: =MOD(O25-N25,1)*24 | Q25: 1 | R25: 0.34375 | S25: 0.75347222 | T25: =MOD(S25-R25,1)*24 | U25: 1 | V25: 0.34305556 | W25: 0.75555556 | X25: =MOD(W25-V25,1)*24 | Y25: 1 | Z25: 0.34444444 | AA25: 0.75138889 | AB25: =MOD(AA25-Z25,1)*24 | AC25: 1 | AH25: 0.33888889 | AI25: 0.75416667 | AJ25: =MOD(AI25-AH25,1)*24 | AK25: 1 | AL25: 0.34722222 | AM25: 0.75555556 | AN25: =MOD(AM25-AL25,1)*24 | AO25: 1 | AP25: 0.34930556 | AQ25: 0.75347222 | AR25: =MOD(AQ25-AP25,1)*24 | AS25: 1 | AT25: 0.34375 | AU25: 0.75902778 | AV25: =MOD(AU25-AT25,1)*24 | AW25: 1 | AX25: 0.34722222 | AY25: 0.75277778 | AZ25: =MOD(AY25-AX25,1)*24 | BA25: 1 | BB25: 0.34444444 | BC25: 0.75277778 | BD25: =MOD(BC25-BB25,1)*24 | BE25: 1 | BJ25: 0.34305556 | BK25: 0.75208333 | BL25: =MOD(BK25-BJ25,1)*24 | BM25: 1 | BN25: 0.34652778 | BO25: 0.75138889 | BP25: =MOD(BO25-BN25,1)*24 | BQ25: 1 | BR25: 0.34652778 | BS25: 0.76805556 | BT25: =MOD(BS25-BR25,1)*24 | BU25: 1 | BV25: 0.34166667 | BW25: 0.75138889 | BX25: =MOD(BW25-BV25,1)*24 | BY25: 1 | CH25: 0.34236111 | CI25: 0.75833333 | CJ25: =MOD(CI25-CH25,1)*24 | CK25: 1 | CL25: 0.35 | CM25: 0.75486111 | CN25: =MOD(CM25-CL25,1)*24 | CO25: 1 | CP25: 0.34236111 | CQ25: 0.75069444 | CR25: =MOD(CQ25-CP25,1)*24 | CS25: 1 | CT25: 0.34652778 | CU25: 0.75069444 | CV25: =MOD(CU25-CT25,1)*24 | CW25: 1 | CX25: 0.34236111 | CY25: 0.75694444 | CZ25: =MOD(CY25-CX25,1)*24 | DA25: 1 | DB25: 0.34513889 | DC25: 0.75277778 | DD25: =MOD(DC25-DB25,1)*24 | DE25: 1 | DF25: 0.34513889 | DH25: =MOD(DG25-DF25,1)*24 | DI25: 1 | DN25: 0.34583333 | DO25: 0.75625 | DP25: =MOD(DO25-DN25,1)*24 | DQ25: 1 | DR25: 0.34722222 | DS25: 0.78055556 | DT25: =MOD(DS25-DR25,1)*24 | DU25: 1 | DZ25: =H25+L25+P25+T25+X25+AB25+AF25+AJ25+AN25+AR25+AV25+AZ25+BD25+BH25+BL25+BP25+BT25+BX25+CB25+CF25+CJ25+CN25+CR25+CV25+CZ25+DD25+DH25+DL25+DP25+DT25 | EA25: =I25+M25+Q25+U25+Y25+AC25+AG25+AK25+AO25+AS25+AW25+BA25+BE25+BI25+BM25+BQ25+BU25+BY25+CC25+CG25+CK25+CO25+CS25+CW25+DA25+DE25+DI25+DM25+DQ25+DU25
A26: 五楼 | B26: 陈明会 | C26: 28 | D26: 综合部 | E26: 财务核价 | F26: 08:16 | G26: 0.75416667 | H26: =MOD(G26-F26,1)*24 | I26: 1 | J26: 0.32777778 | K26: 0.75138889 | L26: =MOD(K26-J26,1)*24 | M26: 1 | N26: 0.34305556 | O26: 0.75902778 | P26: =MOD(O26-N26,1)*24 | Q26: 1 | R26: 0.32638889 | S26: 0.8 | T26: =MOD(S26-R26,1)*24 | U26: 1 | V26: 0.34583333 | W26: 0.75763889 | X26: =MOD(W26-V26,1)*24 | Y26: 1 | Z26: 0.34236111 | AA26: 0.75138889 | AB26: =MOD(AA26-Z26,1)*24 | AC26: 1 | AH26: 0.34583333 | AI26: 0.76597222 | AJ26: =MOD(AI26-AH26,1)*24 | AK26: 1 | AL26: 0.34444444 | AM26: 0.75763889 | AN26: =MOD(AM26-AL26,1)*24 | AO26: 1 | AP26: 0.34097222 | AQ26: 0.75625 | AR26: =MOD(AQ26-AP26,1)*24 | AS26: 1 | AT26: 0.32430556 | AU26: 0.75208333 | AV26: =MOD(AU26-AT26,1)*24 | AW26: 1 | AX26: 0.33888889 | AY26: 0.75277778 | AZ26: =MOD(AY26-AX26,1)*24 | BA26: 1 | BB26: 0.34444444 | BC26: 0.75208333 | BD26: =MOD(BC26-BB26,1)*24 | BE26: 1 | BJ26: 0.34375 | BK26: 0.75277778 | BL26: =MOD(BK26-BJ26,1)*24 | BM26: 1 | BN26: 0.33472222 | BO26: 0.75208333 | BP26: =MOD(BO26-BN26,1)*24 | BQ26: 1 | BR26: 0.32777778 | BS26: 0.75138889 | BT26: =MOD(BS26-BR26,1)*24 | BU26: 1 | BV26: 0.33472222 | BW26: 0.75347222 | BX26: =MOD(BW26-BV26,1)*24 | BY26: 1 | CH26: 0.33680556 | CI26: 0.75 | CJ26: =MOD(CI26-CH26,1)*24 | CK26: 1 | CL26: 0.34097222 | CM26: 0.75208333 | CN26: =MOD(CM26-CL26,1)*24 | CO26: 1 | CP26: 0.32638889 | CQ26: 0.75555556 | CR26: =MOD(CQ26-CP26,1)*24 | CS26: 1 | CT26: 0.33402778 | CU26: 0.75208333 | CV26: =MOD(CU26-CT26,1)*24 | CW26: 1 | CX26: 0.34513889 | CY26: 0.76875 | CZ26: =MOD(CY26-CX26,1)*24 | DA26: 1 | DB26: 0.33402778 | DC26: 0.75833333 | DD26: =MOD(DC26-DB26,1)*24 | DE26: 1 | DF26: 0.34236111 | DG26: 0.75694444 | DH26: =MOD(DG26-DF26,1)*24 | DI26: 1 | DN26: 0.34375 | DO26: 0.80277778 | DP26: =MOD(DO26-DN26,1)*24 | DQ26: 1 | DR26: 0.34583333 | DS26: 0.87361111 | DT26: =MOD(DS26-DR26,1)*24 | DU26: 1 | DZ26: =H26+L26+P26+T26+X26+AB26+AF26+AJ26+AN26+AR26+AV26+AZ26+BD26+BH26+BL26+BP26+BT26+BX26+CB26+CF26+CJ26+CN26+CR26+CV26+CZ26+DD26+DH26+DL26+DP26+DT26 | EA26: =I26+M26+Q26+U26+Y26+AC26+AG26+AK26+AO26+AS26+AW26+BA26+BE26+BI26+BM26+BQ26+BU26+BY26+CC26+CG26+CK26+CO26+CS26+CW26+DA26+DE26+DI26+DM26+DQ26+DU26
A27: 五楼 | B27: 张金彬 | C27: 29 | D27: 设计部 | E27: 设计组 | F27: 08:20 | G27: 0.75694444 | H27: =MOD(G27-F27,1)*24 | I27: 1 | J27: 0.35208333 | K27: 0.75486111 | L27: =MOD(K27-J27,1)*24 | M27: 1 | N27: 0.34791667 | O27: 0.75694444 | P27: =MOD(O27-N27,1)*24 | Q27: 1 | R27: 0.34791667 | S27: 0.81944444 | T27: =MOD(S27-R27,1)*24 | U27: 1 | V27: 0.34722222 | W27: 0.75972222 | X27: =MOD(W27-V27,1)*24 | Y27: 1 | Z27: 0.34791667 | AA27: 0.75833333 | AB27: =MOD(AA27-Z27,1)*24 | AC27: 1 | AH27: 0.75208333 | AK27: 0.5 | AL27: 0.35208333 | AM27: 0.75277778 | AN27: =MOD(AM27-AL27,1)*24 | AO27: 1 | AP27: 0.35 | AQ27: 0.90694444 | AR27: =MOD(AQ27-AP27,1)*24 | AS27: 1 | AT27: 0.35277778 | AU27: 0.75416667 | AV27: =MOD(AU27-AT27,1)*24 | AW27: 1 | AX27: 0.34722222 | AY27: 0.75208333 | AZ27: =MOD(AY27-AX27,1)*24 | BA27: 1 | BB27: 0.34652778 | BC27: 0.75069444 | BD27: =MOD(BC27-BB27,1)*24 | BE27: 1 | BJ27: 0.35347222 | BK27: 0.75208333 | BL27: =MOD(BK27-BJ27,1)*24 | BM27: 1 | BN27: 0.34930556 | BO27: 0.75208333 | BP27: =MOD(BO27-BN27,1)*24 | BQ27: 1 | BR27: 0.34930556 | BS27: 0.75277778 | BT27: =MOD(BS27-BR27,1)*24 | BU27: 1 | BV27: 0.34930556 | BW27: 0.75555556 | BX27: =MOD(BW27-BV27,1)*24 | BY27: 1 | CH27: 0.35 | CI27: 0.75694444 | CJ27: =MOD(CI27-CH27,1)*24 | CK27: 1 | CL27: 0.34930556 | CM27: 0.75416667 | CN27: =MOD(CM27-CL27,1)*24 | CO27: 1 | CP27: 0.34930556 | CQ27: 0.75972222 | CR27: =MOD(CQ27-CP27,1)*24 | CS27: 1 | CT27: 0.35 | CU27: 0.75138889 | CV27: =MOD(CU27-CT27,1)*24 | CW27: 1 | CX27: 0.34930556 | CY27: 0.76180556 | CZ27: =MOD(CY27-CX27,1)*24 | DA27: 1 | DB27: 0.35 | DC27: 0.75694444 | DD27: =MOD(DC27-DB27,1)*24 | DE27: 1 | DF27: 0.34513889 | DG27: 0.75208333 | DH27: =MOD(DG27-DF27,1)*24 | DI27: 1 | DN27: 0.34861111 | DO27: 0.75416667 | DP27: =MOD(DO27-DN27,1)*24 | DQ27: 1 | DR27: 0.34722222 | DS27: 0.77013889 | DT27: =MOD(DS27-DR27,1)*24 | DU27: 1 | DZ27: =H27+L27+P27+T27+X27+AB27+AF27+AJ27+AN27+AR27+AV27+AZ27+BD27+BH27+BL27+BP27+BT27+BX27+CB27+CF27+CJ27+CN27+CR27+CV27+CZ27+DD27+DH27+DL27+DP27+DT27 | EA27: =I27+M27+Q27+U27+Y27+AC27+AG27+AK27+AO27+AS27+AW27+BA27+BE27+BI27+BM27+BQ27+BU27+BY27+CC27+CG27+CK27+CO27+CS27+CW27+DA27+DE27+DI27+DM27+DQ27+DU27
A28: 五楼 | B28: 吕丹丹 | C28: 31 | D28: 订单部 | E28: 接单报价组 | F28: 08:26 | G28: 0.75069444 | H28: =MOD(G28-F28,1)*24 | I28: 1 | J28: 0.35138889 | K28: 0.75069444 | L28: =MOD(K28-J28,1)*24 | M28: 1 | R28: 0.34791667 | S28: 0.75069444 | T28: =MOD(S28-R28,1)*24 | U28: 1 | V28: 0.34861111 | W28: 0.75 | X28: =MOD(W28-V28,1)*24 | Y28: 1 | Z28: 0.34930556 | AA28: 0.75069444 | AB28: =MOD(AA28-Z28,1)*24 | AC28: 1 | AD28: 0.35 | AE28: 0.75069444 | AF28: =MOD(AE28-AD28,1)*24 | AG28: 1 | AH28: 0.35277778 | AI28: 0.75069444 | AJ28: =MOD(AI28-AH28,1)*24 | AK28: 1 | AL28: 0.34930556 | AM28: 0.75069444 | AN28: =MOD(AM28-AL28,1)*24 | AO28: 1 | AP28: 0.35 | AQ28: 0.75069444 | AR28: =MOD(AQ28-AP28,1)*24 | AS28: 1 | AT28: 0.34861111 | AU28: 0.75138889 | AV28: =MOD(AU28-AT28,1)*24 | AW28: 1 | AX28: 0.34861111 | AY28: 0.75069444 | AZ28: =MOD(AY28-AX28,1)*24 | BA28: 1 | BB28: 0.34930556 | BC28: 0.75069444 | BD28: =MOD(BC28-BB28,1)*24 | BE28: 1 | BJ28: 0.34791667 | BK28: 0.75069444 | BL28: =MOD(BK28-BJ28,1)*24 | BM28: 1 | BN28: 0.34791667 | BO28: 0.75069444 | BP28: =MOD(BO28-BN28,1)*24 | BQ28: 1 | BR28: 0.35069444 | BS28: 0.75138889 | BT28: =MOD(BS28-BR28,1)*24 | BU28: 1 | BV28: 0.34930556 | BW28: 0.75069444 | BX28: =MOD(BW28-BV28,1)*24 | BY28: 1 | CH28: 0.34861111 | CI28: 0.75069444 | CJ28: =MOD(CI28-CH28,1)*24 | CK28: 1 | CL28: 0.35 | CM28: 0.75138889 | CN28: =MOD(CM28-CL28,1)*24 | CO28: 1 | CP28: 0.34791667 | CQ28: 0.75069444 | CR28: =MOD(CQ28-CP28,1)*24 | CS28: 1 | CT28: 0.34583333 | CU28: 0.75138889 | CV28: =MOD(CU28-CT28,1)*24 | CW28: 1 | CX28: 0.35 | CY28: 0.75069444 | CZ28: =MOD(CY28-CX28,1)*24 | DA28: 1 | DB28: 0.35277778 | DC28: 0.75069444 | DD28: =MOD(DC28-DB28,1)*24 | DE28: 1 | DF28: 0.34652778 | DG28: 0.75069444 | DH28: =MOD(DG28-DF28,1)*24 | DI28: 1 | DN28: 0.35069444 | DO28: 0.75277778 | DP28: =MOD(DO28-DN28,1)*24 | DQ28: 1 | DR28: 0.34722222 | DS28: 0.76666667 | DT28: =MOD(DS28-DR28,1)*24 | DU28: 1 | DZ28: =H28+L28+P28+T28+X28+AB28+AF28+AJ28+AN28+AR28+AV28+AZ28+BD28+BH28+BL28+BP28+BT28+BX28+CB28+CF28+CJ28+CN28+CR28+CV28+CZ28+DD28+DH28+DL28+DP28+DT28 | EA28: =I28+M28+Q28+U28+Y28+AC28+AG28+AK28+AO28+AS28+AW28+BA28+BE28+BI28+BM28+BQ28+BU28+BY28+CC28+CG28+CK28+CO28+CS28+CW28+DA28+DE28+DI28+DM28+DQ28+DU28
A29: 五楼 | B29: 李光义 | C29: 32 | D29: 综合部 | E29: 固豪售后 | F29: 08:29 | G29: 0.75138889 | H29: =MOD(G29-F29,1)*24 | I29: 1 | J29: 0.35069444 | K29: 0.75069444 | L29: =MOD(K29-J29,1)*24 | M29: 1 | N29: 0.35208333 | O29: 0.75069444 | P29: =MOD(O29-N29,1)*24 | Q29: 1 | R29: 0.325 | S29: 0.75972222 | T29: =MOD(S29-R29,1)*24 | U29: 1 | V29: 0.33402778 | W29: 0.84930556 | X29: =MOD(W29-V29,1)*24 | Y29: 1 | Z29: 0.35069444 | AA29: 0.75486111 | AB29: =MOD(AA29-Z29,1)*24 | AC29: 1 | AH29: 0.33958333 | AI29: 0.75208333 | AJ29: =MOD(AI29-AH29,1)*24 | AK29: 1 | AL29: 0.34791667 | AM29: 0.75069444 | AN29: =MOD(AM29-AL29,1)*24 | AO29: 1 | AP29: 0.35 | AQ29: 0.75069444 | AR29: =MOD(AQ29-AP29,1)*24 | AS29: 1 | AT29: 0.3375 | AU29: 0.77013889 | AV29: =MOD(AU29-AT29,1)*24 | AW29: 1 | AX29: 0.33402778 | AY29: 0.86111111 | AZ29: =MOD(AY29-AX29,1)*24 | BA29: 1 | BB29: 0.33472222 | BC29: 0.75 | BD29: =MOD(BC29-BB29,1)*24 | BE29: 1 | BJ29: 0.33680556 | BK29: 0.75069444 | BL29: =MOD(BK29-BJ29,1)*24 | BM29: 1 | BN29: 0.3375 | BO29: 0.75138889 | BP29: =MOD(BO29-BN29,1)*24 | BQ29: 1 | BR29: 0.33888889 | BS29: 0.76111111 | BT29: =MOD(BS29-BR29,1)*24 | BU29: 1 | BV29: 0.33125 | BW29: 0.75208333 | BX29: =MOD(BW29-BV29,1)*24 | BY29: 1 | CH29: 0.35277778 | CI29: 0.75138889 | CJ29: =MOD(CI29-CH29,1)*24 | CK29: 1 | CL29: 0.33611111 | CM29: 0.75347222 | CN29: =MOD(CM29-CL29,1)*24 | CO29: 1 | CP29: 0.35138889 | CQ29: 0.88541667 | CR29: =MOD(CQ29-CP29,1)*24 | CS29: 1 | CT29: 0.33888889 | CU29: 0.75347222 | CV29: =MOD(CU29-CT29,1)*24 | CW29: 1 | CX29: 0.33402778 | CY29: 0.78402778 | CZ29: =MOD(CY29-CX29,1)*24 | DA29: 1 | DB29: 0.35277778 | DC29: 0.89027778 | DD29: =MOD(DC29-DB29,1)*24 | DE29: 1 | DF29: 0.35208333 | DG29: 0.75138889 | DH29: =MOD(DG29-DF29,1)*24 | DI29: 1 | DN29: 0.35208333 | DO29: 0.75138889 | DP29: =MOD(DO29-DN29,1)*24 | DQ29: 1 | DR29: 0.32569444 | DS29: 0.75138889 | DT29: =MOD(DS29-DR29,1)*24 | DU29: 1 | DZ29: =H29+L29+P29+T29+X29+AB29+AF29+AJ29+AN29+AR29+AV29+AZ29+BD29+BH29+BL29+BP29+BT29+BX29+CB29+CF29+CJ29+CN29+CR29+CV29+CZ29+DD29+DH29+DL29+DP29+DT29 | EA29: =I29+M29+Q29+U29+Y29+AC29+AG29+AK29+AO29+AS29+AW29+BA29+BE29+BI29+BM29+BQ29+BU29+BY29+CC29+CG29+CK29+CO29+CS29+CW29+DA29+DE29+DI29+DM29+DQ29+DU29
A30: 五楼 | B30: 李光义 | C30: 32 | D30: 综合部 | E30: 固豪售后
A31: 五楼 | B31: 匡启素 | C31: 33 | D31: 综合部 | E31: 综合部 | F31: 08:16 | G31: 0.76597222 | H31: =MOD(G31-F31,1)*24 | I31: 1 | J31: 0.34166667 | K31: 0.86319444 | L31: =MOD(K31-J31,1)*24 | M31: 1 | N31: 0.33680556 | O31: 0.78541667 | P31: =MOD(O31-N31,1)*24 | Q31: 1 | R31: 0.33888889 | S31: 0.8 | T31: =MOD(S31-R31,1)*24 | U31: 1 | V31: 0.32569444 | W31: 0.87083333 | X31: =MOD(W31-V31,1)*24 | Y31: 1 | Z31: 0.33958333 | AA31: 0.79652778 | AB31: =MOD(AA31-Z31,1)*24 | AC31: 1 | AH31: 0.33055556 | AI31: 0.78611111 | AJ31: =MOD(AI31-AH31,1)*24 | AK31: 1 | AL31: 0.3375 | AM31: 0.87986111 | AN31: =MOD(AM31-AL31,1)*24 | AO31: 1 | AP31: 0.34583333 | AQ31: 0.75625 | AR31: =MOD(AQ31-AP31,1)*24 | AS31: 1 | AT31: 0.34444444 | AU31: 0.78611111 | AV31: =MOD(AU31-AT31,1)*24 | AW31: 1 | AX31: 0.32777778 | AY31: 0.86805556 | AZ31: =MOD(AY31-AX31,1)*24 | BA31: 1 | BB31: 0.33125 | BC31: 0.76041667 | BD31: =MOD(BC31-BB31,1)*24 | BE31: 1 | BJ31: 0.33472222 | BK31: 0.78472222 | BL31: =MOD(BK31-BJ31,1)*24 | BM31: 1 | BN31: 0.34097222 | BQ31: 0.5 | BR31: 0.33958333 | BS31: 0.76041667 | BT31: =MOD(BS31-BR31,1)*24 | BU31: 1 | BV31: 0.34375 | BW31: 0.75625 | BX31: =MOD(BW31-BV31,1)*24 | BY31: 1 | CH31: 0.33402778 | CI31: 0.75763889 | CJ31: =MOD(CI31-CH31,1)*24 | CK31: 1 | CL31: 0.31944444 | CM31: 0.76458333 | CN31: =MOD(CM31-CL31,1)*24 | CO31: 1 | CP31: 0.33125 | CQ31: 0.89097222 | CR31: =MOD(CQ31-CP31,1)*24 | CS31: 1 | CT31: 0.33402778 | CU31: 0.78194444 | CV31: =MOD(CU31-CT31,1)*24 | CW31: 1 | CX31: 0.34305556 | CY31: 0.79097222 | CZ31: =MOD(CY31-CX31,1)*24 | DA31: 1 | DB31: 0.33611111 | DC31: 0.90555556 | DD31: =MOD(DC31-DB31,1)*24 | DE31: 1 | DF31: 0.34652778 | DG31: 0.77222222 | DH31: =MOD(DG31-DF31,1)*24 | DI31: 1 | DN31: 0.31944444 | DO31: 0.86388889 | DP31: =MOD(DO31-DN31,1)*24 | DQ31: 1 | DR31: 0.34097222 | DS31: 0.92777778 | DT31: =MOD(DS31-DR31,1)*24 | DU31: 1 | DZ31: =H31+L31+P31+T31+X31+AB31+AF31+AJ31+AN31+AR31+AV31+AZ31+BD31+BH31+BL31+BP31+BT31+BX31+CB31+CF31+CJ31+CN31+CR31+CV31+CZ31+DD31+DH31+DL31+DP31+DT31 | EA31: =I31+M31+Q31+U31+Y31+AC31+AG31+AK31+AO31+AS31+AW31+BA31+BE31+BI31+BM31+BQ31+BU31+BY31+CC31+CG31+CK31+CO31+CS31+CW31+DA31+DE31+DI31+DM31+DQ31+DU31
A32: 五楼 | B32: 兰媛 | C32: 35 | D32: 综合部 | E32: 财务核价 | F32: 08:25 | G32: 0.75138889 | H32: =MOD(G32-F32,1)*24 | I32: 1 | J32: 0.35069444 | K32: 0.75208333 | L32: =MOD(K32-J32,1)*24 | M32: 1 | N32: 0.35 | O32: 0.75902778 | P32: =MOD(O32-N32,1)*24 | Q32: 1 | R32: 0.35 | S32: 0.75555556 | T32: =MOD(S32-R32,1)*24 | U32: 1 | V32: 0.35 | W32: 0.75069444 | X32: =MOD(W32-V32,1)*24 | Y32: 1 | Z32: 0.35 | AA32: 0.75208333 | AB32: =MOD(AA32-Z32,1)*24 | AC32: 1 | AH32: 0.34861111 | AI32: 0.75138889 | AJ32: =MOD(AI32-AH32,1)*24 | AK32: 1 | AL32: 0.34930556 | AM32: 0.75138889 | AN32: =MOD(AM32-AL32,1)*24 | AO32: 1 | AP32: 0.35 | AQ32: 0.75138889 | AR32: =MOD(AQ32-AP32,1)*24 | AS32: 1 | AT32: 0.34583333 | AU32: 0.75138889 | AV32: =MOD(AU32-AT32,1)*24 | AW32: 1 | AX32: 0.34791667 | AY32: 0.75277778 | AZ32: =MOD(AY32-AX32,1)*24 | BA32: 1 | BF32: 0.35069444 | BG32: 0.75138889 | BH32: =MOD(BG32-BF32,1)*24 | BI32: 1 | BJ32: 0.34861111 | BK32: 0.75138889 | BL32: =MOD(BK32-BJ32,1)*24 | BM32: 1 | BN32: 0.34930556 | BO32: 0.75208333 | BP32: =MOD(BO32-BN32,1)*24 | BQ32: 1 | BR32: 0.34930556 | BS32: 0.75138889 | BT32: =MOD(BS32-BR32,1)*24 | BU32: 1 | BV32: 0.35 | BW32: 0.75138889 | BX32: =MOD(BW32-BV32,1)*24 | BY32: 1 | CH32: 0.34930556 | CI32: 0.75138889 | CJ32: =MOD(CI32-CH32,1)*24 | CK32: 1 | CL32: 0.34930556 | CM32: 0.75208333 | CN32: =MOD(CM32-CL32,1)*24 | CO32: 1 | CP32: 0.34791667 | CQ32: 0.75277778 | CR32: =MOD(CQ32-CP32,1)*24 | CS32: 1 | CT32: 0.34930556 | CU32: 0.75138889 | CV32: =MOD(CU32-CT32,1)*24 | CW32: 1 | CX32: 0.34930556 | CY32: 0.75347222 | CZ32: =MOD(CY32-CX32,1)*24 | DA32: 1 | DB32: 0.34722222 | DC32: 0.75972222 | DD32: =MOD(DC32-DB32,1)*24 | DE32: 1 | DF32: 0.35 | DG32: 0.76597222 | DH32: =MOD(DG32-DF32,1)*24 | DI32: 1 | DN32: 0.34861111 | DO32: 0.77916667 | DP32: =MOD(DO32-DN32,1)*24 | DQ32: 1 | DR32: 0.35 | DS32: 0.76944444 | DT32: =MOD(DS32-DR32,1)*24 | DU32: 1 | DZ32: =H32+L32+P32+T32+X32+AB32+AF32+AJ32+AN32+AR32+AV32+AZ32+BD32+BH32+BL32+BP32+BT32+BX32+CB32+CF32+CJ32+CN32+CR32+CV32+CZ32+DD32+DH32+DL32+DP32+DT32 | EA32: =I32+M32+Q32+U32+Y32+AC32+AG32+AK32+AO32+AS32+AW32+BA32+BE32+BI32+BM32+BQ32+BU32+BY32+CC32+CG32+CK32+CO32+CS32+CW32+DA32+DE32+DI32+DM32+DQ32+DU32
A33: 五楼 | B33: 兰媛 | C33: 35 | D33: 综合部 | E33: 财务核价
A34: 五楼 | B34: 方宇 | C34: 36 | D34: 订单部 | E34: 接单报价组 | F34: 08:11 | G34: 0.75069444 | H34: =MOD(G34-F34,1)*24 | I34: 1 | J34: 0.34236111 | K34: 0.75 | L34: =MOD(K34-J34,1)*24 | M34: 1 | N34: 0.34236111 | O34: 0.75069444 | P34: =MOD(O34-N34,1)*24 | Q34: 1 | R34: 0.34375 | S34: 0.75277778 | T34: =MOD(S34-R34,1)*24 | U34: 1 | V34: 0.34444444 | W34: 0.75 | X34: =MOD(W34-V34,1)*24 | Y34: 1 | Z34: 0.34513889 | AA34: 0.75069444 | AB34: =MOD(AA34-Z34,1)*24 | AC34: 1 | AH34: 0.34791667 | AI34: 0.75 | AJ34: =MOD(AI34-AH34,1)*24 | AK34: 1 | AL34: 0.34930556 | AM34: 0.75 | AN34: =MOD(AM34-AL34,1)*24 | AO34: 1 | AP34: 0.34444444 | AQ34: 0.75069444 | AR34: =MOD(AQ34-AP34,1)*24 | AS34: 1 | AT34: 0.34513889 | AU34: 0.75 | AV34: =MOD(AU34-AT34,1)*24 | AW34: 1 | AX34: 0.34097222 | AY34: 0.75 | AZ34: =MOD(AY34-AX34,1)*24 | BA34: 1 | BB34: 0.34652778 | BC34: 0.75347222 | BD34: =MOD(BC34-BB34,1)*24 | BE34: 1 | BJ34: 0.34305556 | BK34: 0.75 | BL34: =MOD(BK34-BJ34,1)*24 | BM34: 1 | BN34: 0.34722222 | BO34: 0.75 | BP34: =MOD(BO34-BN34,1)*24 | BQ34: 1 | BR34: 0.34513889 | BS34: 0.75 | BT34: =MOD(BS34-BR34,1)*24 | BU34: 1 | BV34: 0.34513889 | BW34: 0.75069444 | BX34: =MOD(BW34-BV34,1)*24 | BY34: 1 | CH34: 0.34513889 | CI34: 0.75 | CJ34: =MOD(CI34-CH34,1)*24 | CK34: 1 | CL34: 0.34236111 | CM34: 0.75 | CN34: =MOD(CM34-CL34,1)*24 | CO34: 1 | CP34: 0.33819444 | CQ34: 0.82152778 | CR34: =MOD(CQ34-CP34,1)*24 | CS34: 1 | CX34: 0.34166667 | CY34: 0.75069444 | CZ34: =MOD(CY34-CX34,1)*24 | DA34: 1 | DB34: 0.34513889 | DC34: 0.75069444 | DD34: =MOD(DC34-DB34,1)*24 | DE34: 1 | DF34: 0.35138889 | DG34: 0.75069444 | DH34: =MOD(DG34-DF34,1)*24 | DI34: 1 | DJ34: 0.35 | DK34: 0.75 | DL34: =MOD(DK34-DJ34,1)*24 | DM34: 1 | DN34: 0.34513889 | DO34: 0.75069444 | DP34: =MOD(DO34-DN34,1)*24 | DQ34: 1 | DR34: 0.34097222 | DS34: 0.75069444 | DT34: =MOD(DS34-DR34,1)*24 | DU34: 1 | DZ34: =H34+L34+P34+T34+X34+AB34+AF34+AJ34+AN34+AR34+AV34+AZ34+BD34+BH34+BL34+BP34+BT34+BX34+CB34+CF34+CJ34+CN34+CR34+CV34+CZ34+DD34+DH34+DL34+DP34+DT34 | EA34: =I34+M34+Q34+U34+Y34+AC34+AG34+AK34+AO34+AS34+AW34+BA34+BE34+BI34+BM34+BQ34+BU34+BY34+CC34+CG34+CK34+CO34+CS34+CW34+DA34+DE34+DI34+DM34+DQ34+DU34
A35: 五楼 | B35: 莫永兵 | C35: 37 | D35: 板式车间 | E35: 板式车间 | F35: 08:14 | G35: 0.99166667 | H35: =MOD(G35-F35,1)*24 | I35: 1 | J35: 0.34722222 | K35: 0.99305556 | L35: =MOD(K35-J35,1)*24 | M35: 1 | N35: 0.99861111 | Q35: 0.5 | R35: 0.34791667 | S35: 0.99097222 | T35: =MOD(S35-R35,1)*24 | U35: 1 | V35: 0.34652778 | W35: 0.95694444 | X35: =MOD(W35-V35,1)*24 | Y35: 1 | Z35: 0.34444444 | AA35: 0.92986111 | AB35: =MOD(AA35-Z35,1)*24 | AC35: 1 | AD35: 0.81597222 | AG35: 0.5 | AH35: 0.34305556 | AI35: 0.95416667 | AJ35: =MOD(AI35-AH35,1)*24 | AK35: 1 | AL35: 0.34791667 | AM35: 0.94375 | AN35: =MOD(AM35-AL35,1)*24 | AO35: 1 | AP35: 0.34722222 | AQ35: 0.95555556 | AR35: =MOD(AQ35-AP35,1)*24 | AS35: 1 | AT35: 0.34375 | AW35: 0.5 | AX35: 0.2625 | AY35: 0.91666667 | AZ35: =MOD(AY35-AX35,1)*24 | BA35: 1 | BB35: 0.35 | BC35: 0.84652778 | BD35: =MOD(BC35-BB35,1)*24 | BE35: 1 | BF35: 0.79513889 | BI35: 0.5 | BJ35: 0.34305556 | BK35: 0.94652778 | BL35: =MOD(BK35-BJ35,1)*24 | BM35: 1 | BN35: 0.35069444 | BO35: 0.89027778 | BP35: =MOD(BO35-BN35,1)*24 | BQ35: 1 | BR35: 0.34722222 | BS35: 0.90486111 | BT35: =MOD(BS35-BR35,1)*24 | BU35: 1 | BV35: 0.80763889 | BY35: 0.5 | BZ35: 0.83125 | CC35: 0.5 | CD35: 0.35277778 | CE35: 0.78819444 | CF35: =MOD(CE35-CD35,1)*24 | CG35: 1 | CH35: 0.34722222 | CI35: 0.81875 | CJ35: =MOD(CI35-CH35,1)*24 | CK35: 1 | CL35: 0.34722222 | CM35: 0.86527778 | CN35: =MOD(CM35-CL35,1)*24 | CO35: 1 | CP35: 0.34305556 | CQ35: 0.89513889 | CR35: =MOD(CQ35-CP35,1)*24 | CS35: 1 | CT35: 0.33958333 | CU35: 0.85555556 | CV35: =MOD(CU35-CT35,1)*24 | CW35: 1 | CX35: 0.33958333 | CY35: 0.89861111 | CZ35: =MOD(CY35-CX35,1)*24 | DA35: 1 | DB35: 0.34444444 | DC35: 0.9375 | DD35: =MOD(DC35-DB35,1)*24 | DE35: 1 | DF35: 0.34375 | DG35: 0.81666667 | DH35: =MOD(DG35-DF35,1)*24 | DI35: 1 | DJ35: 0.34583333 | DK35: 0.81527778 | DL35: =MOD(DK35-DJ35,1)*24 | DM35: 1 | DN35: 0.34444444 | DO35: 0.93541667 | DP35: =MOD(DO35-DN35,1)*24 | DQ35: 1 | DR35: 0.35 | DS35: 0.98680556 | DT35: =MOD(DS35-DR35,1)*24 | DU35: 1 | DZ35: =H35+L35+P35+T35+X35+AB35+AF35+AJ35+AN35+AR35+AV35+AZ35+BD35+BH35+BL35+BP35+BT35+BX35+CB35+CF35+CJ35+CN35+CR35+CV35+CZ35+DD35+DH35+DL35+DP35+DT35 | EA35: =I35+M35+Q35+U35+Y35+AC35+AG35+AK35+AO35+AS35+AW35+BA35+BE35+BI35+BM35+BQ35+BU35+BY35+CC35+CG35+CK35+CO35+CS35+CW35+DA35+DE35+DI35+DM35+DQ35+DU35
A36: 五楼 | B36: 冯钰超 | C36: 38 | D36: 设计部 | E36: 设计组 | F36: 08:24 | G36: 0.75555556 | H36: =MOD(G36-F36,1)*24 | I36: 1 | J36: 0.34722222 | K36: 0.75625 | L36: =MOD(K36-J36,1)*24 | M36: 1 | N36: 0.34930556 | O36: 0.75625 | P36: =MOD(O36-N36,1)*24 | Q36: 1 | R36: 0.34861111 | S36: 0.75208333 | T36: =MOD(S36-R36,1)*24 | U36: 1 | V36: 0.34930556 | W36: 0.75069444 | X36: =MOD(W36-V36,1)*24 | Y36: 1 | Z36: 0.34930556 | AA36: 0.75069444 | AB36: =MOD(AA36-Z36,1)*24 | AC36: 1 | AH36: 0.34791667 | AI36: 0.75208333 | AJ36: =MOD(AI36-AH36,1)*24 | AK36: 1 | AL36: 0.34930556 | AM36: 0.75208333 | AN36: =MOD(AM36-AL36,1)*24 | AO36: 1 | AP36: 0.35069444 | AQ36: 0.77361111 | AR36: =MOD(AQ36-AP36,1)*24 | AS36: 1 | AT36: 0.34791667 | AU36: 0.76597222 | AV36: =MOD(AU36-AT36,1)*24 | AW36: 1 | AX36: 0.34791667 | AY36: 0.75763889 | AZ36: =MOD(AY36-AX36,1)*24 | BA36: 1 | BB36: 0.35 | BC36: 0.75069444 | BD36: =MOD(BC36-BB36,1)*24 | BE36: 1 | BF36: 0.34930556 | BG36: 0.75 | BH36: =MOD(BG36-BF36,1)*24 | BI36: 1 | BJ36: 0.34861111 | BK36: 0.75138889 | BL36: =MOD(BK36-BJ36,1)*24 | BM36: 1 | BN36: 0.34930556 | BO36: 0.79513889 | BP36: =MOD(BO36-BN36,1)*24 | BQ36: 1 | BR36: 0.34513889 | BS36: 0.75208333 | BT36: =MOD(BS36-BR36,1)*24 | BU36: 1 | BV36: 0.34861111 | BW36: 0.75 | BX36: =MOD(BW36-BV36,1)*24 | BY36: 1 | CH36: 0.35 | CI36: 0.75486111 | CJ36: =MOD(CI36-CH36,1)*24 | CK36: 1 | CL36: 0.35 | CM36: 0.77569444 | CN36: =MOD(CM36-CL36,1)*24 | CO36: 1 | CP36: 0.34861111 | CQ36: 0.77361111 | CR36: =MOD(CQ36-CP36,1)*24 | CS36: 1 | CT36: 0.35 | CU36: 0.75069444 | CV36: =MOD(CU36-CT36,1)*24 | CW36: 1 | CX36: 0.34930556 | CY36: 0.75208333 | CZ36: =MOD(CY36-CX36,1)*24 | DA36: 1 | DB36: 0.35069444 | DC36: 0.77013889 | DD36: =MOD(DC36-DB36,1)*24 | DE36: 1 | DF36: 0.35 | DG36: 0.78125 | DH36: =MOD(DG36-DF36,1)*24 | DI36: 1 | DN36: 0.34861111 | DO36: 0.83611111 | DP36: =MOD(DO36-DN36,1)*24 | DQ36: 1 | DR36: 0.34861111 | DS36: 0.77430556 | DT36: =MOD(DS36-DR36,1)*24 | DU36: 1 | DZ36: =H36+L36+P36+T36+X36+AB36+AF36+AJ36+AN36+AR36+AV36+AZ36+BD36+BH36+BL36+BP36+BT36+BX36+CB36+CF36+CJ36+CN36+CR36+CV36+CZ36+DD36+DH36+DL36+DP36+DT36 | EA36: =I36+M36+Q36+U36+Y36+AC36+AG36+AK36+AO36+AS36+AW36+BA36+BE36+BI36+BM36+BQ36+BU36+BY36+CC36+CG36+CK36+CO36+CS36+CW36+DA36+DE36+DI36+DM36+DQ36+DU36
A37: 五楼 | B37: 黄华 | C37: 39 | D37: 设计部 | E37: 设计组 | F37: 08:26 | G37: 0.75694444 | H37: =MOD(G37-F37,1)*24 | I37: 1 | J37: 0.35 | K37: 0.75555556 | L37: =MOD(K37-J37,1)*24 | M37: 1 | N37: 0.35 | O37: 0.76111111 | P37: =MOD(O37-N37,1)*24 | Q37: 1 | R37: 0.34722222 | S37: 0.83402778 | T37: =MOD(S37-R37,1)*24 | U37: 1 | V37: 0.34791667 | W37: 0.84236111 | X37: =MOD(W37-V37,1)*24 | Y37: 1 | Z37: 0.34722222 | AA37: 0.84861111 | AB37: =MOD(AA37-Z37,1)*24 | AC37: 1 | AH37: 0.35138889 | AI37: 0.75763889 | AJ37: =MOD(AI37-AH37,1)*24 | AK37: 1 | AL37: 0.35 | AM37: 0.75347222 | AN37: =MOD(AM37-AL37,1)*24 | AO37: 1 | AP37: 0.34722222 | AQ37: 0.75416667 | AR37: =MOD(AQ37-AP37,1)*24 | AS37: 1 | AT37: 0.34791667 | AU37: 0.75138889 | AV37: =MOD(AU37-AT37,1)*24 | AW37: 1 | AX37: 0.34722222 | AY37: 0.75138889 | AZ37: =MOD(AY37-AX37,1)*24 | BA37: 1 | BB37: 0.34652778 | BC37: 0.75069444 | BD37: =MOD(BC37-BB37,1)*24 | BE37: 1 | BJ37: 0.35 | BK37: 0.75416667 | BL37: =MOD(BK37-BJ37,1)*24 | BM37: 1 | BN37: 0.34930556 | BO37: 0.75416667 | BP37: =MOD(BO37-BN37,1)*24 | BQ37: 1 | BR37: 0.35 | BS37: 0.75347222 | BT37: =MOD(BS37-BR37,1)*24 | BU37: 1 | BV37: 0.34930556 | BW37: 0.75486111 | BX37: =MOD(BW37-BV37,1)*24 | BY37: 1 | CH37: 0.34791667 | CI37: 0.75208333 | CJ37: =MOD(CI37-CH37,1)*24 | CK37: 1 | CL37: 0.35138889 | CN37: =MOD(CM37-CL37,1)*24 | CO37: 0.5 | CP37: 0.35069444 | CQ37: 0.75486111 | CR37: =MOD(CQ37-CP37,1)*24 | CS37: 1 | CT37: 0.35 | CU37: 0.75069444 | CV37: =MOD(CU37-CT37,1)*24 | CW37: 1 | CX37: 0.34861111 | CY37: 0.75277778 | CZ37: =MOD(CY37-CX37,1)*24 | DA37: 1 | DB37: 0.34930556 | DC37: 0.75486111 | DD37: =MOD(DC37-DB37,1)*24 | DE37: 1 | DF37: 0.35 | DH37: =MOD(DG37-DF37,1)*24 | DI37: 1 | DN37: 0.35 | DO37: 0.75208333 | DP37: =MOD(DO37-DN37,1)*24 | DQ37: 1 | DR37: 0.34861111 | DU37: 0.5 | DZ37: =H37+L37+P37+T37+X37+AB37+AF37+AJ37+AN37+AR37+AV37+AZ37+BD37+BH37+BL37+BP37+BT37+BX37+CB37+CF37+CJ37+CN37+CR37+CV37+CZ37+DD37+DH37+DL37+DP37+DT37 | EA37: =I37+M37+Q37+U37+Y37+AC37+AG37+AK37+AO37+AS37+AW37+BA37+BE37+BI37+BM37+BQ37+BU37+BY37+CC37+CG37+CK37+CO37+CS37+CW37+DA37+DE37+DI37+DM37+DQ37+DU37
A38: 五楼 | B38: 黄华 | C38: 39 | D38: 设计部 | E38: 设计组
A39: 五楼 | B39: 康波 | C39: 41 | D39: 设计部 | E39: 设计组 | F39: 07:46 | G39: 0.82569444 | H39: =MOD(G39-F39,1)*24 | I39: 1 | J39: 0.34236111 | K39: 0.85833333 | L39: =MOD(K39-J39,1)*24 | M39: 1 | N39: 0.33888889 | O39: 0.84513889 | P39: =MOD(O39-N39,1)*24 | Q39: 1 | R39: 0.34861111 | S39: 0.82638889 | T39: =MOD(S39-R39,1)*24 | U39: 1 | V39: 0.32430556 | W39: 0.75069444 | X39: =MOD(W39-V39,1)*24 | Y39: 1 | Z39: 0.33472222 | AA39: 0.76388889 | AB39: =MOD(AA39-Z39,1)*24 | AC39: 1 | AH39: 0.33958333 | AI39: 0.77638889 | AJ39: =MOD(AI39-AH39,1)*24 | AK39: 1 | AL39: 0.32430556 | AM39: 0.75069444 | AN39: =MOD(AM39-AL39,1)*24 | AO39: 1 | AP39: 0.34375 | AQ39: 0.75208333 | AR39: =MOD(AQ39-AP39,1)*24 | AS39: 1 | AT39: 0.33263889 | AU39: 0.81597222 | AV39: =MOD(AU39-AT39,1)*24 | AW39: 1 | AX39: 0.33680556 | AY39: 0.75833333 | AZ39: =MOD(AY39-AX39,1)*24 | BA39: 1 | BB39: 0.33958333 | BC39: 0.75277778 | BD39: =MOD(BC39-BB39,1)*24 | BE39: 1 | BJ39: 0.33888889 | BK39: 0.84583333 | BL39: =MOD(BK39-BJ39,1)*24 | BM39: 1 | BN39: 0.34027778 | BO39: 0.8375 | BP39: =MOD(BO39-BN39,1)*24 | BQ39: 1 | BR39: 0.32569444 | BS39: 0.76666667 | BT39: =MOD(BS39-BR39,1)*24 | BU39: 1 | BV39: 0.32222222 | BW39: 0.75 | BX39: =MOD(BW39-BV39,1)*24 | BY39: 1 | CH39: 0.34166667 | CI39: 0.75208333 | CJ39: =MOD(CI39-CH39,1)*24 | CK39: 1 | CL39: 0.33888889 | CM39: 0.81180556 | CN39: =MOD(CM39-CL39,1)*24 | CO39: 1 | CP39: 0.34236111 | CQ39: 0.76388889 | CR39: =MOD(CQ39-CP39,1)*24 | CS39: 1 | CT39: 0.34027778 | CU39: 0.78958333 | CV39: =MOD(CU39-CT39,1)*24 | CW39: 1 | CX39: 0.33958333 | CY39: 0.78541667 | CZ39: =MOD(CY39-CX39,1)*24 | DA39: 1 | DB39: 0.34166667 | DC39: 0.83888889 | DD39: =MOD(DC39-DB39,1)*24 | DE39: 1 | DF39: 0.33611111 | DG39: 0.825 | DH39: =MOD(DG39-DF39,1)*24 | DI39: 1 | DJ39: 0.33541667 | DM39: 0.5 | DN39: 0.34027778 | DO39: 0.83194444 | DP39: =MOD(DO39-DN39,1)*24 | DQ39: 1 | DR39: 0.33611111 | DS39: 0.75694444 | DT39: =MOD(DS39-DR39,1)*24 | DU39: 1 | DZ39: =H39+L39+P39+T39+X39+AB39+AF39+AJ39+AN39+AR39+AV39+AZ39+BD39+BH39+BL39+BP39+BT39+BX39+CB39+CF39+CJ39+CN39+CR39+CV39+CZ39+DD39+DH39+DL39+DP39+DT39 | EA39: =I39+M39+Q39+U39+Y39+AC39+AG39+AK39+AO39+AS39+AW39+BA39+BE39+BI39+BM39+BQ39+BU39+BY39+CC39+CG39+CK39+CO39+CS39+CW39+DA39+DE39+DI39+DM39+DQ39+DU39
A40: 五楼 | B40: 罗雨 | C40: 43 | D40: 设计部 | E40: 设计组 | F40: 08:26 | G40: 0.75208333 | H40: =MOD(G40-F40,1)*24 | I40: 1 | N40: 0.35069444 | O40: 0.75486111 | P40: =MOD(O40-N40,1)*24 | Q40: 1 | R40: 0.35208333 | S40: 0.75763889 | T40: =MOD(S40-R40,1)*24 | U40: 1 | V40: 0.35069444 | W40: 0.78680556 | X40: =MOD(W40-V40,1)*24 | Y40: 1 | AD40: 0.34791667 | AE40: 0.75347222 | AF40: =MOD(AE40-AD40,1)*24 | AG40: 1 | AH40: 0.35069444 | AI40: 0.75277778 | AJ40: =MOD(AI40-AH40,1)*24 | AK40: 1 | AL40: 0.34722222 | AM40: 0.75138889 | AN40: =MOD(AM40-AL40,1)*24 | AO40: 1 | AP40: 0.35277778 | AQ40: 0.75208333 | AR40: =MOD(AQ40-AP40,1)*24 | AS40: 1 | AT40: 0.34513889 | AU40: 0.75138889 | AV40: =MOD(AU40-AT40,1)*24 | AW40: 1 | AX40: 0.34930556 | AY40: 0.75138889 | AZ40: =MOD(AY40-AX40,1)*24 | BA40: 1 | BB40: 0.35 | BE40: 0.5 | BJ40: 0.35347222 | BK40: 0.75208333 | BL40: =MOD(BK40-BJ40,1)*24 | BM40: 1 | BN40: 0.35 | BO40: 0.75277778 | BP40: =MOD(BO40-BN40,1)*24 | BQ40: 1 | BR40: 0.35277778 | BS40: 0.75138889 | BT40: =MOD(BS40-BR40,1)*24 | BU40: 1 | BV40: 0.34930556 | BW40: 0.75416667 | BX40: =MOD(BW40-BV40,1)*24 | BY40: 1 | CH40: 0.34722222 | CI40: 0.75486111 | CJ40: =MOD(CI40-CH40,1)*24 | CK40: 1 | CL40: 0.35833333 | CM40: 0.75555556 | CN40: =MOD(CM40-CL40,1)*24 | CO40: 1 | CP40: 0.34375 | CQ40: 0.75347222 | CR40: =MOD(CQ40-CP40,1)*24 | CS40: 1 | CT40: 0.34583333 | CU40: 0.75416667 | CV40: =MOD(CU40-CT40,1)*24 | CW40: 1 | CX40: 0.34375 | CY40: 0.75208333 | CZ40: =MOD(CY40-CX40,1)*24 | DA40: 1 | DB40: 0.34861111 | DC40: 0.76041667 | DD40: =MOD(DC40-DB40,1)*24 | DE40: 1 | DJ40: 0.35069444 | DK40: 0.75138889 | DL40: =MOD(DK40-DJ40,1)*24 | DM40: 1 | DN40: 0.34097222 | DO40: 0.95902778 | DP40: =MOD(DO40-DN40,1)*24 | DQ40: 1 | DR40: 0.35069444 | DS40: 0.75486111 | DT40: =MOD(DS40-DR40,1)*24 | DU40: 1 | DZ40: =H40+L40+P40+T40+X40+AB40+AF40+AJ40+AN40+AR40+AV40+AZ40+BD40+BH40+BL40+BP40+BT40+BX40+CB40+CF40+CJ40+CN40+CR40+CV40+CZ40+DD40+DH40+DL40+DP40+DT40 | EA40: =I40+M40+Q40+U40+Y40+AC40+AG40+AK40+AO40+AS40+AW40+BA40+BE40+BI40+BM40+BQ40+BU40+BY40+CC40+CG40+CK40+CO40+CS40+CW40+DA40+DE40+DI40+DM40+DQ40+DU40
A41: 五楼 | B41: 谭勇 | C41: 44 | D41: 设计部 | E41: 设计组 | F41: 08:26 | G41: 0.76180556 | H41: =MOD(G41-F41,1)*24 | I41: 1 | J41: 0.35208333 | K41: 0.75486111 | L41: =MOD(K41-J41,1)*24 | M41: 1 | N41: 0.34791667 | O41: 0.75486111 | P41: =MOD(O41-N41,1)*24 | Q41: 1 | R41: 0.34791667 | S41: 0.81944444 | T41: =MOD(S41-R41,1)*24 | U41: 1 | V41: 0.34722222 | W41: 0.76041667 | X41: =MOD(W41-V41,1)*24 | Y41: 1 | Z41: 0.34791667 | AA41: 0.75763889 | AB41: =MOD(AA41-Z41,1)*24 | AC41: 1 | AH41: 0.75208333 | AK41: 0.5 | AL41: 0.35208333 | AM41: 0.75277778 | AN41: =MOD(AM41-AL41,1)*24 | AO41: 1 | AP41: 0.35 | AQ41: 0.75208333 | AR41: =MOD(AQ41-AP41,1)*24 | AS41: 1 | AT41: 0.35277778 | AU41: 0.75416667 | AV41: =MOD(AU41-AT41,1)*24 | AW41: 1 | AX41: 0.34722222 | AY41: 0.75347222 | AZ41: =MOD(AY41-AX41,1)*24 | BA41: 1 | BF41: 0.35208333 | BI41: 0.5 | BJ41: 0.35347222 | BK41: 0.75347222 | BL41: =MOD(BK41-BJ41,1)*24 | BM41: 1 | BN41: 0.34930556 | BO41: 0.75208333 | BP41: =MOD(BO41-BN41,1)*24 | BQ41: 1 | BR41: 0.34930556 | BS41: 0.75277778 | BT41: =MOD(BS41-BR41,1)*24 | BU41: 1 | BV41: 0.35069444 | BW41: 0.75555556 | BX41: =MOD(BW41-BV41,1)*24 | BY41: 1 | CH41: 0.35 | CI41: 0.75694444 | CJ41: =MOD(CI41-CH41,1)*24 | CK41: 1 | CL41: 0.34930556 | CM41: 0.75416667 | CN41: =MOD(CM41-CL41,1)*24 | CO41: 1 | CP41: 0.34930556 | CQ41: 0.75972222 | CR41: =MOD(CQ41-CP41,1)*24 | CS41: 1 | CT41: 0.35 | CU41: 0.75138889 | CV41: =MOD(CU41-CT41,1)*24 | CW41: 1 | CX41: 0.34930556 | CY41: 0.76319444 | CZ41: =MOD(CY41-CX41,1)*24 | DA41: 1 | DB41: 0.35 | DC41: 0.75694444 | DD41: =MOD(DC41-DB41,1)*24 | DE41: 1 | DF41: 0.34444444 | DG41: 0.75208333 | DH41: =MOD(DG41-DF41,1)*24 | DI41: 1 | DN41: 0.34861111 | DO41: 0.75416667 | DP41: =MOD(DO41-DN41,1)*24 | DQ41: 1 | DR41: 0.34722222 | DS41: 0.77013889 | DT41: =MOD(DS41-DR41,1)*24 | DU41: 1 | DZ41: =H41+L41+P41+T41+X41+AB41+AF41+AJ41+AN41+AR41+AV41+AZ41+BD41+BH41+BL41+BP41+BT41+BX41+CB41+CF41+CJ41+CN41+CR41+CV41+CZ41+DD41+DH41+DL41+DP41+DT41 | EA41: =I41+M41+Q41+U41+Y41+AC41+AG41+AK41+AO41+AS41+AW41+BA41+BE41+BI41+BM41+BQ41+BU41+BY41+CC41+CG41+CK41+CO41+CS41+CW41+DA41+DE41+DI41+DM41+DQ41+DU41
A42: 五楼 | B42: 谭勇 | C42: 44 | D42: 设计部 | E42: 设计组
A43: 五楼 | B43: 田鹏飞 | C43: 46 | D43: 订单部 | E43: 订单部 | F43: 08:18 | G43: 0.82638889 | H43: =MOD(G43-F43,1)*24 | I43: 1 | J43: 0.34930556 | K43: 0.88333333 | L43: =MOD(K43-J43,1)*24 | M43: 1 | N43: 0.35138889 | O43: 0.89236111 | P43: =MOD(O43-N43,1)*24 | Q43: 1 | R43: 0.35069444 | S43: 0.84930556 | T43: =MOD(S43-R43,1)*24 | U43: 1 | V43: 0.34791667 | W43: 0.89375 | X43: =MOD(W43-V43,1)*24 | Y43: 1 | Z43: 0.34861111 | AA43: 0.75069444 | AB43: =MOD(AA43-Z43,1)*24 | AC43: 1 | AH43: 0.34791667 | AI43: 0.85694444 | AJ43: =MOD(AI43-AH43,1)*24 | AK43: 1 | AL43: 0.35 | AM43: 0.8875 | AN43: =MOD(AM43-AL43,1)*24 | AO43: 1 | AP43: 0.34861111 | AQ43: 0.75138889 | AR43: =MOD(AQ43-AP43,1)*24 | AS43: 1 | AT43: 0.34027778 | AU43: 0.84444444 | AV43: =MOD(AU43-AT43,1)*24 | AW43: 1 | AX43: 0.34583333 | AY43: 0.89027778 | AZ43: =MOD(AY43-AX43,1)*24 | BA43: 1 | BB43: 0.34722222 | BC43: 0.75138889 | BD43: =MOD(BC43-BB43,1)*24 | BE43: 1 | BJ43: 0.34513889 | BK43: 0.83888889 | BL43: =MOD(BK43-BJ43,1)*24 | BM43: 1 | BN43: 0.34861111 | BO43: 0.82430556 | BP43: =MOD(BO43-BN43,1)*24 | BQ43: 1 | BR43: 0.34652778 | BS43: 0.77013889 | BT43: =MOD(BS43-BR43,1)*24 | BU43: 1 | BV43: 0.34652778 | BW43: 0.75208333 | BX43: =MOD(BW43-BV43,1)*24 | BY43: 1 | CH43: 0.34861111 | CI43: 0.775 | CJ43: =MOD(CI43-CH43,1)*24 | CK43: 1 | CL43: 0.34722222 | CM43: 0.84027778 | CN43: =MOD(CM43-CL43,1)*24 | CO43: 1 | CP43: 0.35208333 | CQ43: 0.9125 | CR43: =MOD(CQ43-CP43,1)*24 | CS43: 1 | CT43: 0.34513889 | CU43: 0.75208333 | CV43: =MOD(CU43-CT43,1)*24 | CW43: 1 | CX43: 0.35 | CY43: 0.91041667 | CZ43: =MOD(CY43-CX43,1)*24 | DA43: 1 | DB43: 0.35208333 | DC43: 0.90208333 | DD43: =MOD(DC43-DB43,1)*24 | DE43: 1 | DF43: 0.34861111 | DG43: 0.75208333 | DH43: =MOD(DG43-DF43,1)*24 | DI43: 1 | DN43: 0.35069444 | DO43: 0.92569444 | DP43: =MOD(DO43-DN43,1)*24 | DQ43: 1 | DR43: 0.34930556 | DS43: 0.97708333 | DT43: =MOD(DS43-DR43,1)*24 | DU43: 1 | DZ43: =H43+L43+P43+T43+X43+AB43+AF43+AJ43+AN43+AR43+AV43+AZ43+BD43+BH43+BL43+BP43+BT43+BX43+CB43+CF43+CJ43+CN43+CR43+CV43+CZ43+DD43+DH43+DL43+DP43+DT43 | EA43: =I43+M43+Q43+U43+Y43+AC43+AG43+AK43+AO43+AS43+AW43+BA43+BE43+BI43+BM43+BQ43+BU43+BY43+CC43+CG43+CK43+CO43+CS43+CW43+DA43+DE43+DI43+DM43+DQ43+DU43
A44: 五楼 | B44: 谢灵 | C44: 49 | D44: 订单部 | E44: 接单报价组 | F44: 08:16 | G44: 0.75 | H44: =MOD(G44-F44,1)*24 | I44: 1 | J44: 0.35 | K44: 0.7875 | L44: =MOD(K44-J44,1)*24 | M44: 1 | N44: 0.35138889 | O44: 0.75138889 | P44: =MOD(O44-N44,1)*24 | Q44: 1 | R44: 0.34305556 | S44: 0.75069444 | T44: =MOD(S44-R44,1)*24 | U44: 1 | V44: 0.34791667 | W44: 0.75763889 | X44: =MOD(W44-V44,1)*24 | Y44: 1 | Z44: 0.35208333 | AA44: 0.85763889 | AB44: =MOD(AA44-Z44,1)*24 | AC44: 1 | AH44: 0.34513889 | AI44: 0.76736111 | AJ44: =MOD(AI44-AH44,1)*24 | AK44: 1 | AL44: 0.34791667 | AM44: 0.75347222 | AN44: =MOD(AM44-AL44,1)*24 | AO44: 1 | AP44: 0.35277778 | AQ44: 0.76666667 | AR44: =MOD(AQ44-AP44,1)*24 | AS44: 1 | AT44: 0.35208333 | AU44: 0.76736111 | AV44: =MOD(AU44-AT44,1)*24 | AW44: 1 | AX44: 0.34791667 | AY44: 0.75138889 | AZ44: =MOD(AY44-AX44,1)*24 | BA44: 1 | BB44: 0.35208333 | BC44: 0.75138889 | BD44: =MOD(BC44-BB44,1)*24 | BE44: 1 | BJ44: 0.35138889 | BK44: 0.75 | BL44: =MOD(BK44-BJ44,1)*24 | BM44: 1 | BN44: 0.35277778 | BO44: 0.75069444 | BP44: =MOD(BO44-BN44,1)*24 | BQ44: 1 | BR44: 0.35277778 | BS44: 0.75 | BT44: =MOD(BS44-BR44,1)*24 | BU44: 1 | BV44: 0.35277778 | BW44: 0.7625 | BX44: =MOD(BW44-BV44,1)*24 | BY44: 1 | CH44: 0.35277778 | CI44: 0.75 | CJ44: =MOD(CI44-CH44,1)*24 | CK44: 1 | CL44: 0.34791667 | CM44: 0.75763889 | CN44: =MOD(CM44-CL44,1)*24 | CO44: 1 | CP44: 0.35347222 | CQ44: 0.75 | CR44: =MOD(CQ44-CP44,1)*24 | CS44: 1 | CT44: 0.34930556 | CU44: 0.75486111 | CV44: =MOD(CU44-CT44,1)*24 | CW44: 1 | CX44: 0.35 | CY44: 0.75069444 | CZ44: =MOD(CY44-CX44,1)*24 | DA44: 1 | DB44: 0.35138889 | DC44: 0.75347222 | DD44: =MOD(DC44-DB44,1)*24 | DE44: 1 | DF44: 0.34791667 | DG44: 0.86736111 | DH44: =MOD(DG44-DF44,1)*24 | DI44: 1 | DN44: 0.35277778 | DO44: 0.76597222 | DP44: =MOD(DO44-DN44,1)*24 | DQ44: 1 | DR44: 0.34861111 | DS44: 0.86875 | DT44: =MOD(DS44-DR44,1)*24 | DU44: 1 | DZ44: =H44+L44+P44+T44+X44+AB44+AF44+AJ44+AN44+AR44+AV44+AZ44+BD44+BH44+BL44+BP44+BT44+BX44+CB44+CF44+CJ44+CN44+CR44+CV44+CZ44+DD44+DH44+DL44+DP44+DT44 | EA44: =I44+M44+Q44+U44+Y44+AC44+AG44+AK44+AO44+AS44+AW44+BA44+BE44+BI44+BM44+BQ44+BU44+BY44+CC44+CG44+CK44+CO44+CS44+CW44+DA44+DE44+DI44+DM44+DQ44+DU44
A45: 五楼 | B45: 周朝会 | C45: 50 | D45: 人力行政部 | E45: 人力行政部 | F45: 07:31 | G45: 0.75 | H45: =MOD(G45-F45,1)*24 | I45: 1 | J45: 0.31597222 | K45: 0.75277778 | L45: =MOD(K45-J45,1)*24 | M45: 1 | N45: 0.33263889 | O45: 0.75 | P45: =MOD(O45-N45,1)*24 | Q45: 1 | R45: 0.32291667 | S45: 0.75 | T45: =MOD(S45-R45,1)*24 | U45: 1 | V45: 0.325 | W45: 0.75 | X45: =MOD(W45-V45,1)*24 | Y45: 1 | Z45: 0.32291667 | AA45: 0.75277778 | AB45: =MOD(AA45-Z45,1)*24 | AC45: 1 | AD45: 0.33611111 | AE45: 0.475 | AF45: =MOD(AE45-AD45,1)*24 | AG45: 0.5 | AH45: 0.32222222 | AI45: 0.75 | AJ45: =MOD(AI45-AH45,1)*24 | AK45: 1 | AL45: 0.32222222 | AN45: =MOD(AM45-AL45,1)*24 | AO45: 1 | AP45: 0.32430556 | AQ45: 0.75069444 | AR45: =MOD(AQ45-AP45,1)*24 | AS45: 1 | AT45: 0.32083333 | AU45: 0.75 | AV45: =MOD(AU45-AT45,1)*24 | AW45: 1 | AX45: 0.31875 | AY45: 0.75 | AZ45: =MOD(AY45-AX45,1)*24 | BA45: 1 | BB45: 0.325 | BC45: 0.75 | BD45: =MOD(BC45-BB45,1)*24 | BE45: 1 | BF45: 0.32361111 | BG45: 0.46597222 | BH45: =MOD(BG45-BF45,1)*24 | BI45: 0.5 | BJ45: 0.31944444 | BK45: 0.75069444 | BL45: =MOD(BK45-BJ45,1)*24 | BM45: 1 | BN45: 0.32222222 | BO45: 0.88055556 | BP45: =MOD(BO45-BN45,1)*24 | BQ45: 1 | BR45: 0.32152778 | BS45: 0.75138889 | BT45: =MOD(BS45-BR45,1)*24 | BU45: 1 | BV45: 0.32430556 | BW45: 0.75138889 | BX45: =MOD(BW45-BV45,1)*24 | BY45: 1 | CD45: 0.32222222 | CE45: 0.45972222 | CH45: 0.31527778 | CI45: 0.75208333 | CJ45: =MOD(CI45-CH45,1)*24 | CK45: 1 | CL45: 0.32291667 | CM45: 0.75 | CN45: =MOD(CM45-CL45,1)*24 | CO45: 1 | CP45: 0.32291667 | CQ45: 0.75138889 | CR45: =MOD(CQ45-CP45,1)*24 | CS45: 1 | CT45: 0.31527778 | CU45: 0.75069444 | CV45: =MOD(CU45-CT45,1)*24 | CW45: 1 | CX45: 0.325 | CY45: 0.75 | CZ45: =MOD(CY45-CX45,1)*24 | DA45: 1 | DB45: 0.32361111 | DC45: 0.75 | DD45: =MOD(DC45-DB45,1)*24 | DE45: 1 | DF45: 0.32430556 | DG45: 0.75 | DH45: =MOD(DG45-DF45,1)*24 | DI45: 1 | DJ45: 0.33125 | DK45: 0.46041667 | DL45: =MOD(DK45-DJ45,1)*24 | DM45: 0.5 | DN45: 0.32291667 | DO45: 0.75069444 | DP45: =MOD(DO45-DN45,1)*24 | DQ45: 1 | DR45: 0.32013889 | DS45: 0.75138889 | DT45: =MOD(DS45-DR45,1)*24 | DU45: 1 | DZ45: =H45+L45+P45+T45+X45+AB45+AF45+AJ45+AN45+AR45+AV45+AZ45+BD45+BH45+BL45+BP45+BT45+BX45+CB45+CF45+CJ45+CN45+CR45+CV45+CZ45+DD45+DH45+DL45+DP45+DT45 | EA45: =I45+M45+Q45+U45+Y45+AC45+AG45+AK45+AO45+AS45+AW45+BA45+BE45+BI45+BM45+BQ45+BU45+BY45+CC45+CG45+CK45+CO45+CS45+CW45+DA45+DE45+DI45+DM45+DQ45+DU45
A46: 五楼 | B46: 伍梦柯 | C46: 51 | D46: 设计部 | E46: 设计组 | F46: 18:12 | H46: =MOD(G46-F46,1)*24 | I46: 0.5 | J46: 0.35347222 | K46: 0.75208333 | L46: =MOD(K46-J46,1)*24 | M46: 1 | N46: 0.35486111 | O46: 0.95277778 | P46: =MOD(O46-N46,1)*24 | Q46: 1 | R46: 0.35486111 | S46: 0.92430556 | T46: =MOD(S46-R46,1)*24 | U46: 1 | V46: 0.35347222 | W46: 0.75972222 | X46: =MOD(W46-V46,1)*24 | Y46: 1 | Z46: 0.35347222 | AA46: 0.75416667 | AB46: =MOD(AA46-Z46,1)*24 | AC46: 1 | AD46: 0.35416667 | AE46: 0.75347222 | AF46: =MOD(AE46-AD46,1)*24 | AG46: 1 | AH46: 0.35277778 | AI46: 0.77361111 | AJ46: =MOD(AI46-AH46,1)*24 | AK46: 1 | AP46: 0.35416667 | AQ46: 0.90625 | AR46: =MOD(AQ46-AP46,1)*24 | AS46: 1 | AT46: 0.35347222 | AU46: 0.77430556 | AV46: =MOD(AU46-AT46,1)*24 | AW46: 1 | AX46: 0.35347222 | AY46: 0.76319444 | AZ46: =MOD(AY46-AX46,1)*24 | BA46: 1 | BB46: 0.35277778 | BC46: 0.75208333 | BD46: =MOD(BC46-BB46,1)*24 | BE46: 1 | BO46: 21:08 | BQ46: 0.5 | BR46: 0.35347222 | BS46: 0.96944444 | BT46: =MOD(BS46-BR46,1)*24 | BU46: 1 | BV46: 0.35347222 | BY46: 0.5 | BZ46: 0.0097222222 | CA46: 0.35486111 | CB46: =MOD(CA46-BZ46,1)*24 | CC46: 1 | CH46: 0.35486111 | CI46: 0.88888889 | CJ46: =MOD(CI46-CH46,1)*24 | CK46: 1 | CL46: 0.35555556 | CM46: 0.89722222 | CN46: =MOD(CM46-CL46,1)*24 | CO46: 1 | CP46: 0.35347222 | CQ46: 0.98680556 | CR46: =MOD(CQ46-CP46,1)*24 | CS46: 1 | CT46: 0.35416667 | CU46: 0.99236111 | CV46: =MOD(CU46-CT46,1)*24 | CW46: 1 | CX46: 0.35347222 | DA46: 0.5 | DB46: 0.0048611111 | DC46: 0.91458333 | DD46: =MOD(DC46-DB46,1)*24 | DE46: 1 | DF46: 0.35416667 | DG46: 0.86527778 | DH46: =MOD(DG46-DF46,1)*24 | DI46: 1 | DJ46: 0.83819444 | DM46: 0.5 | DN46: 0.35416667 | DO46: 0.94652778 | DP46: =MOD(DO46-DN46,1)*24 | DQ46: 1 | DR46: 0.35069444 | DS46: 0.75416667 | DT46: =MOD(DS46-DR46,1)*24 | DU46: 1 | DZ46: =H46+L46+P46+T46+X46+AB46+AF46+AJ46+AN46+AR46+AV46+AZ46+BD46+BH46+BL46+BP46+BT46+BX46+CB46+CF46+CJ46+CN46+CR46+CV46+CZ46+DD46+DH46+DL46+DP46+DT46 | EA46: =I46+M46+Q46+U46+Y46+AC46+AG46+AK46+AO46+AS46+AW46+BA46+BE46+BI46+BM46+BQ46+BU46+BY46+CC46+CG46+CK46+CO46+CS46+CW46+DA46+DE46+DI46+DM46+DQ46+DU46
A47: 五楼 | B47: 伍梦柯 | C47: 51 | D47: 设计部 | E47: 设计组
A48: 五楼 | B48: 李志明 | C48: 53 | D48: 人力行政部 | E48: 人力行政部 | F48: 05:42 | G48: 0.48888889 | H48: =MOD(G48-F48,1)*24 | I48: 0.5 | N48: 0.24791667 | O48: 0.73680556 | P48: =MOD(O48-N48,1)*24 | Q48: 1 | R48: 0.25069444 | S48: 0.73680556 | T48: =MOD(S48-R48,1)*24 | U48: 1 | V48: 0.24861111 | W48: 0.73680556 | X48: =MOD(W48-V48,1)*24 | Y48: 1 | Z48: 0.24791667 | AA48: 0.73680556 | AB48: =MOD(AA48-Z48,1)*24 | AC48: 1 | AD48: 0.24791667 | AE48: 0.73611111 | AF48: =MOD(AE48-AD48,1)*24 | AG48: 1 | AH48: 0.25347222 | AI48: 0.73611111 | AJ48: =MOD(AI48-AH48,1)*24 | AK48: 1 | AP48: 0.25486111 | AQ48: 0.73402778 | AR48: =MOD(AQ48-AP48,1)*24 | AS48: 1 | AT48: 0.25347222 | AU48: 0.73680556 | AV48: =MOD(AU48-AT48,1)*24 | AW48: 1 | AX48: 0.25 | AY48: 0.73611111 | AZ48: =MOD(AY48-AX48,1)*24 | BA48: 1 | BB48: 0.25347222 | BC48: 0.73541667 | BD48: =MOD(BC48-BB48,1)*24 | BE48: 1 | BF48: 0.25208333 | BG48: 0.73611111 | BH48: =MOD(BG48-BF48,1)*24 | BI48: 1 | BJ48: 0.25555556 | BK48: 0.73472222 | BL48: =MOD(BK48-BJ48,1)*24 | BM48: 1 | BR48: 0.26041667 | BS48: 0.73680556 | BT48: =MOD(BS48-BR48,1)*24 | BU48: 1 | BV48: 0.24791667 | BW48: 0.73680556 | BX48: =MOD(BW48-BV48,1)*24 | BY48: 1 | BZ48: 0.25 | CA48: 0.73541667 | CB48: =MOD(CA48-BZ48,1)*24 | CC48: 1 | CD48: 0.24861111 | CE48: 0.73611111 | CF48: =MOD(CE48-CD48,1)*24 | CG48: 1 | CH48: 0.24930556 | CI48: 0.73402778 | CJ48: =MOD(CI48-CH48,1)*24 | CK48: 1 | CL48: 0.25486111 | CM48: 0.73611111 | CN48: =MOD(CM48-CL48,1)*24 | CO48: 1 | CT48: 0.25277778 | CU48: 0.7375 | CV48: =MOD(CU48-CT48,1)*24 | CW48: 1 | CX48: 0.24583333 | CY48: 0.73819444 | CZ48: =MOD(CY48-CX48,1)*24 | DA48: 1 | DB48: 0.26666667 | DC48: 0.73680556 | DD48: =MOD(DC48-DB48,1)*24 | DE48: 1 | DF48: 0.25138889 | DG48: 0.7375 | DH48: =MOD(DG48-DF48,1)*24 | DI48: 1 | DJ48: 0.25 | DK48: 0.7375 | DL48: =MOD(DK48-DJ48,1)*24 | DM48: 1 | DN48: 0.25486111 | DO48: 0.73680556 | DP48: =MOD(DO48-DN48,1)*24 | DQ48: 1 | DR48: 0.25277778 | DS48: 0.73819444 | DT48: =MOD(DS48-DR48,1)*24 | DU48: 1 | DZ48: =H48+L48+P48+T48+X48+AB48+AF48+AJ48+AN48+AR48+AV48+AZ48+BD48+BH48+BL48+BP48+BT48+BX48+CB48+CF48+CJ48+CN48+CR48+CV48+CZ48+DD48+DH48+DL48+DP48+DT48 | EA48: =I48+M48+Q48+U48+Y48+AC48+AG48+AK48+AO48+AS48+AW48+BA48+BE48+BI48+BM48+BQ48+BU48+BY48+CC48+CG48+CK48+CO48+CS48+CW48+DA48+DE48+DI48+DM48+DQ48+DU48
A49: 五楼 | B49: 李志明 | C49: 53 | D49: 人力行政部 | E49: 人力行政部
A50: 五楼 | B50: 漆娇 | C50: 54 | D50: 综合部 | E50: 奢匠售后 | F50: 08:21 | G50: 0.75138889 | H50: =MOD(G50-F50,1)*24 | I50: 1 | J50: 0.33680556 | K50: 0.75277778 | L50: =MOD(K50-J50,1)*24 | M50: 1 | N50: 0.33055556 | O50: 0.75208333 | P50: =MOD(O50-N50,1)*24 | Q50: 1 | R50: 0.35 | S50: 0.75069444 | T50: =MOD(S50-R50,1)*24 | U50: 1 | V50: 0.34444444 | W50: 0.84930556 | X50: =MOD(W50-V50,1)*24 | Y50: 1 | Z50: 0.34930556 | AA50: 0.75486111 | AB50: =MOD(AA50-Z50,1)*24 | AC50: 1 | AH50: 0.34583333 | AI50: 0.75208333 | AJ50: =MOD(AI50-AH50,1)*24 | AK50: 1 | AL50: 0.35 | AM50: 0.75138889 | AN50: =MOD(AM50-AL50,1)*24 | AO50: 1 | AP50: 0.35208333 | AQ50: 0.75486111 | AR50: =MOD(AQ50-AP50,1)*24 | AS50: 1 | AT50: 0.34930556 | AU50: 0.75208333 | AV50: =MOD(AU50-AT50,1)*24 | AW50: 1 | AX50: 0.34652778 | AY50: 0.86111111 | AZ50: =MOD(AY50-AX50,1)*24 | BA50: 1 | BB50: 0.35 | BC50: 0.75277778 | BD50: =MOD(BC50-BB50,1)*24 | BE50: 1 | BJ50: 0.33680556 | BK50: 0.75347222 | BL50: =MOD(BK50-BJ50,1)*24 | BM50: 1 | BN50: 0.35 | BO50: 0.75069444 | BP50: =MOD(BO50-BN50,1)*24 | BQ50: 1 | BR50: 0.35 | BS50: 0.75208333 | BT50: =MOD(BS50-BR50,1)*24 | BU50: 1 | BV50: 0.34930556 | BW50: 0.75208333 | BX50: =MOD(BW50-BV50,1)*24 | BY50: 1 | CH50: 0.34652778 | CI50: 0.75138889 | CJ50: =MOD(CI50-CH50,1)*24 | CK50: 1 | CL50: 0.33958333 | CM50: 0.75347222 | CN50: =MOD(CM50-CL50,1)*24 | CO50: 1 | CP50: 0.34861111 | CQ50: 0.88402778 | CR50: =MOD(CQ50-CP50,1)*24 | CS50: 1 | CT50: 0.35138889 | CU50: 0.75138889 | CV50: =MOD(CU50-CT50,1)*24 | CW50: 1 | CX50: 0.33819444 | CY50: 0.75833333 | CZ50: =MOD(CY50-CX50,1)*24 | DA50: 1 | DB50: 0.35208333 | DC50: 0.8875 | DD50: =MOD(DC50-DB50,1)*24 | DE50: 1 | DF50: 0.34722222 | DG50: 0.75138889 | DH50: =MOD(DG50-DF50,1)*24 | DI50: 1 | DN50: 0.34513889 | DO50: 0.75138889 | DP50: =MOD(DO50-DN50,1)*24 | DQ50: 1 | DR50: 0.33611111 | DS50: 0.75138889 | DT50: =MOD(DS50-DR50,1)*24 | DU50: 1 | DZ50: =H50+L50+P50+T50+X50+AB50+AF50+AJ50+AN50+AR50+AV50+AZ50+BD50+BH50+BL50+BP50+BT50+BX50+CB50+CF50+CJ50+CN50+CR50+CV50+CZ50+DD50+DH50+DL50+DP50+DT50 | EA50: =I50+M50+Q50+U50+Y50+AC50+AG50+AK50+AO50+AS50+AW50+BA50+BE50+BI50+BM50+BQ50+BU50+BY50+CC50+CG50+CK50+CO50+CS50+CW50+DA50+DE50+DI50+DM50+DQ50+DU50
A51: 五楼 | B51: 唐良基 | C51: 55 | D51: 人力行政部 | E51: 人力行政部 | F51: 12:03 | I51: 0.5 | J51: 0.25486111 | K51: 0.75277778 | L51: =MOD(K51-J51,1)*24 | M51: 1 | R51: 0.25694444 | S51: 0.75277778 | T51: =MOD(S51-R51,1)*24 | U51: 1 | V51: 0.25972222 | W51: 0.75625 | X51: =MOD(W51-V51,1)*24 | Y51: 1 | Z51: 0.25555556 | AA51: 0.75277778 | AB51: =MOD(AA51-Z51,1)*24 | AC51: 1 | AD51: 0.25763889 | AE51: 0.75486111 | AF51: =MOD(AE51-AD51,1)*24 | AG51: 1 | AH51: 0.26527778 | AI51: 0.76944444 | AJ51: =MOD(AI51-AH51,1)*24 | AK51: 1 | AL51: 0.25833333 | AM51: 0.75555556 | AN51: =MOD(AM51-AL51,1)*24 | AO51: 1 | AP51: 0.25694444 | AQ51: 0.75486111 | AR51: =MOD(AQ51-AP51,1)*24 | AS51: 1 | AT51: 0.26666667 | AU51: 0.75486111 | AV51: =MOD(AU51-AT51,1)*24 | AW51: 1 | AX51: 0.25625 | AY51: 0.75416667 | AZ51: =MOD(AY51-AX51,1)*24 | BA51: 1 | BB51: 0.25763889 | BC51: 0.75347222 | BD51: =MOD(BC51-BB51,1)*24 | BE51: 1 | BF51: 0.25833333 | BG51: 0.75625 | BH51: =MOD(BG51-BF51,1)*24 | BI51: 1 | BN51: 0.25902778 | BO51: 0.75208333 | BP51: =MOD(BO51-BN51,1)*24 | BQ51: 1 | BR51: 0.26388889 | BS51: 0.75625 | BT51: =MOD(BS51-BR51,1)*24 | BU51: 1 | BV51: 0.25763889 | BW51: 0.75277778 | BX51: =MOD(BW51-BV51,1)*24 | BY51: 1 | BZ51: 0.26041667 | CA51: 0.74166667 | CB51: =MOD(CA51-BZ51,1)*24 | CC51: 1 | CD51: 0.25138889 | CE51: 0.75138889 | CF51: =MOD(CE51-CD51,1)*24 | CG51: 1 | CH51: 0.25972222 | CI51: 0.75138889 | CJ51: =MOD(CI51-CH51,1)*24 | CK51: 1 | CP51: 0.25208333 | CQ51: 0.75486111 | CR51: =MOD(CQ51-CP51,1)*24 | CS51: 1 | CT51: 0.25625 | CU51: 0.75347222 | CV51: =MOD(CU51-CT51,1)*24 | CW51: 1 | CX51: 0.25902778 | CY51: 0.75416667 | CZ51: =MOD(CY51-CX51,1)*24 | DA51: 1 | DB51: 0.25555556 | DC51: 0.75208333 | DD51: =MOD(DC51-DB51,1)*24 | DE51: 1 | DF51: 0.26388889 | DG51: 0.75208333 | DH51: =MOD(DG51-DF51,1)*24 | DI51: 1 | DN51: 0.25486111 | DO51: 0.75555556 | DP51: =MOD(DO51-DN51,1)*24 | DQ51: 1 | DR51: 0.25694444 | DS51: 0.75694444 | DT51: =MOD(DS51-DR51,1)*24 | DU51: 1 | DZ51: =H51+L51+P51+T51+X51+AB51+AF51+AJ51+AN51+AR51+AV51+AZ51+BD51+BH51+BL51+BP51+BT51+BX51+CB51+CF51+CJ51+CN51+CR51+CV51+CZ51+DD51+DH51+DL51+DP51+DT51 | EA51: =I51+M51+Q51+U51+Y51+AC51+AG51+AK51+AO51+AS51+AW51+BA51+BE51+BI51+BM51+BQ51+BU51+BY51+CC51+CG51+CK51+CO51+CS51+CW51+DA51+DE51+DI51+DM51+DQ51+DU51
A52: 五楼 | B52: 刘明 | C52: 56 | D52: 人力行政部 | E52: 人力行政部 | F52: 11:38 | G52: 0.76111111 | H52: =MOD(G52-F52,1)*24 | I52: 0.5 | J52: 0.2375 | K52: 0.74652778 | L52: =MOD(K52-J52,1)*24 | M52: 1 | N52: 0.24930556 | O52: 0.75833333 | P52: =MOD(O52-N52,1)*24 | Q52: 1 | R52: 0.25416667 | S52: 0.74652778 | T52: =MOD(S52-R52,1)*24 | U52: 1 | V52: 0.25555556 | W52: 0.74930556 | X52: =MOD(W52-V52,1)*24 | Y52: 1 | Z52: 0.25416667 | AA52: 0.74791667 | AB52: =MOD(AA52-Z52,1)*24 | AC52: 1 | AD52: 0.25208333 | AE52: 0.74097222 | AF52: =MOD(AE52-AD52,1)*24 | AG52: 1 | AH52: 0.26597222 | AI52: 0.76319444 | AJ52: =MOD(AI52-AH52,1)*24 | AK52: 1 | AL52: 0.25416667 | AM52: 0.75555556 | AN52: =MOD(AM52-AL52,1)*24 | AO52: 1 | AP52: 0.25416667 | AQ52: 0.74583333 | AR52: =MOD(AQ52-AP52,1)*24 | AS52: 1 | AT52: 0.25694444 | AU52: 0.74861111 | AV52: =MOD(AU52-AT52,1)*24 | AW52: 1 | AX52: 0.25416667 | AY52: 0.74652778 | AZ52: =MOD(AY52-AX52,1)*24 | BA52: 1 | BB52: 0.25625 | BC52: 0.74583333 | BD52: =MOD(BC52-BB52,1)*24 | BE52: 1 | BF52: 0.25347222 | BG52: 0.74583333 | BH52: =MOD(BG52-BF52,1)*24 | BI52: 1 | BJ52: 0.23958333 | BK52: 0.73472222 | BL52: =MOD(BK52-BJ52,1)*24 | BM52: 1 | BN52: 0.25277778 | BO52: 0.74375 | BP52: =MOD(BO52-BN52,1)*24 | BQ52: 1 | BR52: 0.25347222 | BS52: 0.74652778 | BT52: =MOD(BS52-BR52,1)*24 | BU52: 1 | BV52: 0.25763889 | BW52: 0.74444444 | BX52: =MOD(BW52-BV52,1)*24 | BY52: 1 | BZ52: 0.25694444 | CA52: 0.74513889 | CB52: =MOD(CA52-BZ52,1)*24 | CC52: 1 | CD52: 0.25416667 | CE52: 0.74513889 | CF52: =MOD(CE52-CD52,1)*24 | CG52: 1 | CH52: 0.25416667 | CI52: 0.74722222 | CJ52: =MOD(CI52-CH52,1)*24 | CK52: 1 | CL52: 0.25208333 | CM52: 0.74652778 | CN52: =MOD(CM52-CL52,1)*24 | CO52: 1 | CP52: 0.25208333 | CQ52: 0.75486111 | CR52: =MOD(CQ52-CP52,1)*24 | CS52: 1 | CT52: 0.25486111 | CU52: 0.74722222 | CV52: =MOD(CU52-CT52,1)*24 | CW52: 1 | CX52: 0.25 | CY52: 0.74305556 | CZ52: =MOD(CY52-CX52,1)*24 | DA52: 1 | DB52: 0.25347222 | DC52: 0.74375 | DD52: =MOD(DC52-DB52,1)*24 | DE52: 1 | DF52: 0.24930556 | DG52: 0.74583333 | DH52: =MOD(DG52-DF52,1)*24 | DI52: 1 | DJ52: 0.24722222 | DK52: 0.73333333 | DL52: =MOD(DK52-DJ52,1)*24 | DM52: 1 | DN52: 0.25763889 | DO52: 0.74444444 | DP52: =MOD(DO52-DN52,1)*24 | DQ52: 1 | DR52: 0.25694444 | DS52: 0.74722222 | DT52: =MOD(DS52-DR52,1)*24 | DU52: 1 | DZ52: =H52+L52+P52+T52+X52+AB52+AF52+AJ52+AN52+AR52+AV52+AZ52+BD52+BH52+BL52+BP52+BT52+BX52+CB52+CF52+CJ52+CN52+CR52+CV52+CZ52+DD52+DH52+DL52+DP52+DT52 | EA52: =I52+M52+Q52+U52+Y52+AC52+AG52+AK52+AO52+AS52+AW52+BA52+BE52+BI52+BM52+BQ52+BU52+BY52+CC52+CG52+CK52+CO52+CS52+CW52+DA52+DE52+DI52+DM52+DQ52+DU52
A53: 五楼 | B53: 刘明 | C53: 56 | D53: 人力行政部 | E53: 人力行政部
A54: 五楼 | B54: 高源 | C54: 57 | D54: 研发部 | E54: 工艺技术部 | F54: 08:19 | G54: 0.78263889 | H54: =MOD(G54-F54,1)*24 | I54: 1 | J54: 0.34722222 | K54: 0.85972222 | L54: =MOD(K54-J54,1)*24 | M54: 1 | N54: 0.34444444 | O54: 0.83055556 | P54: =MOD(O54-N54,1)*24 | Q54: 1 | R54: 0.34791667 | S54: 0.85208333 | T54: =MOD(S54-R54,1)*24 | U54: 1 | V54: 0.34444444 | W54: 0.85277778 | X54: =MOD(W54-V54,1)*24 | Y54: 1 | Z54: 0.33055556 | AA54: 0.77430556 | AB54: =MOD(AA54-Z54,1)*24 | AC54: 1 | AH54: 0.34444444 | AI54: 0.77986111 | AJ54: =MOD(AI54-AH54,1)*24 | AK54: 1 | AL54: 0.34652778 | AM54: 0.87361111 | AN54: =MOD(AM54-AL54,1)*24 | AO54: 1 | AP54: 0.34444444 | AQ54: 0.76875 | AR54: =MOD(AQ54-AP54,1)*24 | AS54: 1 | AT54: 0.34791667 | AU54: 0.77083333 | AV54: =MOD(AU54-AT54,1)*24 | AW54: 1 | AX54: 0.34791667 | AY54: 0.85902778 | AZ54: =MOD(AY54-AX54,1)*24 | BA54: 1 | BB54: 0.34722222 | BC54: 0.81597222 | BD54: =MOD(BC54-BB54,1)*24 | BE54: 1 | BJ54: 0.34722222 | BK54: 0.77847222 | BL54: =MOD(BK54-BJ54,1)*24 | BM54: 1 | BN54: 0.34652778 | BO54: 0.7625 | BP54: =MOD(BO54-BN54,1)*24 | BQ54: 1 | BR54: 0.34930556 | BS54: 0.77083333 | BT54: =MOD(BS54-BR54,1)*24 | BU54: 1 | BV54: 0.34166667 | BW54: 0.75069444 | BX54: =MOD(BW54-BV54,1)*24 | BY54: 1 | CH54: 0.34166667 | CI54: 0.77569444 | CJ54: =MOD(CI54-CH54,1)*24 | CK54: 1 | CL54: 0.34652778 | CM54: 0.77291667 | CN54: =MOD(CM54-CL54,1)*24 | CO54: 1 | CP54: 0.34444444 | CQ54: 0.75069444 | CR54: =MOD(CQ54-CP54,1)*24 | CS54: 1 | CT54: 0.34722222 | CU54: 0.80208333 | CV54: =MOD(CU54-CT54,1)*24 | CW54: 1 | CX54: 0.34513889 | CY54: 0.82222222 | CZ54: =MOD(CY54-CX54,1)*24 | DA54: 1 | DB54: 0.34583333 | DC54: 0.76527778 | DD54: =MOD(DC54-DB54,1)*24 | DE54: 1 | DF54: 0.34513889 | DG54: 0.75138889 | DH54: =MOD(DG54-DF54,1)*24 | DI54: 1 | DN54: 0.34444444 | DO54: 0.78055556 | DP54: =MOD(DO54-DN54,1)*24 | DQ54: 1 | DR54: 0.34722222 | DS54: 0.77986111 | DT54: =MOD(DS54-DR54,1)*24 | DU54: 1 | DZ54: =H54+L54+P54+T54+X54+AB54+AF54+AJ54+AN54+AR54+AV54+AZ54+BD54+BH54+BL54+BP54+BT54+BX54+CB54+CF54+CJ54+CN54+CR54+CV54+CZ54+DD54+DH54+DL54+DP54+DT54 | EA54: =I54+M54+Q54+U54+Y54+AC54+AG54+AK54+AO54+AS54+AW54+BA54+BE54+BI54+BM54+BQ54+BU54+BY54+CC54+CG54+CK54+CO54+CS54+CW54+DA54+DE54+DI54+DM54+DQ54+DU54
A55: 五楼 | B55: 高源 | C55: 57 | D55: 研发部 | E55: 工艺技术部 | AR55: =MOD(AQ55-AP55,1)*24
A56: 五楼 | B56: 张兴六 | C56: 59 | D56: 人力行政部 | E56: 人力行政部 | F56: 11:56 | G56: 0.75486111 | H56: =MOD(G56-F56,1)*24 | I56: 0.5 | J56: 0.24444444 | K56: 0.73888889 | L56: =MOD(K56-J56,1)*24 | M56: 1 | N56: 0.23125 | O56: 0.74444444 | P56: =MOD(O56-N56,1)*24 | Q56: 1 | R56: 0.24444444 | S56: 0.74652778 | T56: =MOD(S56-R56,1)*24 | U56: 1 | V56: 0.24444444 | W56: 0.74791667 | X56: =MOD(W56-V56,1)*24 | Y56: 1 | Z56: 0.24444444 | AA56: 0.74583333 | AB56: =MOD(AA56-Z56,1)*24 | AC56: 1 | AD56: 0.24305556 | AE56: 0.74444444 | AF56: =MOD(AE56-AD56,1)*24 | AG56: 1 | AH56: 0.24583333 | AI56: 0.74652778 | AJ56: =MOD(AI56-AH56,1)*24 | AK56: 1 | AL56: 0.24444444 | AM56: 0.74305556 | AN56: =MOD(AM56-AL56,1)*24 | AO56: 1 | AP56: 0.24305556 | AQ56: 0.74861111 | AR56: =MOD(AQ56-AP56,1)*24 | AS56: 1 | AT56: 0.24305556 | AU56: 0.74791667 | AV56: =MOD(AU56-AT56,1)*24 | AW56: 1 | AX56: 0.24375 | AY56: 0.74652778 | AZ56: =MOD(AY56-AX56,1)*24 | BA56: 1 | BB56: 0.24375 | BC56: 0.74722222 | BD56: =MOD(BC56-BB56,1)*24 | BE56: 1 | BF56: 0.24583333 | BG56: 0.74722222 | BH56: =MOD(BG56-BF56,1)*24 | BI56: 1 | BJ56: 0.24236111 | BK56: 0.74861111 | BL56: =MOD(BK56-BJ56,1)*24 | BM56: 1 | BN56: 0.23958333 | BO56: 0.74444444 | BP56: =MOD(BO56-BN56,1)*24 | BQ56: 1 | BR56: 0.24375 | BS56: 0.75 | BT56: =MOD(BS56-BR56,1)*24 | BU56: 1 | BV56: 0.24166667 | BW56: 0.74930556 | BX56: =MOD(BW56-BV56,1)*24 | BY56: 1 | BZ56: 0.24236111 | CA56: 0.74583333 | CB56: =MOD(CA56-BZ56,1)*24 | CC56: 1 | CD56: 0.24444444 | CE56: 0.74791667 | CF56: =MOD(CE56-CD56,1)*24 | CG56: 1 | CH56: 0.23125 | CI56: 0.74722222 | CJ56: =MOD(CI56-CH56,1)*24 | CK56: 1 | CL56: 0.24305556 | CM56: 0.74722222 | CN56: =MOD(CM56-CL56,1)*24 | CO56: 1 | CP56: 0.22708333 | CQ56: 0.72361111 | CR56: =MOD(CQ56-CP56,1)*24 | CS56: 1 | CT56: 0.24513889 | CU56: 0.75347222 | CV56: =MOD(CU56-CT56,1)*24 | CW56: 1 | CX56: 0.23680556 | CY56: 0.74444444 | CZ56: =MOD(CY56-CX56,1)*24 | DA56: 1 | DB56: 0.24444444 | DC56: 0.75 | DD56: =MOD(DC56-DB56,1)*24 | DE56: 1 | DF56: 0.24513889 | DG56: 0.74375 | DH56: =MOD(DG56-DF56,1)*24 | DI56: 1 | DJ56: 0.24444444 | DK56: 0.75 | DL56: =MOD(DK56-DJ56,1)*24 | DM56: 1 | DN56: 0.75 | DQ56: 0.5 | DR56: 0.24513889 | DS56: 0.74722222 | DT56: =MOD(DS56-DR56,1)*24 | DU56: 1 | DZ56: =H56+L56+P56+T56+X56+AB56+AF56+AJ56+AN56+AR56+AV56+AZ56+BD56+BH56+BL56+BP56+BT56+BX56+CB56+CF56+CJ56+CN56+CR56+CV56+CZ56+DD56+DH56+DL56+DP56+DT56 | EA56: =I56+M56+Q56+U56+Y56+AC56+AG56+AK56+AO56+AS56+AW56+BA56+BE56+BI56+BM56+BQ56+BU56+BY56+CC56+CG56+CK56+CO56+CS56+CW56+DA56+DE56+DI56+DM56+DQ56+DU56
A57: 五楼 | B57: 何汉秀 | C57: 60 | D57: 品质部 | E57: 品质部 | F57: 07:10 | G57: 0.75208333 | H57: =MOD(G57-F57,1)*24 | I57: 1 | J57: 0.29583333 | K57: 0.75555556 | L57: =MOD(K57-J57,1)*24 | M57: 1 | N57: 0.29791667 | O57: 0.76041667 | P57: =MOD(O57-N57,1)*24 | Q57: 1 | R57: 0.29375 | S57: 0.77569444 | T57: =MOD(S57-R57,1)*24 | U57: 1 | V57: 0.29166667 | W57: 0.75 | X57: =MOD(W57-V57,1)*24 | Y57: 1 | Z57: 0.29375 | AA57: 0.75277778 | AB57: =MOD(AA57-Z57,1)*24 | AC57: 1 | AD57: 0.29722222 | AE57: 0.75 | AF57: =MOD(AE57-AD57,1)*24 | AG57: 1 | AH57: 0.30555556 | AI57: 0.75208333 | AJ57: =MOD(AI57-AH57,1)*24 | AK57: 1 | AL57: 0.29583333 | AM57: 0.75416667 | AN57: =MOD(AM57-AL57,1)*24 | AO57: 1 | AP57: 0.30208333 | AQ57: 0.76388889 | AR57: =MOD(AQ57-AP57,1)*24 | AS57: 1 | AT57: 0.29652778 | AU57: 0.75347222 | AV57: =MOD(AU57-AT57,1)*24 | AW57: 1 | AX57: 0.29097222 | AY57: 0.75486111 | AZ57: =MOD(AY57-AX57,1)*24 | BA57: 1 | BB57: 0.28958333 | BC57: 0.75486111 | BD57: =MOD(BC57-BB57,1)*24 | BE57: 1 | BF57: 0.29166667 | BI57: 0.5 | BJ57: 0.28958333 | BK57: 0.75277778 | BL57: =MOD(BK57-BJ57,1)*24 | BM57: 1 | BN57: 0.29444444 | BO57: 0.75208333 | BP57: =MOD(BO57-BN57,1)*24 | BQ57: 1 | BR57: 0.29027778 | BS57: 0.75416667 | BT57: =MOD(BS57-BR57,1)*24 | BU57: 1 | BV57: 0.29583333 | BW57: 0.75138889 | BX57: =MOD(BW57-BV57,1)*24 | BY57: 1 | CD57: 0.28958333 | CE57: 0.75 | CF57: =MOD(CE57-CD57,1)*24 | CG57: 1 | CH57: 0.32291667 | CI57: 0.75138889 | CJ57: =MOD(CI57-CH57,1)*24 | CK57: 1 | CL57: 0.29861111 | CM57: 0.75208333 | CN57: =MOD(CM57-CL57,1)*24 | CO57: 1 | CP57: 0.29305556 | CQ57: 0.75625 | CR57: =MOD(CQ57-CP57,1)*24 | CS57: 1 | CT57: 0.29375 | CU57: 0.75138889 | CV57: =MOD(CU57-CT57,1)*24 | CW57: 1 | CX57: 0.30138889 | CY57: 0.75138889 | CZ57: =MOD(CY57-CX57,1)*24 | DA57: 1 | DB57: 0.29166667 | DC57: 0.75833333 | DD57: =MOD(DC57-DB57,1)*24 | DE57: 1 | DJ57: 0.29305556 | DK57: 0.75347222 | DL57: =MOD(DK57-DJ57,1)*24 | DM57: 1 | DN57: 0.2875 | DO57: 0.75555556 | DP57: =MOD(DO57-DN57,1)*24 | DQ57: 1 | DR57: 0.29444444 | DS57: 0.75277778 | DT57: =MOD(DS57-DR57,1)*24 | DU57: 1 | DZ57: =H57+L57+P57+T57+X57+AB57+AF57+AJ57+AN57+AR57+AV57+AZ57+BD57+BH57+BL57+BP57+BT57+BX57+CB57+CF57+CJ57+CN57+CR57+CV57+CZ57+DD57+DH57+DL57+DP57+DT57 | EA57: =I57+M57+Q57+U57+Y57+AC57+AG57+AK57+AO57+AS57+AW57+BA57+BE57+BI57+BM57+BQ57+BU57+BY57+CC57+CG57+CK57+CO57+CS57+CW57+DA57+DE57+DI57+DM57+DQ57+DU57
A58: 五楼 | B58: 何汉秀 | C58: 60 | D58: 品质部 | E58: 品质部
A59: 五楼 | B59: 姜全洪 | C59: 63 | D59: 设计部 | E59: 设计组 | J59: 0.35208333 | K59: 0.85902778 | L59: =MOD(K59-J59,1)*24 | M59: 1 | N59: 0.35277778 | O59: 0.8625 | P59: =MOD(O59-N59,1)*24 | Q59: 1 | R59: 0.35347222 | S59: 0.82777778 | T59: =MOD(S59-R59,1)*24 | U59: 1 | V59: 0.35277778 | W59: 0.85833333 | X59: =MOD(W59-V59,1)*24 | Y59: 1 | Z59: 0.35277778 | AA59: 0.76388889 | AB59: =MOD(AA59-Z59,1)*24 | AC59: 1 | AH59: 0.35208333 | AI59: 0.77708333 | AJ59: =MOD(AI59-AH59,1)*24 | AK59: 1 | AL59: 0.35277778 | AM59: 0.81597222 | AN59: =MOD(AM59-AL59,1)*24 | AO59: 1 | AP59: 0.35347222 | AQ59: 0.77013889 | AR59: =MOD(AQ59-AP59,1)*24 | AS59: 1 | AT59: 0.35347222 | AU59: 0.81527778 | AV59: =MOD(AU59-AT59,1)*24 | AW59: 1 | AX59: 0.35347222 | AY59: 0.81805556 | AZ59: =MOD(AY59-AX59,1)*24 | BA59: 1 | BB59: 0.35277778 | BC59: 0.75069444 | BD59: =MOD(BC59-BB59,1)*24 | BE59: 1 | BJ59: 0.35347222 | BK59: 0.76041667 | BL59: =MOD(BK59-BJ59,1)*24 | BM59: 1 | BN59: 0.35277778 | BO59: 0.83888889 | BP59: =MOD(BO59-BN59,1)*24 | BQ59: 1 | BR59: 0.35347222 | BS59: 0.85972222 | BT59: =MOD(BS59-BR59,1)*24 | BU59: 1 | BV59: 0.35347222 | BW59: 0.75208333 | BX59: =MOD(BW59-BV59,1)*24 | BY59: 1 | CH59: 0.35208333 | CI59: 0.78819444 | CJ59: =MOD(CI59-CH59,1)*24 | CK59: 1 | CL59: 0.35347222 | CM59: 0.81180556 | CN59: =MOD(CM59-CL59,1)*24 | CO59: 1 | CP59: 0.35277778 | CQ59: 0.82638889 | CR59: =MOD(CQ59-CP59,1)*24 | CS59: 1 | CT59: 0.35347222 | CU59: 0.78958333 | CV59: =MOD(CU59-CT59,1)*24 | CW59: 1 | CX59: 0.35277778 | CY59: 0.78611111 | CZ59: =MOD(CY59-CX59,1)*24 | DA59: 1 | DB59: 0.35347222 | DC59: 0.83888889 | DD59: =MOD(DC59-DB59,1)*24 | DE59: 1 | DF59: 0.35277778 | DG59: 0.81527778 | DH59: =MOD(DG59-DF59,1)*24 | DI59: 1 | DJ59: 0.35208333 | DK59: 0.75833333 | DL59: =MOD(DK59-DJ59,1)*24 | DM59: 1 | DN59: 0.35208333 | DO59: 0.83263889 | DP59: =MOD(DO59-DN59,1)*24 | DQ59: 1 | DR59: 0.35208333 | DS59: 0.82013889 | DT59: =MOD(DS59-DR59,1)*24 | DU59: 1 | DZ59: =H59+L59+P59+T59+X59+AB59+AF59+AJ59+AN59+AR59+AV59+AZ59+BD59+BH59+BL59+BP59+BT59+BX59+CB59+CF59+CJ59+CN59+CR59+CV59+CZ59+DD59+DH59+DL59+DP59+DT59 | EA59: =I59+M59+Q59+U59+Y59+AC59+AG59+AK59+AO59+AS59+AW59+BA59+BE59+BI59+BM59+BQ59+BU59+BY59+CC59+CG59+CK59+CO59+CS59+CW59+DA59+DE59+DI59+DM59+DQ59+DU59
A60: 五楼 | B60: 李丰希 | C60: 64 | D60: 信息部 | E60: 信息部 | F60: 08:30 | G60: 0.94166667 | H60: =MOD(G60-F60,1)*24 | I60: 1 | J60: 0.35416667 | K60: 0.86111111 | L60: =MOD(K60-J60,1)*24 | M60: 1 | N60: 0.79861111 | Q60: 0.5 | R60: 0.35486111 | S60: 0.79097222 | T60: =MOD(S60-R60,1)*24 | U60: 1 | V60: 0.35347222 | W60: 0.87569444 | X60: =MOD(W60-V60,1)*24 | Y60: 1 | Z60: 0.35277778 | AA60: 0.76041667 | AB60: =MOD(AA60-Z60,1)*24 | AC60: 1 | AH60: 0.78611111 | AK60: 0.5 | AL60: 0.35416667 | AM60: 0.87569444 | AN60: =MOD(AM60-AL60,1)*24 | AO60: 1 | AP60: 0.35486111 | AQ60: 0.75416667 | AR60: =MOD(AQ60-AP60,1)*24 | AS60: 1 | AT60: 0.34166667 | AU60: 0.76041667 | AV60: =MOD(AU60-AT60,1)*24 | AW60: 1 | AX60: 0.35347222 | AY60: 0.85833333 | AZ60: =MOD(AY60-AX60,1)*24 | BA60: 1 | BB60: 0.35 | BC60: 0.77638889 | BD60: =MOD(BC60-BB60,1)*24 | BE60: 1 | BJ60: 0.35555556 | BK60: 0.76041667 | BL60: =MOD(BK60-BJ60,1)*24 | BM60: 1 | BN60: 0.35555556 | BO60: 0.75486111 | BP60: =MOD(BO60-BN60,1)*24 | BQ60: 1 | BR60: 0.35763889 | BS60: 0.75138889 | BT60: =MOD(BS60-BR60,1)*24 | BU60: 1 | BV60: 0.35416667 | BW60: 0.76111111 | BX60: =MOD(BW60-BV60,1)*24 | BY60: 1 | CH60: 0.35486111 | CI60: 0.75347222 | CJ60: =MOD(CI60-CH60,1)*24 | CK60: 1 | CL60: 0.35833333 | CM60: 0.75833333 | CN60: =MOD(CM60-CL60,1)*24 | CO60: 1 | CP60: 0.35486111 | CQ60: 0.87916667 | CR60: =MOD(CQ60-CP60,1)*24 | CS60: 1 | CT60: 0.35416667 | CU60: 0.75069444 | CV60: =MOD(CU60-CT60,1)*24 | CW60: 1 | CX60: 0.35763889 | CY60: 0.75902778 | CZ60: =MOD(CY60-CX60,1)*24 | DA60: 1 | DB60: 0.35555556 | DC60: 0.8875 | DD60: =MOD(DC60-DB60,1)*24 | DE60: 1 | DF60: 0.35486111 | DG60: 0.77222222 | DH60: =MOD(DG60-DF60,1)*24 | DI60: 1 | DN60: 0.35416667 | DO60: 0.75972222 | DP60: =MOD(DO60-DN60,1)*24 | DQ60: 1 | DR60: 0.35416667 | DS60: 0.75486111 | DT60: =MOD(DS60-DR60,1)*24 | DU60: 1 | DZ60: =H60+L60+P60+T60+X60+AB60+AF60+AJ60+AN60+AR60+AV60+AZ60+BD60+BH60+BL60+BP60+BT60+BX60+CB60+CF60+CJ60+CN60+CR60+CV60+CZ60+DD60+DH60+DL60+DP60+DT60 | EA60: =I60+M60+Q60+U60+Y60+AC60+AG60+AK60+AO60+AS60+AW60+BA60+BE60+BI60+BM60+BQ60+BU60+BY60+CC60+CG60+CK60+CO60+CS60+CW60+DA60+DE60+DI60+DM60+DQ60+DU60
A61: 五楼 | B61: 李丰希 | C61: 64 | D61: 信息部 | E61: 信息部
A62: 五楼 | B62: 许军 | C62: 65 | D62: 设计部 | E62: 设计组 | F62: 08:21 | G62: 0.775 | H62: =MOD(G62-F62,1)*24 | I62: 1 | J62: 0.875 | M62: 0.5 | N62: 0.35 | O62: 0.75138889 | P62: =MOD(O62-N62,1)*24 | Q62: 1 | R62: 0.87430556 | U62: 0.5 | V62: 0.34791667 | W62: 0.85138889 | X62: =MOD(W62-V62,1)*24 | Y62: 1 | Z62: 0.34930556 | AA62: 0.76180556 | AB62: =MOD(AA62-Z62,1)*24 | AC62: 1 | AX62: 0.35 | AY62: 0.8625 | AZ62: =MOD(AY62-AX62,1)*24 | BA62: 1 | BB62: 0.35 | BC62: 0.76458333 | BD62: =MOD(BC62-BB62,1)*24 | BE62: 1 | BJ62: 0.3375 | BK62: 0.84722222 | BL62: =MOD(BK62-BJ62,1)*24 | BM62: 1 | BN62: 0.34930556 | BO62: 0.75069444 | BP62: =MOD(BO62-BN62,1)*24 | BQ62: 1 | BR62: 0.85208333 | BU62: 0.5 | BV62: 0.34861111 | BW62: 0.75069444 | BX62: =MOD(BW62-BV62,1)*24 | BY62: 1 | CH62: 0.33819444 | CI62: 0.75416667 | CJ62: =MOD(CI62-CH62,1)*24 | CK62: 1 | CL62: 0.34861111 | CM62: 0.84583333 | CN62: =MOD(CM62-CL62,1)*24 | CO62: 1 | CP62: 0.34930556 | CQ62: 0.88125 | CR62: =MOD(CQ62-CP62,1)*24 | CS62: 1 | CT62: 0.34722222 | CU62: 0.75763889 | CV62: =MOD(CU62-CT62,1)*24 | CW62: 1 | CX62: 0.34722222 | CY62: 0.84097222 | CZ62: =MOD(CY62-CX62,1)*24 | DA62: 1 | DB62: 0.34861111 | DC62: 0.88541667 | DD62: =MOD(DC62-DB62,1)*24 | DE62: 1 | DF62: 0.34791667 | DG62: 0.75625 | DH62: =MOD(DG62-DF62,1)*24 | DI62: 1 | DN62: 0.34097222 | DO62: 0.90486111 | DP62: =MOD(DO62-DN62,1)*24 | DQ62: 1 | DR62: 0.34930556 | DU62: 0.5 | DZ62: =H62+L62+P62+T62+X62+AB62+AF62+AJ62+AN62+AR62+AV62+AZ62+BD62+BH62+BL62+BP62+BT62+BX62+CB62+CF62+CJ62+CN62+CR62+CV62+CZ62+DD62+DH62+DL62+DP62+DT62 | EA62: =I62+M62+Q62+U62+Y62+AC62+AG62+AK62+AO62+AS62+AW62+BA62+BE62+BI62+BM62+BQ62+BU62+BY62+CC62+CG62+CK62+CO62+CS62+CW62+DA62+DE62+DI62+DM62+DQ62+DU62
A63: 五楼 | B63: 许军 | C63: 65 | D63: 设计部 | E63: 设计组
A64: 五楼 | B64: 王美镪 | C64: 66 | D64: 信息部 | E64: 信息部 | F64: 08:26 | G64: 0.75208333 | H64: =MOD(G64-F64,1)*24 | I64: 1 | J64: 0.35 | K64: 0.76458333 | L64: =MOD(K64-J64,1)*24 | M64: 1 | N64: 0.35069444 | O64: 0.75555556 | P64: =MOD(O64-N64,1)*24 | Q64: 1 | R64: 0.35 | S64: 0.75208333 | T64: =MOD(S64-R64,1)*24 | U64: 1 | V64: 0.35 | W64: 0.84513889 | X64: =MOD(W64-V64,1)*24 | Y64: 1 | Z64: 0.35 | AA64: 0.75625 | AB64: =MOD(AA64-Z64,1)*24 | AC64: 1 | AH64: 0.34791667 | AI64: 0.75138889 | AJ64: =MOD(AI64-AH64,1)*24 | AK64: 1 | AL64: 0.34861111 | AM64: 0.87361111 | AN64: =MOD(AM64-AL64,1)*24 | AO64: 1 | AP64: 0.34930556 | AQ64: 0.75069444 | AR64: =MOD(AQ64-AP64,1)*24 | AS64: 1 | AT64: 0.35 | AU64: 0.75138889 | AV64: =MOD(AU64-AT64,1)*24 | AW64: 1 | AX64: 0.35069444 | AY64: 0.75069444 | AZ64: =MOD(AY64-AX64,1)*24 | BA64: 1 | BB64: 0.35069444 | BC64: 0.75555556 | BD64: =MOD(BC64-BB64,1)*24 | BE64: 1 | BJ64: 0.35069444 | BK64: 0.75208333 | BL64: =MOD(BK64-BJ64,1)*24 | BM64: 1 | BN64: 0.35277778 | BO64: 0.75138889 | BP64: =MOD(BO64-BN64,1)*24 | BQ64: 1 | BR64: 0.35069444 | BS64: 0.75069444 | BT64: =MOD(BS64-BR64,1)*24 | BU64: 1 | CH64: 0.34513889 | CI64: 0.75208333 | CJ64: =MOD(CI64-CH64,1)*24 | CK64: 1 | CL64: 0.34930556 | CM64: 0.75555556 | CN64: =MOD(CM64-CL64,1)*24 | CO64: 1 | CP64: 0.35138889 | CS64: 0.5 | CT64: 0.35 | CU64: 0.75555556 | CV64: =MOD(CU64-CT64,1)*24 | CW64: 1 | CX64: 0.34930556 | CY64: 0.75902778 | CZ64: =MOD(CY64-CX64,1)*24 | DA64: 1 | DB64: 0.35208333 | DC64: 0.75833333 | DD64: =MOD(DC64-DB64,1)*24 | DE64: 1 | DF64: 0.35 | DG64: 0.75347222 | DH64: =MOD(DG64-DF64,1)*24 | DI64: 1 | DJ64: 0.34305556 | DK64: 0.75 | DL64: =MOD(DK64-DJ64,1)*24 | DM64: 1 | DN64: 0.35 | DO64: 0.75069444 | DP64: =MOD(DO64-DN64,1)*24 | DQ64: 1 | DR64: 0.35 | DT64: =MOD(DS64-DR64,1)*24 | DU64: 1 | DZ64: =H64+L64+P64+T64+X64+AB64+AF64+AJ64+AN64+AR64+AV64+AZ64+BD64+BH64+BL64+BP64+BT64+BX64+CB64+CF64+CJ64+CN64+CR64+CV64+CZ64+DD64+DH64+DL64+DP64+DT64 | EA64: =I64+M64+Q64+U64+Y64+AC64+AG64+AK64+AO64+AS64+AW64+BA64+BE64+BI64+BM64+BQ64+BU64+BY64+CC64+CG64+CK64+CO64+CS64+CW64+DA64+DE64+DI64+DM64+DQ64+DU64
A65: 五楼 | B65: 王美镪 | C65: 66 | D65: 信息部 | E65: 信息部
A66: 五楼 | B66: 黄义晴 | C66: 67 | D66: 综合部 | E66: 财务核价 | F66: 08:20 | G66: 0.75069444 | H66: =MOD(G66-F66,1)*24 | I66: 1 | J66: 0.34722222 | K66: 0.75069444 | L66: =MOD(K66-J66,1)*24 | M66: 1 | N66: 0.34930556 | O66: 0.75 | P66: =MOD(O66-N66,1)*24 | Q66: 1 | R66: 0.34722222 | S66: 0.75 | T66: =MOD(S66-R66,1)*24 | U66: 1 | V66: 0.34722222 | W66: 0.75069444 | X66: =MOD(W66-V66,1)*24 | Y66: 1 | Z66: 0.34722222 | AA66: 0.75069444 | AB66: =MOD(AA66-Z66,1)*24 | AC66: 1 | AD66: 0.34861111 | AE66: 0.75555556 | AF66: =MOD(AE66-AD66,1)*24 | AG66: 1 | AH66: 0.34861111 | AI66: 0.75069444 | AJ66: =MOD(AI66-AH66,1)*24 | AK66: 1 | AL66: 0.34791667 | AM66: 0.75069444 | AN66: =MOD(AM66-AL66,1)*24 | AO66: 1 | AP66: 0.34791667 | AQ66: 0.75069444 | AR66: =MOD(AQ66-AP66,1)*24 | AS66: 1 | AT66: 0.34652778 | AU66: 0.75069444 | AV66: =MOD(AU66-AT66,1)*24 | AW66: 1 | BJ66: 0.34652778 | BK66: 0.75 | BL66: =MOD(BK66-BJ66,1)*24 | BM66: 1 | BN66: 0.34791667 | BO66: 0.75069444 | BP66: =MOD(BO66-BN66,1)*24 | BQ66: 1 | BR66: 0.34722222 | BS66: 0.75 | BT66: =MOD(BS66-BR66,1)*24 | BU66: 1 | BV66: 0.34722222 | BW66: 0.75069444 | BX66: =MOD(BW66-BV66,1)*24 | BY66: 1 | CD66: 0.34861111 | CE66: 0.75 | CF66: =MOD(CE66-CD66,1)*24 | CG66: 1 | CH66: 0.34791667 | CI66: 0.75069444 | CJ66: =MOD(CI66-CH66,1)*24 | CK66: 1 | CL66: 0.34930556 | CM66: 0.75069444 | CN66: =MOD(CM66-CL66,1)*24 | CO66: 1 | CP66: 0.34861111 | CQ66: 0.75069444 | CR66: =MOD(CQ66-CP66,1)*24 | CS66: 1 | CT66: 0.34930556 | CU66: 0.75069444 | CV66: =MOD(CU66-CT66,1)*24 | CW66: 1 | CX66: 0.34861111 | CY66: 0.75138889 | CZ66: =MOD(CY66-CX66,1)*24 | DA66: 1 | DB66: 0.34791667 | DC66: 0.75069444 | DD66: =MOD(DC66-DB66,1)*24 | DE66: 1 | DF66: 0.34861111 | DG66: 0.75069444 | DH66: =MOD(DG66-DF66,1)*24 | DI66: 1 | DN66: 0.34861111 | DO66: 0.75069444 | DP66: =MOD(DO66-DN66,1)*24 | DQ66: 1 | DR66: 0.34652778 | DS66: 0.91319444 | DT66: =MOD(DS66-DR66,1)*24 | DU66: 1 | DZ66: =H66+L66+P66+T66+X66+AB66+AF66+AJ66+AN66+AR66+AV66+AZ66+BD66+BH66+BL66+BP66+BT66+BX66+CB66+CF66+CJ66+CN66+CR66+CV66+CZ66+DD66+DH66+DL66+DP66+DT66 | EA66: =I66+M66+Q66+U66+Y66+AC66+AG66+AK66+AO66+AS66+AW66+BA66+BE66+BI66+BM66+BQ66+BU66+BY66+CC66+CG66+CK66+CO66+CS66+CW66+DA66+DE66+DI66+DM66+DQ66+DU66
A67: 五楼 | B67: 何绍奇 | C67: 69 | D67: 信息部 | E67: 信息部 | F67: 08:24 | G67: 0.75069444 | H67: =MOD(G67-F67,1)*24 | I67: 1 | J67: 0.35069444 | K67: 0.76736111 | L67: =MOD(K67-J67,1)*24 | M67: 1 | N67: 0.34375 | O67: 0.75138889 | P67: =MOD(O67-N67,1)*24 | Q67: 1 | R67: 0.34930556 | S67: 0.75069444 | T67: =MOD(S67-R67,1)*24 | U67: 1 | V67: 0.35 | W67: 0.75138889 | X67: =MOD(W67-V67,1)*24 | Y67: 1 | Z67: 0.35 | AA67: 0.75069444 | AB67: =MOD(AA67-Z67,1)*24 | AC67: 1 | AH67: 0.34861111 | AI67: 0.75277778 | AJ67: =MOD(AI67-AH67,1)*24 | AK67: 1 | AL67: 0.34930556 | AM67: 0.75277778 | AN67: =MOD(AM67-AL67,1)*24 | AO67: 1 | AP67: 0.35 | AQ67: 0.75347222 | AR67: =MOD(AQ67-AP67,1)*24 | AS67: 1 | AT67: 0.34930556 | AU67: 0.75277778 | AV67: =MOD(AU67-AT67,1)*24 | AW67: 1 | AX67: 0.34791667 | AY67: 0.75625 | AZ67: =MOD(AY67-AX67,1)*24 | BA67: 1 | BB67: 0.35069444 | BC67: 0.75833333 | BD67: =MOD(BC67-BB67,1)*24 | BE67: 1 | BJ67: 0.34861111 | BK67: 0.75069444 | BL67: =MOD(BK67-BJ67,1)*24 | BM67: 1 | BN67: 0.34930556 | BO67: 0.75833333 | BP67: =MOD(BO67-BN67,1)*24 | BQ67: 1 | BR67: 0.34930556 | BS67: 0.75763889 | BT67: =MOD(BS67-BR67,1)*24 | BU67: 1 | BV67: 0.35 | BW67: 0.75347222 | BX67: =MOD(BW67-BV67,1)*24 | BY67: 1 | CH67: 0.75416667 | CK67: 0.5 | CL67: 0.35555556 | CM67: 0.75347222 | CN67: =MOD(CM67-CL67,1)*24 | CO67: 1 | CP67: 0.34791667 | CQ67: 0.75972222 | CR67: =MOD(CQ67-CP67,1)*24 | CS67: 1 | CT67: 0.34930556 | CU67: 0.75069444 | CV67: =MOD(CU67-CT67,1)*24 | CW67: 1 | CX67: 0.75277778 | CZ67: =MOD(CY67-CX67,1)*24 | DA67: 0.5 | DB67: 0.34861111 | DC67: 0.75138889 | DD67: =MOD(DC67-DB67,1)*24 | DE67: 1 | DF67: 0.35 | DG67: 0.75208333 | DH67: =MOD(DG67-DF67,1)*24 | DI67: 1 | DN67: 0.34861111 | DO67: 0.75763889 | DP67: =MOD(DO67-DN67,1)*24 | DQ67: 1 | DR67: 0.35 | DS67: 0.75277778 | DT67: =MOD(DS67-DR67,1)*24 | DU67: 1 | DZ67: =H67+L67+P67+T67+X67+AB67+AF67+AJ67+AN67+AR67+AV67+AZ67+BD67+BH67+BL67+BP67+BT67+BX67+CB67+CF67+CJ67+CN67+CR67+CV67+CZ67+DD67+DH67+DL67+DP67+DT67 | EA67: =I67+M67+Q67+U67+Y67+AC67+AG67+AK67+AO67+AS67+AW67+BA67+BE67+BI67+BM67+BQ67+BU67+BY67+CC67+CG67+CK67+CO67+CS67+CW67+DA67+DE67+DI67+DM67+DQ67+DU67
A68: 五楼 | B68: 旷星琪 | C68: 70 | D68: 信息部 | E68: 信息部 | F68: 08:16 | G68: 0.75277778 | H68: =MOD(G68-F68,1)*24 | I68: 1 | J68: 0.34027778 | K68: 0.75 | L68: =MOD(K68-J68,1)*24 | M68: 1 | N68: 0.34097222 | O68: 0.75 | P68: =MOD(O68-N68,1)*24 | Q68: 1 | R68: 0.34166667 | S68: 0.75 | T68: =MOD(S68-R68,1)*24 | U68: 1 | V68: 0.34236111 | W68: 0.75 | X68: =MOD(W68-V68,1)*24 | Y68: 1 | Z68: 0.34097222 | AA68: 0.75 | AB68: =MOD(AA68-Z68,1)*24 | AC68: 1 | AH68: 0.34305556 | AI68: 0.75 | AJ68: =MOD(AI68-AH68,1)*24 | AK68: 1 | AL68: 0.34027778 | AM68: 0.75 | AN68: =MOD(AM68-AL68,1)*24 | AO68: 1 | AP68: 0.33958333 | AQ68: 0.75 | AR68: =MOD(AQ68-AP68,1)*24 | AS68: 1 | AT68: 0.34166667 | AU68: 0.75069444 | AV68: =MOD(AU68-AT68,1)*24 | AW68: 1 | AX68: 0.34166667 | AY68: 0.75 | AZ68: =MOD(AY68-AX68,1)*24 | BA68: 1 | BB68: 0.34027778 | BC68: 0.75 | BD68: =MOD(BC68-BB68,1)*24 | BE68: 1 | BF68: 0.3375 | BG68: 0.75 | BH68: =MOD(BG68-BF68,1)*24 | BI68: 1 | BJ68: 0.34027778 | BK68: 0.75 | BL68: =MOD(BK68-BJ68,1)*24 | BM68: 1 | BN68: 0.33680556 | BO68: 0.75 | BP68: =MOD(BO68-BN68,1)*24 | BQ68: 1 | BR68: 0.33819444 | BS68: 0.75138889 | BT68: =MOD(BS68-BR68,1)*24 | BU68: 1 | BV68: 0.3375 | BW68: 0.75 | BX68: =MOD(BW68-BV68,1)*24 | BY68: 1 | CL68: 0.33958333 | CM68: 0.75 | CN68: =MOD(CM68-CL68,1)*24 | CO68: 1 | CP68: 0.3375 | CQ68: 0.75 | CR68: =MOD(CQ68-CP68,1)*24 | CS68: 1 | CT68: 0.3375 | CU68: 0.75 | CV68: =MOD(CU68-CT68,1)*24 | CW68: 1 | CX68: 0.34097222 | CY68: 0.75 | CZ68: =MOD(CY68-CX68,1)*24 | DA68: 1 | DB68: 0.34444444 | DC68: 0.75 | DD68: =MOD(DC68-DB68,1)*24 | DE68: 1 | DF68: 0.3375 | DG68: 0.75 | DH68: =MOD(DG68-DF68,1)*24 | DI68: 1 | DN68: 0.34236111 | DO68: 0.75 | DP68: =MOD(DO68-DN68,1)*24 | DQ68: 1 | DR68: 0.33680556 | DS68: 0.75 | DT68: =MOD(DS68-DR68,1)*24 | DU68: 1 | DZ68: =H68+L68+P68+T68+X68+AB68+AF68+AJ68+AN68+AR68+AV68+AZ68+BD68+BH68+BL68+BP68+BT68+BX68+CB68+CF68+CJ68+CN68+CR68+CV68+CZ68+DD68+DH68+DL68+DP68+DT68 | EA68: =I68+M68+Q68+U68+Y68+AC68+AG68+AK68+AO68+AS68+AW68+BA68+BE68+BI68+BM68+BQ68+BU68+BY68+CC68+CG68+CK68+CO68+CS68+CW68+DA68+DE68+DI68+DM68+DQ68+DU68
A69: 五楼 | B69: 陈昌容 | C69: 73 | D69: 订单部 | E69: 接单报价组 | F69: 08:13 | G69: 0.75069444 | H69: =MOD(G69-F69,1)*24 | I69: 1 | J69: 0.34166667 | K69: 0.75069444 | L69: =MOD(K69-J69,1)*24 | M69: 1 | N69: 0.34375 | O69: 0.75069444 | P69: =MOD(O69-N69,1)*24 | Q69: 1 | R69: 0.34861111 | S69: 0.75069444 | T69: =MOD(S69-R69,1)*24 | U69: 1 | V69: 0.34583333 | W69: 0.75069444 | X69: =MOD(W69-V69,1)*24 | Y69: 1 | Z69: 0.34236111 | AA69: 0.75347222 | AB69: =MOD(AA69-Z69,1)*24 | AC69: 1 | AH69: 0.34861111 | AI69: 0.75069444 | AJ69: =MOD(AI69-AH69,1)*24 | AK69: 1 | AL69: 0.34236111 | AM69: 0.77013889 | AN69: =MOD(AM69-AL69,1)*24 | AO69: 1 | AP69: 0.34930556 | AQ69: 0.75138889 | AR69: =MOD(AQ69-AP69,1)*24 | AS69: 1 | AT69: 0.34305556 | AU69: 0.75069444 | AV69: =MOD(AU69-AT69,1)*24 | AW69: 1 | AX69: 0.34791667 | AY69: 0.75069444 | AZ69: =MOD(AY69-AX69,1)*24 | BA69: 1 | BB69: 0.34722222 | BC69: 0.75208333 | BD69: =MOD(BC69-BB69,1)*24 | BE69: 1 | BJ69: 0.34444444 | BK69: 0.75138889 | BL69: =MOD(BK69-BJ69,1)*24 | BM69: 1 | BN69: 0.34791667 | BO69: 0.75069444 | BP69: =MOD(BO69-BN69,1)*24 | BQ69: 1 | BR69: 0.34444444 | BS69: 0.75069444 | BT69: =MOD(BS69-BR69,1)*24 | BU69: 1 | BV69: 0.34861111 | BW69: 0.75069444 | BX69: =MOD(BW69-BV69,1)*24 | BY69: 1 | CH69: 0.33958333 | CI69: 0.50069444 | CJ69: =MOD(CI69-CH69,1)*24 | CK69: 0.5 | CL69: 0.34930556 | CM69: 0.75069444 | CN69: =MOD(CM69-CL69,1)*24 | CO69: 1 | CP69: 0.34861111 | CQ69: 0.75069444 | CR69: =MOD(CQ69-CP69,1)*24 | CS69: 1 | CT69: 0.34791667 | CU69: 0.75069444 | CV69: =MOD(CU69-CT69,1)*24 | CW69: 1 | CX69: 0.34444444 | CY69: 0.75069444 | CZ69: =MOD(CY69-CX69,1)*24 | DA69: 1 | DB69: 0.34861111 | DC69: 0.75138889 | DD69: =MOD(DC69-DB69,1)*24 | DE69: 1 | DF69: 0.35208333 | DG69: 0.75138889 | DH69: =MOD(DG69-DF69,1)*24 | DI69: 1 | DJ69: 0.34513889 | DK69: 0.50069444 | DL69: =MOD(DK69-DJ69,1)*24 | DM69: 0.5 | DN69: 0.35208333 | DO69: 0.75208333 | DP69: =MOD(DO69-DN69,1)*24 | DQ69: 1 | DR69: 0.34444444 | DS69: 0.86666667 | DT69: =MOD(DS69-DR69,1)*24 | DU69: 1 | DZ69: =H69+L69+P69+T69+X69+AB69+AF69+AJ69+AN69+AR69+AV69+AZ69+BD69+BH69+BL69+BP69+BT69+BX69+CB69+CF69+CJ69+CN69+CR69+CV69+CZ69+DD69+DH69+DL69+DP69+DT69 | EA69: =I69+M69+Q69+U69+Y69+AC69+AG69+AK69+AO69+AS69+AW69+BA69+BE69+BI69+BM69+BQ69+BU69+BY69+CC69+CG69+CK69+CO69+CS69+CW69+DA69+DE69+DI69+DM69+DQ69+DU69
A70: 五楼 | B70: 吴洪伟 | C70: 78 | D70: 设计部 | E70: 设计组 | F70: 08:27 | I70: 0.5 | J70: 0.34513889 | M70: 0.5 | N70: 0.34791667 | Q70: 0.5 | R70: 0.35208333 | U70: 0.5 | V70: 0.34166667 | W70: 0.75347222 | X70: =MOD(W70-V70,1)*24 | Y70: 1 | Z70: 0.34027778 | AA70: 0.75138889 | AB70: =MOD(AA70-Z70,1)*24 | AC70: 1 | AH70: 0.75277778 | AK70: 0.5 | AL70: 0.34652778 | AO70: 0.5 | AP70: 0.75208333 | AS70: 0.5 | AX70: 0.34236111 | BA70: 0.5 | BB70: 0.34444444 | BC70: 0.75 | BD70: =MOD(BC70-BB70,1)*24 | BE70: 1 | BJ70: 0.33888889 | BK70: 0.75277778 | BL70: =MOD(BK70-BJ70,1)*24 | BM70: 1 | BR70: 0.33819444 | BS70: 0.75347222 | BT70: =MOD(BS70-BR70,1)*24 | BU70: 1 | BV70: 0.31805556 | BY70: 0.5 | CH70: 0.34236111 | CK70: 0.5 | CL70: 0.34375 | CO70: 0.5 | CP70: 0.34236111 | CQ70: 0.75347222 | CR70: =MOD(CQ70-CP70,1)*24 | CS70: 1 | CT70: 0.34861111 | CU70: 0.75069444 | CV70: =MOD(CU70-CT70,1)*24 | CW70: 1 | DB70: 0.34097222 | DC70: 0.75347222 | DD70: =MOD(DC70-DB70,1)*24 | DE70: 1 | DF70: 0.34444444 | DI70: 0.5 | DJ70: 0.34166667 | DL70: =MOD(DK70-DJ70,1)*24 | DM70: 0.5 | DN70: 0.34513889 | DO70: 0.75138889 | DP70: =MOD(DO70-DN70,1)*24 | DQ70: 1 | DR70: 0.34513889 | DS70: 0.75902778 | DT70: =MOD(DS70-DR70,1)*24 | DU70: 1 | DZ70: =H70+L70+P70+T70+X70+AB70+AF70+AJ70+AN70+AR70+AV70+AZ70+BD70+BH70+BL70+BP70+BT70+BX70+CB70+CF70+CJ70+CN70+CR70+CV70+CZ70+DD70+DH70+DL70+DP70+DT70 | EA70: =I70+M70+Q70+U70+Y70+AC70+AG70+AK70+AO70+AS70+AW70+BA70+BE70+BI70+BM70+BQ70+BU70+BY70+CC70+CG70+CK70+CO70+CS70+CW70+DA70+DE70+DI70+DM70+DQ70+DU70
A71: 五楼 | B71: 熊壮 | C71: 80 | D71: 设计部 | E71: 设计组 | F71: 08:30 | G71: 0.79861111 | H71: =MOD(G71-F71,1)*24 | I71: 1 | J71: 0.33333333 | K71: 0.91736111 | L71: =MOD(K71-J71,1)*24 | M71: 1 | N71: 0.34791667 | O71: 0.75625 | P71: =MOD(O71-N71,1)*24 | Q71: 1 | R71: 0.32916667 | S71: 0.77222222 | T71: =MOD(S71-R71,1)*24 | U71: 1 | V71: 0.34513889 | W71: 0.95208333 | X71: =MOD(W71-V71,1)*24 | Y71: 1 | Z71: 0.35486111 | AA71: 0.89375 | AB71: =MOD(AA71-Z71,1)*24 | AC71: 1 | AH71: 0.34722222 | AI71: 0.77708333 | AJ71: =MOD(AI71-AH71,1)*24 | AK71: 1 | AL71: 0.34166667 | AM71: 0.77569444 | AN71: =MOD(AM71-AL71,1)*24 | AO71: 1 | AP71: 0.33611111 | AQ71: 0.94583333 | AR71: =MOD(AQ71-AP71,1)*24 | AS71: 1 | AT71: 0.34583333 | AU71: 0.79305556 | AV71: =MOD(AU71-AT71,1)*24 | AW71: 1 | AX71: 0.34652778 | AY71: 0.77638889 | AZ71: =MOD(AY71-AX71,1)*24 | BA71: 1 | BB71: 0.35208333 | BC71: 0.77361111 | BD71: =MOD(BC71-BB71,1)*24 | BE71: 1 | BJ71: 0.34166667 | BK71: 0.77430556 | BL71: =MOD(BK71-BJ71,1)*24 | BM71: 1 | BN71: 0.34930556 | BO71: 0.76458333 | BP71: =MOD(BO71-BN71,1)*24 | BQ71: 1 | BR71: 0.35347222 | BS71: 0.75694444 | BT71: =MOD(BS71-BR71,1)*24 | BU71: 1 | BV71: 0.34444444 | BW71: 0.75555556 | BX71: =MOD(BW71-BV71,1)*24 | BY71: 1 | CH71: 0.35277778 | CI71: 0.75902778 | CJ71: =MOD(CI71-CH71,1)*24 | CK71: 1 | CL71: 0.34513889 | CM71: 0.76597222 | CN71: =MOD(CM71-CL71,1)*24 | CO71: 1 | CP71: 0.34375 | CQ71: 0.76736111 | CR71: =MOD(CQ71-CP71,1)*24 | CS71: 1 | CT71: 0.35416667 | CU71: 0.79583333 | CV71: =MOD(CU71-CT71,1)*24 | CW71: 1 | CX71: 0.35416667 | CY71: 0.78611111 | CZ71: =MOD(CY71-CX71,1)*24 | DA71: 1 | DF71: 0.35277778 | DG71: 0.75277778 | DH71: =MOD(DG71-DF71,1)*24 | DI71: 1 | DJ71: 0.35069444 | DM71: 0.5 | DN71: 0.35347222 | DO71: 0.76180556 | DP71: =MOD(DO71-DN71,1)*24 | DQ71: 1 | DR71: 0.35416667 | DS71: 0.76527778 | DT71: =MOD(DS71-DR71,1)*24 | DU71: 1 | DZ71: =H71+L71+P71+T71+X71+AB71+AF71+AJ71+AN71+AR71+AV71+AZ71+BD71+BH71+BL71+BP71+BT71+BX71+CB71+CF71+CJ71+CN71+CR71+CV71+CZ71+DD71+DH71+DL71+DP71+DT71 | EA71: =I71+M71+Q71+U71+Y71+AC71+AG71+AK71+AO71+AS71+AW71+BA71+BE71+BI71+BM71+BQ71+BU71+BY71+CC71+CG71+CK71+CO71+CS71+CW71+DA71+DE71+DI71+DM71+DQ71+DU71
A72: 五楼 | B72: 熊壮 | C72: 80 | D72: 设计部 | E72: 设计组
A73: 五楼 | B73: 覃邦斌 | C73: 81 | D73: 人力行政部 | E73: 人力行政部 | F73: 07:42 | G73: 0.75138889 | H73: =MOD(G73-F73,1)*24 | I73: 1 | J73: 0.32013889 | K73: 0.75 | L73: =MOD(K73-J73,1)*24 | M73: 1 | N73: 0.31875 | O73: 0.75 | P73: =MOD(O73-N73,1)*24 | Q73: 1 | R73: 0.31736111 | S73: 0.75 | T73: =MOD(S73-R73,1)*24 | U73: 1 | V73: 0.31875 | W73: 0.75069444 | X73: =MOD(W73-V73,1)*24 | Y73: 1 | Z73: 0.31875 | AA73: 0.75208333 | AB73: =MOD(AA73-Z73,1)*24 | AC73: 1 | AD73: 0.32083333 | AE73: 0.75 | AF73: =MOD(AE73-AD73,1)*24 | AG73: 1 | AH73: 0.31944444 | AI73: 0.75416667 | AJ73: =MOD(AI73-AH73,1)*24 | AK73: 1 | AL73: 0.31944444 | AM73: 0.75069444 | AN73: =MOD(AM73-AL73,1)*24 | AO73: 1 | AP73: 0.32083333 | AQ73: 0.75694444 | AR73: =MOD(AQ73-AP73,1)*24 | AS73: 1 | AT73: 0.32013889 | AU73: 0.75138889 | AV73: =MOD(AU73-AT73,1)*24 | AW73: 1 | AX73: 0.31944444 | AY73: 0.75208333 | AZ73: =MOD(AY73-AX73,1)*24 | BA73: 1 | BB73: 0.31875 | BC73: 0.75555556 | BD73: =MOD(BC73-BB73,1)*24 | BE73: 1 | BF73: 0.31944444 | BG73: 0.75277778 | BH73: =MOD(BG73-BF73,1)*24 | BI73: 1 | BJ73: 0.32152778 | BK73: 0.75 | BL73: =MOD(BK73-BJ73,1)*24 | BM73: 1 | BN73: 0.32222222 | BO73: 0.75069444 | BP73: =MOD(BO73-BN73,1)*24 | BQ73: 1 | BR73: 0.32152778 | BS73: 0.75 | BT73: =MOD(BS73-BR73,1)*24 | BU73: 1 | BV73: 0.31944444 | BW73: 0.75 | BX73: =MOD(BW73-BV73,1)*24 | BY73: 1 | CD73: 0.31736111 | CE73: 0.78333333 | CF73: =MOD(CE73-CD73,1)*24 | CG73: 1 | CL73: 0.32083333 | CM73: 0.75069444 | CN73: =MOD(CM73-CL73,1)*24 | CO73: 1 | CP73: 0.31944444 | CQ73: 0.75 | CR73: =MOD(CQ73-CP73,1)*24 | CS73: 1 | CT73: 0.32152778 | CU73: 0.75347222 | CV73: =MOD(CU73-CT73,1)*24 | CW73: 1 | CX73: 0.32013889 | CY73: 0.75 | CZ73: =MOD(CY73-CX73,1)*24 | DA73: 1 | DB73: 0.32083333 | DC73: 0.75625 | DD73: =MOD(DC73-DB73,1)*24 | DE73: 1 | DF73: 0.31944444 | DG73: 0.75 | DH73: =MOD(DG73-DF73,1)*24 | DI73: 1 | DJ73: 0.32222222 | DK73: 0.75694444 | DL73: =MOD(DK73-DJ73,1)*24 | DM73: 1 | DN73: 0.32013889 | DO73: 0.75 | DP73: =MOD(DO73-DN73,1)*24 | DQ73: 1 | DR73: 0.29930556 | DS73: 0.75277778 | DT73: =MOD(DS73-DR73,1)*24 | DU73: 1 | DZ73: =H73+L73+P73+T73+X73+AB73+AF73+AJ73+AN73+AR73+AV73+AZ73+BD73+BH73+BL73+BP73+BT73+BX73+CB73+CF73+CJ73+CN73+CR73+CV73+CZ73+DD73+DH73+DL73+DP73+DT73 | EA73: =I73+M73+Q73+U73+Y73+AC73+AG73+AK73+AO73+AS73+AW73+BA73+BE73+BI73+BM73+BQ73+BU73+BY73+CC73+CG73+CK73+CO73+CS73+CW73+DA73+DE73+DI73+DM73+DQ73+DU73
A74: 五楼 | B74: 覃邦斌 | C74: 81 | D74: 人力行政部 | E74: 人力行政部
A75: 五楼 | B75: 章新灯 | C75: 82 | D75: 设计部 | E75: 设计组 | F75: 08:03 | G75: 0.83333333 | H75: =MOD(G75-F75,1)*24 | I75: 1 | J75: 0.34166667 | K75: 0.85902778 | L75: =MOD(K75-J75,1)*24 | M75: 1 | N75: 0.34236111 | O75: 0.83472222 | P75: =MOD(O75-N75,1)*24 | Q75: 1 | R75: 0.33680556 | S75: 0.83472222 | T75: =MOD(S75-R75,1)*24 | U75: 1 | V75: 0.34375 | W75: 0.85138889 | X75: =MOD(W75-V75,1)*24 | Y75: 1 | Z75: 0.34097222 | AA75: 0.8375 | AB75: =MOD(AA75-Z75,1)*24 | AC75: 1 | AD75: 0.33819444 | AE75: 0.75069444 | AF75: =MOD(AE75-AD75,1)*24 | AH75: 0.33819444 | AI75: 0.83402778 | AJ75: =MOD(AI75-AH75,1)*24 | AK75: 1 | AL75: 0.33819444 | AM75: 0.87430556 | AN75: =MOD(AM75-AL75,1)*24 | AO75: 1 | AP75: 0.34236111 | AQ75: 0.81666667 | AR75: =MOD(AQ75-AP75,1)*24 | AS75: 1 | AT75: 0.33958333 | AU75: 0.81527778 | AV75: =MOD(AU75-AT75,1)*24 | AW75: 1 | AX75: 0.34375 | AY75: 0.8625 | AZ75: =MOD(AY75-AX75,1)*24 | BA75: 1 | BB75: 0.34236111 | BC75: 0.83472222 | BD75: =MOD(BC75-BB75,1)*24 | BE75: 1 | BJ75: 0.33888889 | BK75: 0.83680556 | BL75: =MOD(BK75-BJ75,1)*24 | BM75: 1 | BN75: 0.34166667 | BO75: 0.8125 | BP75: =MOD(BO75-BN75,1)*24 | BQ75: 1 | BR75: 0.33819444 | BS75: 0.79722222 | BT75: =MOD(BS75-BR75,1)*24 | BU75: 1 | BV75: 0.3375 | BW75: 0.80625 | BX75: =MOD(BW75-BV75,1)*24 | BY75: 1 | CH75: 0.33888889 | CI75: 0.80416667 | CJ75: =MOD(CI75-CH75,1)*24 | CK75: 1 | CL75: 0.33611111 | CM75: 0.82986111 | CN75: =MOD(CM75-CL75,1)*24 | CO75: 1 | CP75: 0.33680556 | CQ75: 0.88125 | CR75: =MOD(CQ75-CP75,1)*24 | CS75: 1 | CT75: 0.3375 | CU75: 0.82777778 | CV75: =MOD(CU75-CT75,1)*24 | CW75: 1 | CX75: 0.33680556 | CY75: 0.81388889 | CZ75: =MOD(CY75-CX75,1)*24 | DA75: 1 | DB75: 0.33958333 | DC75: 0.88888889 | DD75: =MOD(DC75-DB75,1)*24 | DE75: 1 | DF75: 0.34097222 | DG75: 0.84166667 | DH75: =MOD(DG75-DF75,1)*24 | DI75: 1 | DN75: 0.33611111 | DO75: 0.84930556 | DP75: =MOD(DO75-DN75,1)*24 | DQ75: 1 | DR75: 0.34166667 | DS75: 0.81875 | DT75: =MOD(DS75-DR75,1)*24 | DU75: 1 | DZ75: =H75+L75+P75+T75+X75+AB75+AF75+AJ75+AN75+AR75+AV75+AZ75+BD75+BH75+BL75+BP75+BT75+BX75+CB75+CF75+CJ75+CN75+CR75+CV75+CZ75+DD75+DH75+DL75+DP75+DT75 | EA75: =I75+M75+Q75+U75+Y75+AC75+AG75+AK75+AO75+AS75+AW75+BA75+BE75+BI75+BM75+BQ75+BU75+BY75+CC75+CG75+CK75+CO75+CS75+CW75+DA75+DE75+DI75+DM75+DQ75+DU75
A76: 五楼 | B76: 章新灯 | C76: 82 | D76: 设计部 | E76: 设计组
A77: 五楼 | B77: 蒋进 | C77: 83 | D77: 设计部 | E77: 设计组 | F77: 08:33 | G77: 0.9 | H77: =MOD(G77-F77,1)*24 | I77: 1 | J77: 0.33333333 | K77: 0.99583333 | L77: =MOD(K77-J77,1)*24 | M77: 1 | N77: 0.35347222 | O77: 0.96597222 | P77: =MOD(O77-N77,1)*24 | Q77: 1 | R77: 0.33888889 | S77: 0.91944444 | T77: =MOD(S77-R77,1)*24 | U77: 1 | V77: 0.33819444 | W77: 0.95277778 | X77: =MOD(W77-V77,1)*24 | Y77: 1 | Z77: 0.75416667 | AA77: 0.96736111 | AB77: =MOD(AA77-Z77,1)*24 | AD77: 0.75138889 | AG77: 0.5 | AH77: 0.35416667 | AI77: 0.93402778 | AJ77: =MOD(AI77-AH77,1)*24 | AK77: 1 | AL77: 0.34791667 | AM77: 0.90277778 | AN77: =MOD(AM77-AL77,1)*24 | AO77: 1 | AP77: 0.34166667 | AQ77: 0.87986111 | AR77: =MOD(AQ77-AP77,1)*24 | AS77: 1 | AT77: 0.34027778 | AU77: 0.9 | AV77: =MOD(AU77-AT77,1)*24 | AW77: 1 | AX77: 0.35 | AY77: 0.95208333 | AZ77: =MOD(AY77-AX77,1)*24 | BA77: 1 | BB77: 0.35138889 | BC77: 0.97291667 | BD77: =MOD(BC77-BB77,1)*24 | BE77: 1 | BF77: 0.35416667 | BG77: 0.89027778 | BH77: =MOD(BG77-BF77,1)*24 | BI77: 1 | BN77: 0.33888889 | BO77: 0.92083333 | BP77: =MOD(BO77-BN77,1)*24 | BQ77: 1 | BR77: 0.33819444 | BS77: 0.88472222 | BT77: =MOD(BS77-BR77,1)*24 | BU77: 1 | BV77: 0.34791667 | BW77: 0.85763889 | BX77: =MOD(BW77-BV77,1)*24 | BY77: 1 | CD77: 0.85972222 | CG77: 0.5 | CH77: 0.35069444 | CI77: 0.89236111 | CJ77: =MOD(CI77-CH77,1)*24 | CK77: 1 | CL77: 0.33958333 | CM77: 0.91111111 | CN77: =MOD(CM77-CL77,1)*24 | CO77: 1 | CP77: 0.33888889 | CQ77: 0.89861111 | CR77: =MOD(CQ77-CP77,1)*24 | CS77: 1 | CT77: 0.33819444 | CU77: 0.98055556 | CV77: =MOD(CU77-CT77,1)*24 | CW77: 1 | CX77: 0.78819444 | CY77: 0.98888889 | CZ77: =MOD(CY77-CX77,1)*24 | DA77: 0.5 | DB77: 0.35069444 | DC77: 0.98888889 | DD77: =MOD(DC77-DB77,1)*24 | DE77: 1 | DF77: 0.34652778 | DG77: 0.84305556 | DH77: =MOD(DG77-DF77,1)*24 | DI77: 1 | DJ77: 0.88888889 | DL77: =MOD(DK77-DJ77,1)*24 | DM77: 0.5 | DN77: 0.33888889 | DO77: 0.875 | DP77: =MOD(DO77-DN77,1)*24 | DQ77: 1 | DR77: 0.92152778 | DU77: 0.5 | DZ77: =H77+L77+P77+T77+X77+AB77+AF77+AJ77+AN77+AR77+AV77+AZ77+BD77+BH77+BL77+BP77+BT77+BX77+CB77+CF77+CJ77+CN77+CR77+CV77+CZ77+DD77+DH77+DL77+DP77+DT77 | EA77: =I77+M77+Q77+U77+Y77+AC77+AG77+AK77+AO77+AS77+AW77+BA77+BE77+BI77+BM77+BQ77+BU77+BY77+CC77+CG77+CK77+CO77+CS77+CW77+DA77+DE77+DI77+DM77+DQ77+DU77
A78: 五楼 | B78: 蒋进 | C78: 83 | D78: 设计部 | E78: 设计组 | BD78: =MOD(BC78-BB78,1)*24 | DF78: 0.98680556
A79: 五楼 | B79: 毛玉玲 | C79: 85 | D79: 生产制造中心 | E79: 生产制造中心 | F79: 08:29 | G79: 18:17 | H79: =MOD(G79-F79,1)*24 | I79: 1 | J79: 0.35555556 | K79: 0.85902778 | L79: =MOD(K79-J79,1)*24 | M79: 1 | N79: 0.35069444 | O79: 0.78541667 | P79: =MOD(O79-N79,1)*24 | Q79: 1 | R79: 0.35069444 | S79: 0.77708333 | T79: =MOD(S79-R79,1)*24 | U79: 1 | V79: 0.35347222 | W79: 0.84861111 | X79: =MOD(W79-V79,1)*24 | Y79: 1 | Z79: 0.34930556 | AA79: 0.75555556 | AB79: =MOD(AA79-Z79,1)*24 | AC79: 1 | AH79: 0.35694444 | AI79: 0.76111111 | AJ79: =MOD(AI79-AH79,1)*24 | AK79: 1 | AL79: 0.35347222 | AM79: 0.87361111 | AN79: =MOD(AM79-AL79,1)*24 | AO79: 1 | AP79: 0.35138889 | AQ79: 0.75763889 | AR79: =MOD(AQ79-AP79,1)*24 | AS79: 1 | AT79: 0.35416667 | AU79: 0.78402778 | AV79: =MOD(AU79-AT79,1)*24 | AW79: 1 | AX79: 0.35416667 | BA79: 0.5 | BB79: 0.35416667 | BE79: 0.5 | BJ79: 0.35 | BK79: 0.75416667 | BL79: =MOD(BK79-BJ79,1)*24 | BM79: 1 | BN79: 0.35416667 | BO79: 0.75208333 | BP79: =MOD(BO79-BN79,1)*24 | BQ79: 1 | BR79: 0.35069444 | BS79: 0.75625 | BT79: =MOD(BS79-BR79,1)*24 | BU79: 1 | BV79: 0.34930556 | BW79: 0.75208333 | BX79: =MOD(BW79-BV79,1)*24 | BY79: 1 | CL79: 0.35416667 | CM79: 0.75833333 | CN79: =MOD(CM79-CL79,1)*24 | CO79: 1 | CP79: 0.35625 | CQ79: 0.87638889 | CR79: =MOD(CQ79-CP79,1)*24 | CS79: 1 | CT79: 0.35625 | CU79: 0.76527778 | CV79: =MOD(CU79-CT79,1)*24 | CW79: 1 | CX79: 0.35486111 | CY79: 0.79097222 | CZ79: =MOD(CY79-CX79,1)*24 | DA79: 1 | DB79: 0.35208333 | DC79: 0.88819444 | DD79: =MOD(DC79-DB79,1)*24 | DE79: 1 | DF79: 0.35069444 | DG79: 0.75902778 | DH79: =MOD(DG79-DF79,1)*24 | DI79: 1 | DN79: 0.35347222 | DO79: 0.76111111 | DP79: =MOD(DO79-DN79,1)*24 | DQ79: 1 | DR79: 0.35 | DS79: 0.75347222 | DT79: =MOD(DS79-DR79,1)*24 | DU79: 1 | DZ79: =H79+L79+P79+T79+X79+AB79+AF79+AJ79+AN79+AR79+AV79+AZ79+BD79+BH79+BL79+BP79+BT79+BX79+CB79+CF79+CJ79+CN79+CR79+CV79+CZ79+DD79+DH79+DL79+DP79+DT79 | EA79: =I79+M79+Q79+U79+Y79+AC79+AG79+AK79+AO79+AS79+AW79+BA79+BE79+BI79+BM79+BQ79+BU79+BY79+CC79+CG79+CK79+CO79+CS79+CW79+DA79+DE79+DI79+DM79+DQ79+DU79
A80: 五楼 | B80: 毛玉玲 | C80: 85 | D80: 生产制造中心 | E80: 生产制造中心

Sheet 汇总
A1: 姓名 | B1: 打卡地点 | C1: 一级部门 | D1: 二级部门 | E1: 岗位 | F1: 上班日期 | G1: 身份证号 | H1: 月合计小时数 | I1: 月合计分钟数 | J1: 当月打卡天数 | K1: 正常休假天数 | L1: 调休天数 | M1: 出差天数 | N1: 补卡天数 | O1: 异常打卡 | P1: 漏卡次数 | Q1: 请假天数 | R1: 出勤合计 | S1: 补卡时间 | T1: 出差时间 | U1: 请假时间 | V1: 未打卡时间 | W1: 备注
A2: 伍小雪 | B2: 五楼 | C2: 订单部 | D2: 计划物控组 | E2: PMC主管 | F2: 2021-02-23 | G2: 500225199411128349 | H2: =SUMIF('6月部门分发'!B:B,A:A,'6月部门分发'!DX:DX) | I2: =H2*60 | J2: =SUMIF('6月部门分发'!B:B,A:A,'6月部门分发'!DY:DY) | K2: 5 | R2: =J2+K2+L2+M2+N2+O2+P2+Q2
A3: 邱霞 | B3: 五楼 | C3: 订单部 | D3: 计划物控组 | E3: 进度员 | F3: 2021-02-23 | G3: 500383199004084368 | H3: =SUMIF('6月部门分发'!B:B,A:A,'6月部门分发'!DX:DX) | I3: =H3*60 | J3: =SUMIF('6月部门分发'!B:B,A:A,'6月部门分发'!DY:DY) | K3: 5 | R3: =J3+K3+L3+M3+N3+O3+P3+Q3
A4: 陈小红 | B4: 五楼 | C4: 设计部 | D4: 设计组 | E4: 助理设计师 | F4: 2019-03-01 | G4: 500225198811058621 | H4: =SUMIF('6月部门分发'!B:B,A:A,'6月部门分发'!DX:DX) | I4: =H4*60 | J4: =SUMIF('6月部门分发'!B:B,A:A,'6月部门分发'!DY:DY) | K4: 4 | R4: =J4+K4+L4+M4+N4+O4+P4+Q4
A5: 胡娅 | B5: 五楼 | C5: 订单部 | D5: 计划物控组 | E5: 优化专员 | F5: 2025-11-05 | G5: 500225199407150746 | H5: =SUMIF('6月部门分发'!B:B,A:A,'6月部门分发'!DX:DX) | I5: =H5*60 | J5: =SUMIF('6月部门分发'!B:B,A:A,'6月部门分发'!DY:DY) | K5: 5 | R5: =J5+K5+L5+M5+N5+O5+P5+Q5
A6: 杨青青 | B6: 五楼 | C6: 订单部 | D6: 计划物控组 | E6: 物控 | F6: 2023-02-04 | G6: 511023199512296041 | H6: =SUMIF('6月部门分发'!B:B,A:A,'6月部门分发'!DX:DX) | I6: =H6*60 | J6: =SUMIF('6月部门分发'!B:B,A:A,'6月部门分发'!DY:DY) | K6: 5 | N6: 0.5 | R6: =J6+K6+L6+M6+N6+O6+P6+Q6 | S6: 29
A7: 向锋 | B7: 五楼 | C7: 设计部 | D7: 设计组 | E7: 建店经理 | F7: 2018-10-29 | G7: 430723198910090615 | H7: =SUMIF('6月部门分发'!B:B,A:A,'6月部门分发'!DX:DX) | I7: =H7*60 | J7: =SUMIF('6月部门分发'!B:B,A:A,'6月部门分发'!DY:DY) | K7: 4.5 | M7: 1.5 | R7: =J7+K7+L7+M7+N7+O7+P7+Q7 | S7: 3、26
A8: 杨首琴 | B8: 五楼 | C8: 采购部 | D8: 采购部 | E8: 采购员 | F8: 2020-06-16 | G8: 510281198104298602 | H8: =SUMIF('6月部门分发'!B:B,A:A,'6月部门分发'!DX:DX) | I8: =H8*60 | J8: =SUMIF('6月部门分发'!B:B,A:A,'6月部门分发'!DY:DY) | K8: 5 | N8: 0.5 | R8: =J8+K8+L8+M8+N8+O8+P8+Q8 | S8: 17
A9: 王晓兰 | B9: 五楼 | C9: 财务部 | D9: 财务部 | E9: 会计 | F9: 2019-04-17 | G9: 500225199107248442 | H9: =SUMIF('6月部门分发'!B:B,A:A,'6月部门分发'!DX:DX) | I9: =H9*60 | J9: =SUMIF('6月部门分发'!B:B,A:A,'6月部门分发'!DY:DY) | K9: 5 | R9: =J9+K9+L9+M9+N9+O9+P9+Q9
A10: 杨益琴 | B10: 五楼 | C10: 综合部 | D10: 财务核价 | E10: 财务 | F10: 2020-03-10 | G10: 500226199109023147 | H10: =SUMIF('6月部门分发'!B:B,A:A,'6月部门分发'!DX:DX) | I10: =H10*60 | J10: =SUMIF('6月部门分发'!B:B,A:A,'6月部门分发'!DY:DY) | K10: 5 | N10: 1 | R10: =J10+K10+L10+M10+N10+O10+P10+Q10 | S10: 1、5
A11: 刘琴 | B11: 五楼 | C11: 采购部 | D11: 采购部 | E11: 采购主管 | F11: 2017-02-15 | G11: 50023119880313146X | H11: =SUMIF('6月部门分发'!B:B,A:A,'6月部门分发'!DX:DX) | I11: =H11*60 | J11: =SUMIF('6月部门分发'!B:B,A:A,'6月部门分发'!DY:DY) | K11: 4.5 | M11: 2.5 | N11: 0.5 | R11: =J11+K11+L11+M11+N11+O11+P11+Q11 | T11: 16-17、23
A12: 刘文旦 | B12: 五楼 | C12: 设计部 | D12: 设计组 | E12: 深化拆单设计师 | F12: 2024-10-23 | G12: 362421199210302911 | H12: =SUMIF('6月部门分发'!B:B,A:A,'6月部门分发'!DX:DX) | I12: =H12*60 | J12: =SUMIF('6月部门分发'!B:B,A:A,'6月部门分发'!DY:DY) | K12: 5 | M12: 3.5 | N12: 1.5 | R12: =J12+K12+L12+M12+N12+O12+P12+Q12 | S12: 16、26、12 | T12: 5-8
A13: 王一程 | B13: 五楼 | C13: 设计部 | D13: 设计组 | E13: 深化拆单设计师 | F13: 2024-03-27 | G13: 500225199512234319 | H13: =SUMIF('6月部门分发'!B:B,A:A,'6月部门分发'!DX:DX) | I13: =H13*60 | J13: =SUMIF('6月部门分发'!B:B,A:A,'6月部门分发'!DY:DY) | K13: 5 | R13: =J13+K13+L13+M13+N13+O13+P13+Q13
A14: 龙训东 | B14: 五楼 | C14: 订单部 | D14: 审单组 | E14: 审单员 | F14: 2019-03-15 | G14: 500225198912201714 | H14: =SUMIF('6月部门分发'!B:B,A:A,'6月部门分发'!DX:DX) | I14: =H14*60 | J14: =SUMIF('6月部门分发'!B:B,A:A,'6月部门分发'!DY:DY) | K14: 5 | R14: =J14+K14+L14+M14+N14+O14+P14+Q14
A15: 李荧 | B15: 五楼 | C15: 订单部 | D15: 审单组 | E15: 手工拆单员 | F15: 2021-02-22 | G15: 513021199504011068 | H15: =SUMIF('6月部门分发'!B:B,A:A,'6月部门分发'!DX:DX) | I15: =H15*60 | J15: =SUMIF('6月部门分发'!B:B,A:A,'6月部门分发'!DY:DY) | K15: 5 | N15: 0.5 | R15: =J15+K15+L15+M15+N15+O15+P15+Q15 | S15: 30
A16: 贺悦 | B16: 五楼 | C16: 信息部 | D16: 信息部 | E16: 酷家乐建模工程师 | F16: 2025-03-04 | G16: 500111199702150016 | H16: =SUMIF('6月部门分发'!B:B,A:A,'6月部门分发'!DX:DX) | I16: =H16*60 | J16: =SUMIF('6月部门分发'!B:B,A:A,'6月部门分发'!DY:DY) | K16: 5 | N16: 0.5 | R16: =J16+K16+L16+M16+N16+O16+P16+Q16 | S16: 25
A17: 莫娇 | B17: 五楼 | C17: 订单部 | D17: 接单报价组 | E17: 报价员 | F17: 2020-03-17 | G17: 500225199203153224 | H17: =SUMIF('6月部门分发'!B:B,A:A,'6月部门分发'!DX:DX) | I17: =H17*60 | J17: =SUMIF('6月部门分发'!B:B,A:A,'6月部门分发'!DY:DY) | K17: 5 | R17: =J17+K17+L17+M17+N17+O17+P17+Q17
A18: 田建锋 | B18: 五楼 | C18: 订单部 | D18: 审单组 | E18: 拆单员 | F18: 2021-08-12 | G18: 500228199606018755 | H18: =SUMIF('6月部门分发'!B:B,A:A,'6月部门分发'!DX:DX) | I18: =H18*60 | J18: =SUMIF('6月部门分发'!B:B,A:A,'6月部门分发'!DY:DY) | K18: 4.5 | N18: 0.5 | R18: =J18+K18+L18+M18+N18+O18+P18+Q18 | S18: 6
A19: 李红波 | B19: 五楼 | C19: 订单部 | D19: 审单组 | E19: 审单员 | F19: 2021-11-04 | G19: 511011198510258316 | H19: =SUMIF('6月部门分发'!B:B,A:A,'6月部门分发'!DX:DX) | I19: =H19*60 | J19: =SUMIF('6月部门分发'!B:B,A:A,'6月部门分发'!DY:DY) | K19: 4.5 | N19: 0.5 | R19: =J19+K19+L19+M19+N19+O19+P19+Q19 | S19: 27
A20: 陈明会 | B20: 五楼 | C20: 综合部 | D20: 财务核价 | E20: 财务 | F20: 2021-02-27 | G20: 500225199301022340 | H20: =SUMIF('6月部门分发'!B:B,A:A,'6月部门分发'!DX:DX) | I20: =H20*60 | J20: =SUMIF('6月部门分发'!B:B,A:A,'6月部门分发'!DY:DY) | K20: 5 | R20: =J20+K20+L20+M20+N20+O20+P20+Q20
A21: 张金彬 | B21: 五楼 | C21: 设计部 | D21: 设计组 | E21: 绘图员 | F21: 2026-03-11 | G21: 500224200612033898 | H21: =SUMIF('6月部门分发'!B:B,A:A,'6月部门分发'!DX:DX) | I21: =H21*60 | J21: =SUMIF('6月部门分发'!B:B,A:A,'6月部门分发'!DY:DY) | K21: 5 | N21: 0.5 | R21: =J21+K21+L21+M21+N21+O21+P21+Q21 | S21: 8
A22: 吕丹丹 | B22: 五楼 | C22: 订单部 | D22: 接单报价组 | E22: 接单员 | F22: 2019-03-01 | G22: 500225198911210328 | H22: =SUMIF('6月部门分发'!B:B,A:A,'6月部门分发'!DX:DX) | I22: =H22*60 | J22: =SUMIF('6月部门分发'!B:B,A:A,'6月部门分发'!DY:DY) | K22: 5 | R22: =J22+K22+L22+M22+N22+O22+P22+Q22
A23: 李光义 | B23: 五楼 | C23: 综合部 | D23: 固豪售后 | E23: 售后（固豪） | F23: 2018-07-01 | G23: 500225198708097622 | H23: =SUMIF('6月部门分发'!B:B,A:A,'6月部门分发'!DX:DX) | I23: =H23*60 | J23: =SUMIF('6月部门分发'!B:B,A:A,'6月部门分发'!DY:DY) | K23: 5 | R23: =J23+K23+L23+M23+N23+O23+P23+Q23
A24: 匡启素 | B24: 五楼 | C24: 综合部 | D24: 综合部 | E24: 经理 | F24: 2014-02-07 | G24: 512322197310221860 | H24: =SUMIF('6月部门分发'!B:B,A:A,'6月部门分发'!DX:DX) | I24: =H24*60 | J24: =SUMIF('6月部门分发'!B:B,A:A,'6月部门分发'!DY:DY) | K24: 5 | N24: 0.5 | R24: =J24+K24+L24+M24+N24+O24+P24+Q24 | S24: 16
A25: 兰媛 | B25: 五楼 | C25: 综合部 | D25: 财务核价 | E25: 薪资核算员 | F25: 2023-07-22 | G25: 500225199610014328 | H25: =SUMIF('6月部门分发'!B:B,A:A,'6月部门分发'!DX:DX) | I25: =H25*60 | J25: =SUMIF('6月部门分发'!B:B,A:A,'6月部门分发'!DY:DY) | K25: 5 | R25: =J25+K25+L25+M25+N25+O25+P25+Q25
A26: 方宇 | B26: 五楼 | C26: 订单部 | D26: 接单报价组 | E26: 接单员 | F26: 2020-08-04 | G26: 500383198810092923 | H26: =SUMIF('6月部门分发'!B:B,A:A,'6月部门分发'!DX:DX) | I26: =H26*60 | J26: =SUMIF('6月部门分发'!B:B,A:A,'6月部门分发'!DY:DY) | K26: 5 | R26: =J26+K26+L26+M26+N26+O26+P26+Q26
A27: 莫永兵 | B27: 五楼 | C27: 板式车间 | D27: 板式车间 | E27: 厂长 | F27: 2022-03-30 | G27: 510225197703015437 | H27: =SUMIF('6月部门分发'!B:B,A:A,'6月部门分发'!DX:DX) | I27: =H27*60 | J27: =SUMIF('6月部门分发'!B:B,A:A,'6月部门分发'!DY:DY) | K27: 3 | R27: =J27+K27+L27+M27+N27+O27+P27+Q27
A28: 冯钰超 | B28: 五楼 | C28: 设计部 | D28: 设计组 | E28: 绘图员 | F28: 2026-03-21 | G28: 500381200502286010 | H28: =SUMIF('6月部门分发'!B:B,A:A,'6月部门分发'!DX:DX) | I28: =H28*60 | J28: =SUMIF('6月部门分发'!B:B,A:A,'6月部门分发'!DY:DY) | K28: 4 | R28: =J28+K28+L28+M28+N28+O28+P28+Q28
A29: 黄华 | B29: 五楼 | C29: 设计部 | D29: 设计组 | E29: 深化拆单设计师 | F29: 2023-11-10 | G29: 500225198702160758 | H29: =SUMIF('6月部门分发'!B:B,A:A,'6月部门分发'!DX:DX) | I29: =H29*60 | J29: =SUMIF('6月部门分发'!B:B,A:A,'6月部门分发'!DY:DY) | K29: 5 | N29: 1 | R29: =J29+K29+L29+M29+N29+O29+P29+Q29 | S29: 22、27
A30: 康波 | B30: 五楼 | C30: 设计部 | D30: 设计组 | E30: 方案设计师 | F30: 2023-02-25 | G30: 500225199303293814 | H30: =SUMIF('6月部门分发'!B:B,A:A,'6月部门分发'!DX:DX) | I30: =H30*60 | J30: =SUMIF('6月部门分发'!B:B,A:A,'6月部门分发'!DY:DY) | K30: 4.5 | R30: =J30+K30+L30+M30+N30+O30+P30+Q30
A31: 罗雨 | B31: 五楼 | C31: 设计部 | D31: 设计组 | E31: 副主管 | F31: 2023-05-17 | G31: 500225198706297612 | H31: =SUMIF('6月部门分发'!B:B,A:A,'6月部门分发'!DX:DX) | I31: =H31*60 | J31: =SUMIF('6月部门分发'!B:B,A:A,'6月部门分发'!DY:DY) | K31: 5 | R31: =J31+K31+L31+M31+N31+O31+P31+Q31
A32: 谭勇 | B32: 五楼 | C32: 设计部 | D32: 设计组 | E32: 方案设计师 | F32: 2025-07-01 | G32: 500225198602072312 | H32: =SUMIF('6月部门分发'!B:B,A:A,'6月部门分发'!DX:DX) | I32: =H32*60 | J32: =SUMIF('6月部门分发'!B:B,A:A,'6月部门分发'!DY:DY) | K32: 5 | N32: 1 | R32: =J32+K32+L32+M32+N32+O32+P32+Q32 | S32: 8、14
A33: 田鹏飞 | B33: 五楼 | C33: 订单部 | D33: 订单部 | E33: 经理 | F33: 2021-07-01 | G33: 500228198408188759 | H33: =SUMIF('6月部门分发'!B:B,A:A,'6月部门分发'!DX:DX) | I33: =H33*60 | J33: =SUMIF('6月部门分发'!B:B,A:A,'6月部门分发'!DY:DY) | K33: 5 | R33: =J33+K33+L33+M33+N33+O33+P33+Q33
A34: 谢灵 | B34: 五楼 | C34: 订单部 | D34: 接单报价组 | E34: 接单员 | F34: 2025-05-23 | G34: 500225199203105708 | H34: =SUMIF('6月部门分发'!B:B,A:A,'6月部门分发'!DX:DX) | I34: =H34*60 | J34: =SUMIF('6月部门分发'!B:B,A:A,'6月部门分发'!DY:DY) | K34: 5 | R34: =J34+K34+L34+M34+N34+O34+P34+Q34
A35: 周朝会 | B35: 五楼 | C35: 人力行政部 | D35: 人力行政部 | E35: 保洁 | F35: 2025-02-08 | G35: 512534197205110460 | H35: =SUMIF('6月部门分发'!B:B,A:A,'6月部门分发'!DX:DX) | I35: =H35*60 | J35: =SUMIF('6月部门分发'!B:B,A:A,'6月部门分发'!DY:DY) | K35: 3.5 | R35: =J35+K35+L35+M35+N35+O35+P35+Q35
A36: 伍梦柯 | B36: 五楼 | C36: 设计部 | D36: 设计组 | E36: 方案设计师 | F36: 2023-05-26 | G36: 500225199905268333 | H36: =SUMIF('6月部门分发'!B:B,A:A,'6月部门分发'!DX:DX) | I36: =H36*60 | J36: =SUMIF('6月部门分发'!B:B,A:A,'6月部门分发'!DY:DY) | K36: 5 | R36: =J36+K36+L36+M36+N36+O36+P36+Q36
A37: 李志明 | B37: 五楼 | C37: 人力行政部 | D37: 人力行政部 | E37: 保安 | F37: 2024-01-09 | G37: 510230196910273339 | H37: =SUMIF('6月部门分发'!B:B,A:A,'6月部门分发'!DX:DX) | I37: =H37*60 | J37: =SUMIF('6月部门分发'!B:B,A:A,'6月部门分发'!DY:DY) | K37: 4.5 | R37: =J37+K37+L37+M37+N37+O37+P37+Q37
A38: 漆娇 | B38: 五楼 | C38: 综合部 | D38: 奢匠售后 | E38: 奢匠售后 | F38: 2025-08-20 | G38: 500225199211053821 | H38: =SUMIF('6月部门分发'!B:B,A:A,'6月部门分发'!DX:DX) | I38: =H38*60 | J38: =SUMIF('6月部门分发'!B:B,A:A,'6月部门分发'!DY:DY) | K38: 5 | R38: =J38+K38+L38+M38+N38+O38+P38+Q38
A39: 唐良基 | B39: 五楼 | C39: 人力行政部 | D39: 人力行政部 | E39: 四期白班保安 | F39: 2020-12-31 | G39: 510230196208027197 | H39: =SUMIF('6月部门分发'!B:B,A:A,'6月部门分发'!DX:DX) | I39: =H39*60 | J39: =SUMIF('6月部门分发'!B:B,A:A,'6月部门分发'!DY:DY) | K39: 4.5 | R39: =J39+K39+L39+M39+N39+O39+P39+Q39
A40: 刘明 | B40: 五楼 | C40: 人力行政部 | D40: 人力行政部 | E40: 四期夜班保安 | F40: 2019-12-24 | G40: 510230197202133970 | H40: =SUMIF('6月部门分发'!B:B,A:A,'6月部门分发'!DX:DX) | I40: =H40*60 | J40: =SUMIF('6月部门分发'!B:B,A:A,'6月部门分发'!DY:DY) | K40: 0.5 | R40: =J40+K40+L40+M40+N40+O40+P40+Q40
A41: 高源 | B41: 五楼 | C41: 研发部 | D41: 工艺技术部 | E41: 工艺设计师 | F41: 2023-08-03 | G41: 500222199906143111 | H41: =SUMIF('6月部门分发'!B:B,A:A,'6月部门分发'!DX:DX) | I41: =H41*60 | J41: =SUMIF('6月部门分发'!B:B,A:A,'6月部门分发'!DY:DY) | K41: 5 | R41: =J41+K41+L41+M41+N41+O41+P41+Q41
A42: 张兴六 | B42: 五楼 | C42: 人力行政部 | D42: 人力行政部 | E42: 保安 | F42: 2023-08-25 | G42: 51023019690906779X | H42: =SUMIF('6月部门分发'!B:B,A:A,'6月部门分发'!DX:DX) | I42: =H42*60 | J42: =SUMIF('6月部门分发'!B:B,A:A,'6月部门分发'!DY:DY) | K42: 1 | R42: =J42+K42+L42+M42+N42+O42+P42+Q42
A43: 何汉秀 | B43: 五楼 | C43: 品质部 | D43: 品质部 | E43: 原材IQC | F43: 2021-05-18 | G43: 51023019750820142X | H43: =SUMIF('6月部门分发'!B:B,A:A,'6月部门分发'!DX:DX) | I43: =H43*60 | J43: =SUMIF('6月部门分发'!B:B,A:A,'6月部门分发'!DY:DY) | K43: 2.5 | R43: =J43+K43+L43+M43+N43+O43+P43+Q43
A44: 姜全洪 | B44: 五楼 | C44: 设计部 | D44: 设计组 | E44: 方案设计师 | F44: 2023-02-17 | G44: 50022519930330689X | H44: =SUMIF('6月部门分发'!B:B,A:A,'6月部门分发'!DX:DX) | I44: =H44*60 | J44: =SUMIF('6月部门分发'!B:B,A:A,'6月部门分发'!DY:DY) | K44: 5 | R44: =J44+K44+L44+M44+N44+O44+P44+Q44
A45: 李丰希 | B45: 五楼 | C45: 信息部 | D45: 信息部 | E45: 信息副经理 | F45: 2018-09-15 | G45: 500243199311067457 | H45: =SUMIF('6月部门分发'!B:B,A:A,'6月部门分发'!DX:DX) | I45: =H45*60 | J45: =SUMIF('6月部门分发'!B:B,A:A,'6月部门分发'!DY:DY) | K45: 5 | N45: 1 | R45: =J45+K45+L45+M45+N45+O45+P45+Q45 | S45: 3、8
A46: 许军 | B46: 五楼 | C46: 设计部 | D46: 设计组 | E46: 设计经理 | F46: 2023-07-04 | G46: 500237198410217893 | H46: =SUMIF('6月部门分发'!B:B,A:A,'6月部门分发'!DX:DX) | I46: =H46*60 | J46: =SUMIF('6月部门分发'!B:B,A:A,'6月部门分发'!DY:DY) | K46: 5 | M46: 5 | R46: =J46+K46+L46+M46+N46+O46+P46+Q46 | T46: 7-11
A47: 王美镪 | B47: 五楼 | C47: 信息部 | D47: 信息部 | E47: AI工程师 | F47: 2026-04-20 | G47: 510521200303211450 | H47: =SUMIF('6月部门分发'!B:B,A:A,'6月部门分发'!DX:DX) | I47: =H47*60 | J47: =SUMIF('6月部门分发'!B:B,A:A,'6月部门分发'!DY:DY) | K47: 4.5 | N47: 1 | R47: =J47+K47+L47+M47+N47+O47+P47+Q47 | S47: 23、30
A48: 黄义晴 | B48: 五楼 | C48: 综合部 | D48: 财务核价 | E48: 审价 | F48: 2024-06-12 | G48: 500231199907061667 | H48: =SUMIF('6月部门分发'!B:B,A:A,'6月部门分发'!DX:DX) | I48: =H48*60 | J48: =SUMIF('6月部门分发'!B:B,A:A,'6月部门分发'!DY:DY) | K48: 5 | R48: =J48+K48+L48+M48+N48+O48+P48+Q48
A49: 何绍奇 | B49: 五楼 | C49: 信息部 | D49: 信息部 | E49: 网络维修工程师 | F49: 2025-02-11 | G49: 500227198610176915 | H49: =SUMIF('6月部门分发'!B:B,A:A,'6月部门分发'!DX:DX) | I49: =H49*60 | J49: =SUMIF('6月部门分发'!B:B,A:A,'6月部门分发'!DY:DY) | K49: 5 | N49: 1 | R49: =J49+K49+L49+M49+N49+O49+P49+Q49 | T49: 21、25
A50: 旷星琪 | B50: 五楼 | C50: 信息部 | D50: 信息部 | E50: 软件员 | F50: 2025-02-13 | G50: 500225200511164473 | H50: =SUMIF('6月部门分发'!B:B,A:A,'6月部门分发'!DX:DX) | I50: =H50*60 | J50: =SUMIF('6月部门分发'!B:B,A:A,'6月部门分发'!DY:DY) | K50: 5 | R50: =J50+K50+L50+M50+N50+O50+P50+Q50
A51: 陈昌容 | B51: 五楼 | C51: 订单部 | D51: 接单报价组 | E51: 接单员 | F51: 2024-07-05 | G51: 510230198209236985 | H51: =SUMIF('6月部门分发'!B:B,A:A,'6月部门分发'!DX:DX) | I51: =H51*60 | J51: =SUMIF('6月部门分发'!B:B,A:A,'6月部门分发'!DY:DY) | K51: 5 | R51: =J51+K51+L51+M51+N51+O51+P51+Q51
A52: 吴洪伟 | B52: 五楼 | C52: 设计部 | D52: 设计组 | E52: 方案设计师 | F52: 2017-07-07 | G52: 500225199010123811 | H52: =SUMIF('6月部门分发'!B:B,A:A,'6月部门分发'!DX:DX) | I52: =H52*60 | J52: =SUMIF('6月部门分发'!B:B,A:A,'6月部门分发'!DY:DY) | K52: 5 | R52: =J52+K52+L52+M52+N52+O52+P52+Q52
A53: 熊壮 | B53: 五楼 | C53: 设计部 | D53: 设计组 | E53: 方案设计师 | F53: 2020-06-16 | G53: 500225198911233896 | H53: =SUMIF('6月部门分发'!B:B,A:A,'6月部门分发'!DX:DX) | I53: =H53*60 | J53: =SUMIF('6月部门分发'!B:B,A:A,'6月部门分发'!DY:DY) | K53: 5 | R53: =J53+K53+L53+M53+N53+O53+P53+Q53
A54: 覃邦斌 | B54: 五楼 | C54: 人力行政部 | D54: 人力行政部 | E54: 客房清洁工 | F54: 2020-09-15 | G54: 510230197210067627 | H54: =SUMIF('6月部门分发'!B:B,A:A,'6月部门分发'!DX:DX) | I54: =H54*60 | J54: =SUMIF('6月部门分发'!B:B,A:A,'6月部门分发'!DY:DY) | K54: 2 | R54: =J54+K54+L54+M54+N54+O54+P54+Q54
A55: 章新灯 | B55: 五楼 | C55: 设计部 | D55: 设计组 | E55: 工艺经理 | F55: 2024-09-04 | G55: 500237199310047879 | H55: =SUMIF('6月部门分发'!B:B,A:A,'6月部门分发'!DX:DX) | I55: =H55*60 | J55: =SUMIF('6月部门分发'!B:B,A:A,'6月部门分发'!DY:DY) | K55: 5 | R55: =J55+K55+L55+M55+N55+O55+P55+Q55
A56: 蒋进 | B56: 五楼 | C56: 设计部 | D56: 设计组 | E56: 方案设计师 | F56: 2021-02-23 | G56: 500225198801015214 | H56: =SUMIF('6月部门分发'!B:B,A:A,'6月部门分发'!DX:DX) | I56: =H56*60 | J56: =SUMIF('6月部门分发'!B:B,A:A,'6月部门分发'!DY:DY) | K56: 5 | R56: =J56+K56+L56+M56+N56+O56+P56+Q56
A57: 毛玉玲 | B57: 五楼 | C57: 生产制造中心 | D57: 生产制造中心 | E57: 生产助理 | F57: 2025-05-04 | G57: 500225200107280042 | H57: =SUMIF('6月部门分发'!B:B,A:A,'6月部门分发'!DX:DX) | I57: =H57*60 | J57: =SUMIF('6月部门分发'!B:B,A:A,'6月部门分发'!DY:DY) | K57: 5 | N57: 1 | R57: =J57+K57+L57+M57+N57+O57+P57+Q57 | S57: 12、13
H58: =SUMIF('6月部门分发'!B:B,A:A,'6月部门分发'!DX:DX) | I58: =H58*60 | J58: =SUMIF('6月部门分发'!B:B,A:A,'6月部门分发'!DY:DY) | R58: =J58+K58+L58+M58+N58+O58+P58+Q58
H59: =SUMIF('6月部门分发'!B:B,A:A,'6月部门分发'!DX:DX) | I59: =H59*60 | J59: =SUMIF('6月部门分发'!B:B,A:A,'6月部门分发'!DY:DY) | R59: =J59+K59+L59+M59+N59+O59+P59+Q59
H60: =SUMIF('6月部门分发'!B:B,A:A,'6月部门分发'!DX:DX) | I60: =H60*60 | J60: =SUMIF('6月部门分发'!B:B,A:A,'6月部门分发'!DY:DY) | R60: =J60+K60+L60+M60+N60+O60+P60+Q60
H61: =SUMIF('6月部门分发'!B:B,A:A,'6月部门分发'!DX:DX) | I61: =H61*60 | J61: =SUMIF('6月部门分发'!B:B,A:A,'6月部门分发'!DY:DY) | R61: =J61+K61+L61+M61+N61+O61+P61+Q61
H62: =SUMIF('6月部门分发'!B:B,A:A,'6月部门分发'!DX:DX) | I62: =H62*60 | J62: =SUMIF('6月部门分发'!B:B,A:A,'6月部门分发'!DY:DY) | R62: =J62+K62+L62+M62+N62+O62+P62+Q62
H63: =SUMIF('6月部门分发'!B:B,A:A,'6月部门分发'!DX:DX) | I63: =H63*60 | J63: =SUMIF('6月部门分发'!B:B,A:A,'6月部门分发'!DY:DY) | R63: =J63+K63+L63+M63+N63+O63+P63+Q63
H64: =SUMIF('6月部门分发'!B:B,A:A,'6月部门分发'!DX:DX) | I64: =H64*60 | J64: =SUMIF('6月部门分发'!B:B,A:A,'6月部门分发'!DY:DY) | R64: =J64+K64+L64+M64+N64+O64+P64+Q64
H65: =SUMIF('6月部门分发'!B:B,A:A,'6月部门分发'!DX:DX) | I65: =H65*60 | J65: =SUMIF('6月部门分发'!B:B,A:A,'6月部门分发'!DY:DY) | R65: =J65+K65+L65+M65+N65+O65+P65+Q65
H66: =SUMIF('6月部门分发'!B:B,A:A,'6月部门分发'!DX:DX) | I66: =H66*60 | J66: =SUMIF('6月部门分发'!B:B,A:A,'6月部门分发'!DY:DY) | R66: =J66+K66+L66+M66+N66+O66+P66+Q66
H67: =SUMIF('6月部门分发'!B:B,A:A,'6月部门分发'!DX:DX) | I67: =H67*60 | J67: =SUMIF('6月部门分发'!B:B,A:A,'6月部门分发'!DY:DY) | R67: =J67+K67+L67+M67+N67+O67+P67+Q67
H68: =SUMIF('6月部门分发'!B:B,A:A,'6月部门分发'!DX:DX) | I68: =H68*60 | J68: =SUMIF('6月部门分发'!B:B,A:A,'6月部门分发'!DY:DY) | R68: =J68+K68+L68+M68+N68+O68+P68+Q68
H69: =SUMIF('6月部门分发'!B:B,A:A,'6月部门分发'!DX:DX) | I69: =H69*60 | J69: =SUMIF('6月部门分发'!B:B,A:A,'6月部门分发'!DY:DY) | R69: =J69+K69+L69+M69+N69+O69+P69+Q69
H70: =SUMIF('6月部门分发'!B:B,A:A,'6月部门分发'!DX:DX) | I70: =H70*60 | J70: =SUMIF('6月部门分发'!B:B,A:A,'6月部门分发'!DY:DY) | R70: =J70+K70+L70+M70+N70+O70+P70+Q70
