Workbook

Sheet 3月部门分发
A1: 打卡地点 | B1: 姓名 | C1: 工号 | D1: 一级部门 | E1: 二级部门 | F1: 46082 | H1: 小时数 | I1: 天数 | J1: 46083 | L1: 小时数 | M1: 天数 | N1: 46084 | P1: 小时数 | Q1: 天数 | R1: 46085 | T1: 小时数 | U1: 天数 | V1: 46086 | X1: 小时数 | Y1: 天数 | Z1: 46087 | AB1: 小时数 | AC1: 天数 | AD1: 46088 | AF1: 小时数 | AG1: 天数 | AH1: 46089 | AJ1: 小时数 | AK1: 天数 | AL1: 46090 | AN1: 小时数 | AO1: 天数 | AP1: 46091 | AR1: 小时数 | AS1: 天数 | AT1: 46092 | AV1: 小时数 | AW1: 天数 | AX1: 46093 | AZ1: 小时数 | BA1: 天数 | BB1: 46094 | BD1: 小时数 | BE1: 天数 | BF1: 46095 | BH1: 小时数 | BI1: 天数 | BJ1: 46096 | BL1: 小时数 | BM1: 天数 | BN1: 46097 | BP1: 小时数 | BQ1: 天数 | BR1: 46098 | BT1: 小时数 | BU1: 天数 | BV1: 46099 | BX1: 小时数 | BY1: 天数 | BZ1: 46100 | CB1: 小时数 | CC1: 天数 | CD1: 46101 | CF1: 小时数 | CG1: 天数 | CH1: 46102 | CJ1: 小时数 | CK1: 天数 | CL1: 46103 | CN1: 小时数 | CO1: 天数 | CP1: 46104 | CR1: 小时数 | CS1: 天数 | CT1: 46105 | CV1: 小时数 | CW1: 天数 | CX1: 46106 | CZ1: 小时数 | DA1: 天数 | DB1: 46107 | DD1: 小时数 | DE1: 天数 | DF1: 46108 | DH1: 小时数 | DI1: 天数 | DJ1: 46109 | DL1: 小时数 | DM1: 天数 | DN1: 46110 | DP1: 小时数 | DQ1: 天数 | DR1: 46111 | DT1: 小时数 | DU1: 天数 | DV1: 46112 | DX1: 小时数 | DY1: 天数 | DZ1: 总小时数 | EA1: 总天数
A2: 五楼 | B2: 张雪莲 | C2: 1 | F2: 0.34930556 | G2: 0.75555556 | H2: =MOD(G2-F2,1)*24 | I2: 1 | J2: 0.34305556 | K2: 0.73819444 | L2: =MOD(K2-J2,1)*24 | M2: 1 | N2: 0.35138889 | O2: 0.7375 | P2: =MOD(O2-N2,1)*24 | Q2: 1 | V2: 0.34722222 | W2: 0.7375 | X2: =MOD(W2-V2,1)*24 | Y2: 1 | Z2: 0.34513889 | AA2: 0.7375 | AB2: =MOD(AA2-Z2,1)*24 | AC2: 1 | AD2: 0.35 | AE2: 0.73958333 | AF2: =MOD(AE2-AD2,1)*24 | AG2: 1 | AL2: 0.35 | AM2: 0.7375 | AN2: =MOD(AM2-AL2,1)*24 | AO2: 1 | AP2: 0.34930556 | AQ2: 0.73819444 | AR2: =MOD(AQ2-AP2,1)*24 | AS2: 1 | AT2: 0.34722222 | AU2: 0.7375 | AV2: =MOD(AU2-AT2,1)*24 | AW2: 1 | AX2: 0.35 | AY2: 0.73888889 | AZ2: =MOD(AY2-AX2,1)*24 | BA2: 1 | BB2: 0.35 | BC2: 0.7375 | BD2: =MOD(BC2-BB2,1)*24 | BE2: 1 | BF2: 0.34444444 | BG2: 0.73819444 | BH2: =MOD(BG2-BF2,1)*24 | BI2: 1 | BN2: 0.35069444 | BO2: 0.73680556 | BP2: =MOD(BO2-BN2,1)*24 | BQ2: 1 | BR2: 0.35138889 | BS2: 0.7375 | BT2: =MOD(BS2-BR2,1)*24 | BU2: 1 | BV2: 0.34722222 | BW2: 0.7375 | BX2: =MOD(BW2-BV2,1)*24 | BY2: 1 | BZ2: 0.35208333 | CA2: 0.73819444 | CB2: =MOD(CA2-BZ2,1)*24 | CC2: 1 | CD2: 0.34930556 | CE2: 0.73680556 | CF2: =MOD(CE2-CD2,1)*24 | CG2: 1 | CH2: 0.35069444 | CI2: 0.7375 | CJ2: =MOD(CI2-CH2,1)*24 | CK2: 1 | CP2: 0.35138889 | CQ2: 0.73888889 | CR2: =MOD(CQ2-CP2,1)*24 | CS2: 1 | CT2: 0.35 | CU2: 0.74166667 | CV2: =MOD(CU2-CT2,1)*24 | CW2: 1 | CX2: 0.35 | CY2: 0.73888889 | CZ2: =MOD(CY2-CX2,1)*24 | DA2: 1 | DB2: 0.35069444 | DC2: 0.74236111 | DD2: =MOD(DC2-DB2,1)*24 | DE2: 1 | DF2: 0.35208333 | DG2: 0.74444444 | DH2: =MOD(DG2-DF2,1)*24 | DI2: 1 | DJ2: 0.34930556 | DK2: 0.74166667 | DL2: =MOD(DK2-DJ2,1)*24 | DM2: 1 | DR2: 0.35138889 | DS2: 0.73888889 | DT2: =MOD(DS2-DR2,1)*24 | DU2: 1 | DV2: 0.35208333 | DW2: 0.7375 | DX2: =MOD(DW2-DV2,1)*24 | DY2: 1
A3: 五楼 | B3: 高淑文 | C3: 2 | F3: 0.35069444 | G3: 0.75625 | H3: =MOD(G3-F3,1)*24 | I3: 1 | J3: 0.35069444 | K3: 0.73680556 | L3: =MOD(K3-J3,1)*24 | M3: 1 | R3: 0.35277778 | S3: 0.73611111 | T3: =MOD(S3-R3,1)*24 | U3: 1 | V3: 0.34791667 | W3: 0.73888889 | X3: =MOD(W3-V3,1)*24 | Y3: 1 | Z3: 0.34791667 | AA3: 0.73680556 | AB3: =MOD(AA3-Z3,1)*24 | AC3: 1 | AD3: 0.35486111 | AE3: 0.73819444 | AF3: =MOD(AE3-AD3,1)*24 | AG3: 1 | AL3: 0.35277778 | AM3: 0.73611111 | AN3: =MOD(AM3-AL3,1)*24 | AO3: 1 | AP3: 0.34722222 | AQ3: 0.73611111 | AR3: =MOD(AQ3-AP3,1)*24 | AS3: 1 | AT3: 0.34791667 | AU3: 0.73680556 | AV3: =MOD(AU3-AT3,1)*24 | AW3: 1 | AX3: 0.34513889 | AY3: 0.73611111 | AZ3: =MOD(AY3-AX3,1)*24 | BA3: 1 | BB3: 0.34791667 | BC3: 0.73611111 | BD3: =MOD(BC3-BB3,1)*24 | BE3: 1 | BF3: 0.35208333 | BG3: 0.73611111 | BH3: =MOD(BG3-BF3,1)*24 | BI3: 1 | BN3: 0.34930556 | BO3: 0.73611111 | BP3: =MOD(BO3-BN3,1)*24 | BQ3: 1 | BR3: 0.34652778 | BS3: 0.73680556 | BT3: =MOD(BS3-BR3,1)*24 | BU3: 1 | BV3: 0.34930556 | BW3: 0.73611111 | BX3: =MOD(BW3-BV3,1)*24 | BY3: 1 | BZ3: 0.34722222 | CA3: 0.73611111 | CB3: =MOD(CA3-BZ3,1)*24 | CC3: 1 | CD3: 0.34930556 | CE3: 0.73611111 | CF3: =MOD(CE3-CD3,1)*24 | CG3: 1 | CH3: 0.34305556 | CI3: 0.73680556 | CJ3: =MOD(CI3-CH3,1)*24 | CK3: 1 | CP3: 0.34722222 | CQ3: 0.73611111 | CR3: =MOD(CQ3-CP3,1)*24 | CS3: 1 | CT3: 0.34583333 | CU3: 0.73680556 | CV3: =MOD(CU3-CT3,1)*24 | CW3: 1 | CX3: 0.35416667 | CY3: 0.73611111 | CZ3: =MOD(CY3-CX3,1)*24 | DA3: 1 | DB3: 0.34722222 | DC3: 0.73611111 | DD3: =MOD(DC3-DB3,1)*24 | DE3: 1 | DF3: 0.34583333 | DG3: 0.73611111 | DH3: =MOD(DG3-DF3,1)*24 | DI3: 1 | DJ3: 0.35416667 | DK3: 0.73680556 | DL3: =MOD(DK3-DJ3,1)*24 | DM3: 1 | DR3: 0.35138889 | DS3: 0.73680556 | DT3: =MOD(DS3-DR3,1)*24 | DU3: 1 | DV3: 0.34722222 | DW3: 0.73680556 | DX3: =MOD(DW3-DV3,1)*24 | DY3: 1
A4: 五楼 | B4: 高淑文 | C4: 2 | AD4: 0.73680556 | AF4: =MOD(AE4-AD4,1)*24 | AG4: 1
A5: 五楼 | B5: 伍小雪 | C5: 3 | F5: 0.35138889 | G5: 0.75763889 | H5: =MOD(G5-F5,1)*24 | I5: 1 | J5: 0.35138889 | K5: 0.74583333 | L5: =MOD(K5-J5,1)*24 | M5: 1 | N5: 0.35069444 | O5: 0.73611111 | P5: =MOD(O5-N5,1)*24 | Q5: 1 | R5: 0.35347222 | S5: 0.73958333 | T5: =MOD(S5-R5,1)*24 | U5: 1 | V5: 0.35277778 | W5: 0.74930556 | X5: =MOD(W5-V5,1)*24 | Y5: 1 | Z5: 0.35208333 | AA5: 0.73958333 | AB5: =MOD(AA5-Z5,1)*24 | AC5: 1 | AD5: 0.35277778 | AE5: 0.73819444 | AF5: =MOD(AE5-AD5,1)*24 | AG5: 1 | AL5: 0.35138889 | AM5: 0.75277778 | AN5: =MOD(AM5-AL5,1)*24 | AO5: 1 | AP5: 0.35069444 | AQ5: 0.74027778 | AR5: =MOD(AQ5-AP5,1)*24 | AS5: 1 | AT5: 0.35208333 | AU5: 0.73819444 | AV5: =MOD(AU5-AT5,1)*24 | AW5: 1 | AX5: 0.34930556 | AY5: 0.73958333 | AZ5: =MOD(AY5-AX5,1)*24 | BA5: 1 | BB5: 0.35 | BC5: 0.75 | BD5: =MOD(BC5-BB5,1)*24 | BE5: 1 | BF5: 0.35277778 | BG5: 0.74097222 | BH5: =MOD(BG5-BF5,1)*24 | BI5: 1 | BN5: 0.35347222 | BO5: 0.74930556 | BP5: =MOD(BO5-BN5,1)*24 | BQ5: 1 | BR5: 0.35138889 | BS5: 0.75208333 | BT5: =MOD(BS5-BR5,1)*24 | BU5: 1 | BV5: 0.34930556 | BW5: 0.74236111 | BX5: =MOD(BW5-BV5,1)*24 | BY5: 1 | BZ5: 0.35347222 | CA5: 0.73819444 | CB5: =MOD(CA5-BZ5,1)*24 | CC5: 1 | CD5: 0.35208333 | CE5: 0.73819444 | CF5: =MOD(CE5-CD5,1)*24 | CG5: 1 | CH5: 0.34861111 | CI5: 0.73819444 | CJ5: =MOD(CI5-CH5,1)*24 | CK5: 1 | CP5: 0.35277778 | CQ5: 0.73958333 | CR5: =MOD(CQ5-CP5,1)*24 | CS5: 1 | CT5: 0.35208333 | CU5: 0.87847222 | CV5: =MOD(CU5-CT5,1)*24 | CW5: 1 | CX5: 0.35277778 | CY5: 0.74097222 | CZ5: =MOD(CY5-CX5,1)*24 | DA5: 1 | DB5: 0.35138889 | DC5: 0.73819444 | DD5: =MOD(DC5-DB5,1)*24 | DE5: 1 | DF5: 0.35069444 | DG5: 0.73819444 | DH5: =MOD(DG5-DF5,1)*24 | DI5: 1 | DJ5: 0.35277778 | DK5: 0.74027778 | DL5: =MOD(DK5-DJ5,1)*24 | DM5: 1 | DR5: 0.35277778 | DS5: 0.75416667 | DT5: =MOD(DS5-DR5,1)*24 | DU5: 1 | DV5: 0.35208333 | DW5: 0.74166667 | DX5: =MOD(DW5-DV5,1)*24 | DY5: 1
A6: 五楼 | B6: 邱霞 | C6: 4 | F6: 0.34861111 | G6: 0.75555556 | H6: =MOD(G6-F6,1)*24 | I6: 1 | J6: 0.35138889 | K6: 0.73819444 | L6: =MOD(K6-J6,1)*24 | M6: 1 | N6: 0.35069444 | O6: 0.74097222 | P6: =MOD(O6-N6,1)*24 | Q6: 1 | V6: 0.35208333 | W6: 0.73819444 | X6: =MOD(W6-V6,1)*24 | Y6: 1 | AD6: 0.35277778 | AE6: 0.73819444 | AF6: =MOD(AE6-AD6,1)*24 | AG6: 1 | AL6: 0.35208333 | AM6: 0.74583333 | AN6: =MOD(AM6-AL6,1)*24 | AO6: 1 | AT6: 0.35347222 | AU6: 0.73819444 | AV6: =MOD(AU6-AT6,1)*24 | AW6: 1 | AX6: 0.35277778 | AY6: 0.73888889 | AZ6: =MOD(AY6-AX6,1)*24 | BA6: 1 | BF6: 0.35277778 | BG6: 0.74097222 | BH6: =MOD(BG6-BF6,1)*24 | BI6: 1 | BN6: 0.35277778 | BO6: 0.74861111 | BP6: =MOD(BO6-BN6,1)*24 | BQ6: 1 | BR6: 0.35069444 | BS6: 0.74513889 | BT6: =MOD(BS6-BR6,1)*24 | BU6: 1 | BV6: 0.34930556 | BW6: 0.73958333 | BX6: =MOD(BW6-BV6,1)*24 | BY6: 1 | BZ6: 0.35347222 | CA6: 0.73819444 | CB6: =MOD(CA6-BZ6,1)*24 | CC6: 1 | CD6: 0.35277778 | CE6: 0.74027778 | CF6: =MOD(CE6-CD6,1)*24 | CG6: 1 | CH6: 0.34722222 | CI6: 0.73819444 | CJ6: =MOD(CI6-CH6,1)*24 | CK6: 1 | CP6: 0.35416667 | CQ6: 0.74027778 | CR6: =MOD(CQ6-CP6,1)*24 | CS6: 1 | CT6: 0.35347222 | CU6: 0.7375 | CV6: =MOD(CU6-CT6,1)*24 | CW6: 1 | CX6: 0.35277778 | CY6: 0.74097222 | CZ6: =MOD(CY6-CX6,1)*24 | DA6: 1 | DB6: 0.35138889 | DC6: 0.73958333 | DD6: =MOD(DC6-DB6,1)*24 | DE6: 1 | DF6: 0.35 | DG6: 0.73819444 | DH6: =MOD(DG6-DF6,1)*24 | DI6: 1 | DJ6: 0.35208333 | DK6: 0.74166667 | DL6: =MOD(DK6-DJ6,1)*24 | DM6: 1 | DR6: 0.35138889 | DS6: 0.75555556 | DT6: =MOD(DS6-DR6,1)*24 | DU6: 1 | DV6: 0.35208333 | DW6: 0.74097222 | DX6: =MOD(DW6-DV6,1)*24 | DY6: 1
A7: 五楼 | B7: 苏春梅 | C7: 5 | F7: 0.35347222 | G7: 0.75555556 | H7: =MOD(G7-F7,1)*24 | I7: 1 | R7: 0.35208333 | S7: 0.73819444 | T7: =MOD(S7-R7,1)*24 | U7: 1 | Z7: 0.35208333 | AA7: 0.73819444 | AB7: =MOD(AA7-Z7,1)*24 | AC7: 1 | AD7: 0.35347222 | AE7: 0.73680556 | AF7: =MOD(AE7-AD7,1)*24 | AG7: 1
A8: 五楼 | B8: 黄晓云 | C8: 6 | F8: 0.35347222 | G8: 0.77430556 | H8: =MOD(G8-F8,1)*24 | I8: 1 | J8: 0.35347222 | K8: 0.7375 | L8: =MOD(K8-J8,1)*24 | M8: 1 | N8: 0.35347222 | O8: 0.78194444 | P8: =MOD(O8-N8,1)*24 | Q8: 1 | R8: 0.35347222 | S8: 0.77638889 | T8: =MOD(S8-R8,1)*24 | U8: 1 | V8: 0.35486111 | X8: =MOD(W8-V8,1)*24 | Y8: 1 | Z8: 0.35277778 | AA8: 0.74305556 | AB8: =MOD(AA8-Z8,1)*24 | AC8: 1 | AD8: 0.35347222 | AE8: 0.73888889 | AF8: =MOD(AE8-AD8,1)*24 | AG8: 1 | AL8: 0.35347222 | AM8: 0.73680556 | AN8: =MOD(AM8-AL8,1)*24 | AO8: 1 | AP8: 0.35277778 | AQ8: 0.73680556 | AR8: =MOD(AQ8-AP8,1)*24 | AS8: 1 | AT8: 0.35347222 | AU8: 0.73680556 | AV8: =MOD(AU8-AT8,1)*24 | AW8: 1 | AX8: 0.35277778 | AY8: 0.73680556 | AZ8: =MOD(AY8-AX8,1)*24 | BA8: 1 | BB8: 0.35277778 | BC8: 0.7375 | BD8: =MOD(BC8-BB8,1)*24 | BE8: 1 | BF8: 0.35277778 | BG8: 0.73819444 | BH8: =MOD(BG8-BF8,1)*24 | BI8: 1 | BN8: 0.35416667 | BO8: 0.73611111 | BP8: =MOD(BO8-BN8,1)*24 | BQ8: 1 | BR8: 0.35208333 | BS8: 0.73680556 | BT8: =MOD(BS8-BR8,1)*24 | BU8: 1 | BV8: 0.7375 | BX8: =MOD(BW8-BV8,1)*24 | BY8: 1 | BZ8: 0.35277778 | CA8: 0.73680556 | CB8: =MOD(CA8-BZ8,1)*24 | CC8: 1 | CD8: 0.35416667 | CE8: 0.73611111 | CF8: =MOD(CE8-CD8,1)*24 | CG8: 1 | CT8: 0.35486111 | CU8: 0.74513889 | CV8: =MOD(CU8-CT8,1)*24 | CW8: 1 | CX8: 0.35347222 | CY8: 0.73680556 | CZ8: =MOD(CY8-CX8,1)*24 | DA8: 1 | DB8: 0.34930556 | DC8: 0.73611111 | DD8: =MOD(DC8-DB8,1)*24 | DE8: 1 | DF8: 0.35416667 | DG8: 0.75208333 | DH8: =MOD(DG8-DF8,1)*24 | DI8: 1 | DJ8: 0.35625 | DK8: 0.75486111 | DL8: =MOD(DK8-DJ8,1)*24 | DM8: 1 | DN8: 0.35277778 | DO8: 0.73819444 | DP8: =MOD(DO8-DN8,1)*24 | DQ8: 1 | DR8: 0.35347222 | DS8: 0.75555556 | DT8: =MOD(DS8-DR8,1)*24 | DU8: 1 | DV8: 0.35347222 | DW8: 0.73819444 | DX8: =MOD(DW8-DV8,1)*24 | DY8: 1
A9: 五楼 | B9: 陈小红 | C9: 7 | F9: 0.35277778 | G9: 0.75625 | H9: =MOD(G9-F9,1)*24 | I9: 1 | J9: 0.35416667 | K9: 0.74513889 | L9: =MOD(K9-J9,1)*24 | M9: 1 | N9: 0.35138889 | O9: 0.73819444 | P9: =MOD(O9-N9,1)*24 | Q9: 1 | R9: 0.35416667 | S9: 0.73611111 | T9: =MOD(S9-R9,1)*24 | U9: 1 | V9: 0.33472222 | W9: 0.73611111 | X9: =MOD(W9-V9,1)*24 | Y9: 1 | Z9: 0.75069444 | AB9: =MOD(AA9-Z9,1)*24 | AC9: 1 | AD9: 0.35138889 | AE9: 0.76875 | AF9: =MOD(AE9-AD9,1)*24 | AG9: 1 | AL9: 0.34444444 | AM9: 0.75138889 | AN9: =MOD(AM9-AL9,1)*24 | AO9: 1 | AP9: 0.35277778 | AQ9: 0.75069444 | AR9: =MOD(AQ9-AP9,1)*24 | AS9: 1 | AT9: 0.34791667 | AU9: 0.75347222 | AV9: =MOD(AU9-AT9,1)*24 | AW9: 1 | AX9: 0.35277778 | AZ9: =MOD(AY9-AX9,1)*24 | BA9: 1 | BB9: 0.34513889 | BC9: 0.83333333 | BD9: =MOD(BC9-BB9,1)*24 | BE9: 1 | BF9: 0.34722222 | BG9: 0.73888889 | BH9: =MOD(BG9-BF9,1)*24 | BI9: 1 | BN9: 0.35347222 | BO9: 0.74583333 | BP9: =MOD(BO9-BN9,1)*24 | BQ9: 1 | BR9: 0.35 | BS9: 0.74305556 | BT9: =MOD(BS9-BR9,1)*24 | BU9: 1 | BV9: 0.74861111 | BX9: =MOD(BW9-BV9,1)*24 | BY9: 1 | BZ9: 0.34652778 | CA9: 0.75625 | CB9: =MOD(CA9-BZ9,1)*24 | CC9: 1 | CD9: 0.35208333 | CE9: 0.74027778 | CF9: =MOD(CE9-CD9,1)*24 | CG9: 1 | CH9: 0.35416667 | CI9: 0.74166667 | CJ9: =MOD(CI9-CH9,1)*24 | CK9: 1 | CL9: 0.33611111 | CM9: 0.74097222 | CN9: =MOD(CM9-CL9,1)*24 | CO9: 1 | CP9: 0.35138889 | CQ9: 0.73611111 | CR9: =MOD(CQ9-CP9,1)*24 | CS9: 1 | CT9: 0.34583333 | CU9: 0.73888889 | CV9: =MOD(CU9-CT9,1)*24 | CW9: 1 | CX9: 0.35 | CY9: 0.75138889 | CZ9: =MOD(CY9-CX9,1)*24 | DA9: 1 | DB9: 0.35347222 | DC9: 0.74791667 | DD9: =MOD(DC9-DB9,1)*24 | DE9: 1 | DF9: 0.35138889 | DG9: 0.84444444 | DH9: =MOD(DG9-DF9,1)*24 | DI9: 1 | DJ9: 0.34652778 | DK9: 0.74097222 | DL9: =MOD(DK9-DJ9,1)*24 | DM9: 1 | DN9: 0.35486111 | DO9: 0.75 | DP9: =MOD(DO9-DN9,1)*24 | DQ9: 1 | DR9: 0.34930556 | DS9: 0.83888889 | DT9: =MOD(DS9-DR9,1)*24 | DU9: 1 | DV9: 0.34652778 | DW9: 0.77430556 | DX9: =MOD(DW9-DV9,1)*24 | DY9: 1
A10: 五楼 | B10: 罗丽 | C10: 8
A11: 五楼 | B11: 胡娅 | C11: 9 | F11: 0.35 | G11: 0.75555556 | H11: =MOD(G11-F11,1)*24 | I11: 1 | N11: 0.34791667 | O11: 0.73611111 | P11: =MOD(O11-N11,1)*24 | Q11: 1 | R11: 0.34444444 | S11: 0.73611111 | T11: =MOD(S11-R11,1)*24 | U11: 1 | Z11: 0.34652778 | AA11: 0.73819444 | AB11: =MOD(AA11-Z11,1)*24 | AC11: 1 | AH11: 0.34652778 | AI11: 0.73611111 | AJ11: =MOD(AI11-AH11,1)*24 | AK11: 1 | AP11: 0.34930556 | AQ11: 0.73680556 | AR11: =MOD(AQ11-AP11,1)*24 | AS11: 1 | AX11: 0.34861111 | AY11: 0.73680556 | AZ11: =MOD(AY11-AX11,1)*24 | BA11: 1 | BB11: 0.34722222 | BC11: 0.74930556 | BD11: =MOD(BC11-BB11,1)*24 | BE11: 1 | BF11: 0.33055556 | BG11: 0.5125 | BH11: =MOD(BG11-BF11,1)*24 | BI11: 1 | BN11: 0.35069444 | BP11: =MOD(BO11-BN11,1)*24 | BQ11: 1 | BR11: 0.34930556 | BS11: 0.74722222 | BT11: =MOD(BS11-BR11,1)*24 | BU11: 1 | BV11: 0.33194444 | BW11: 0.73819444 | BX11: =MOD(BW11-BV11,1)*24 | BY11: 1 | BZ11: 0.32708333 | CA11: 0.73819444 | CB11: =MOD(CA11-BZ11,1)*24 | CC11: 1 | CD11: 0.33194444 | CE11: 0.7375 | CF11: =MOD(CE11-CD11,1)*24 | CG11: 1 | CH11: 0.34444444 | CI11: 0.425 | CJ11: =MOD(CI11-CH11,1)*24 | CK11: 1 | CP11: 0.33888889 | CQ11: 0.7375 | CR11: =MOD(CQ11-CP11,1)*24 | CS11: 1 | CT11: 0.34027778 | CU11: 0.7375 | CV11: =MOD(CU11-CT11,1)*24 | CW11: 1 | CX11: 0.34722222 | CY11: 0.50277778 | CZ11: =MOD(CY11-CX11,1)*24 | DA11: 1 | DB11: 0.3375 | DC11: 0.73680556 | DD11: =MOD(DC11-DB11,1)*24 | DE11: 1 | DF11: 0.34097222 | DG11: 0.73819444 | DH11: =MOD(DG11-DF11,1)*24 | DI11: 1 | DN11: 0.34652778 | DO11: 0.73611111 | DP11: =MOD(DO11-DN11,1)*24 | DQ11: 1 | DR11: 0.34097222 | DS11: 0.74305556 | DT11: =MOD(DS11-DR11,1)*24 | DU11: 1 | DV11: 0.34027778 | DW11: 0.73958333 | DX11: =MOD(DW11-DV11,1)*24 | DY11: 1
A12: 五楼 | B12: 杨青青 | C12: 10 | F12: 0.35069444 | G12: 0.75694444 | H12: =MOD(G12-F12,1)*24 | I12: 1 | J12: 0.35416667 | K12: 0.74097222 | L12: =MOD(K12-J12,1)*24 | M12: 1 | V12: 0.35347222 | W12: 0.74861111 | X12: =MOD(W12-V12,1)*24 | Y12: 1 | Z12: 0.5375 | AA12: 0.73958333 | AB12: =MOD(AA12-Z12,1)*24 | AC12: 1 | AD12: 0.34236111 | AE12: 0.73958333 | AF12: =MOD(AE12-AD12,1)*24 | AG12: 1 | AL12: 0.35347222 | AM12: 0.75277778 | AN12: =MOD(AM12-AL12,1)*24 | AO12: 1 | AP12: 0.35347222 | AQ12: 0.7375 | AR12: =MOD(AQ12-AP12,1)*24 | AS12: 1 | AT12: 0.35347222 | AU12: 0.73819444 | AV12: =MOD(AU12-AT12,1)*24 | AW12: 1 | BB12: 0.35416667 | BC12: 0.50902778 | BD12: =MOD(BC12-BB12,1)*24 | BE12: 1 | BF12: 0.5125 | BG12: 0.73888889 | BH12: =MOD(BG12-BF12,1)*24 | BI12: 1 | BJ12: 0.33958333 | BK12: 0.7375 | BL12: =MOD(BK12-BJ12,1)*24 | BM12: 1 | BN12: 0.54861111 | BO12: 0.75347222 | BP12: =MOD(BO12-BN12,1)*24 | BQ12: 1 | BR12: 0.54166667 | BS12: 0.7625 | BT12: =MOD(BS12-BR12,1)*24 | BU12: 1 | BZ12: 0.53333333 | CA12: 0.7375 | CB12: =MOD(CA12-BZ12,1)*24 | CC12: 1 | CD12: 0.33194444 | CE12: 0.73819444 | CF12: =MOD(CE12-CD12,1)*24 | CG12: 1 | CH12: 0.35347222 | CI12: 0.74097222 | CJ12: =MOD(CI12-CH12,1)*24 | CK12: 1 | CL12: 0.34722222 | CM12: 0.73819444 | CN12: =MOD(CM12-CL12,1)*24 | CO12: 1 | CP12: 0.33888889 | CQ12: 0.7375 | CR12: =MOD(CQ12-CP12,1)*24 | CS12: 1 | CT12: 0.34027778 | CU12: 0.73680556 | CV12: =MOD(CU12-CT12,1)*24 | CW12: 1 | CX12: 0.35208333 | CY12: 0.74097222 | CZ12: =MOD(CY12-CX12,1)*24 | DA12: 1 | DB12: 0.3375 | DC12: 0.7375 | DD12: =MOD(DC12-DB12,1)*24 | DE12: 1 | DF12: 0.34097222 | DG12: 0.74305556 | DH12: =MOD(DG12-DF12,1)*24 | DI12: 1 | DJ12: 0.33194444 | DK12: 0.73819444 | DL12: =MOD(DK12-DJ12,1)*24 | DM12: 1 | DR12: 0.34097222 | DS12: 0.74375 | DT12: =MOD(DS12-DR12,1)*24 | DU12: 1 | DV12: 0.34027778 | DW12: 0.74027778 | DX12: =MOD(DW12-DV12,1)*24 | DY12: 1
A13: 五楼 | B13: 杨青青 | C13: 10 | CH13: 0.73888889 | CJ13: =MOD(CI13-CH13,1)*24 | CK13: 1
A14: 五楼 | B14: 代白高 | C14: 11 | J14: 0.34375 | K14: 0.75208333 | L14: =MOD(K14-J14,1)*24 | M14: 1 | N14: 0.34375 | O14: 0.74513889 | P14: =MOD(O14-N14,1)*24 | Q14: 1 | R14: 0.33958333 | T14: =MOD(S14-R14,1)*24 | U14: 1
A15: 五楼 | B15: 向锋 | C15: 12 | F15: 0.35138889 | G15: 0.8125 | H15: =MOD(G15-F15,1)*24 | I15: 1 | J15: 0.34791667 | K15: 0.74930556 | L15: =MOD(K15-J15,1)*24 | M15: 1 | N15: 0.34861111 | O15: 0.74097222 | P15: =MOD(O15-N15,1)*24 | Q15: 1 | R15: 0.34791667 | S15: 0.74375 | T15: =MOD(S15-R15,1)*24 | U15: 1 | V15: 0.35069444 | W15: 0.74861111 | X15: =MOD(W15-V15,1)*24 | Y15: 1 | Z15: 0.34930556 | AA15: 0.73680556 | AB15: =MOD(AA15-Z15,1)*24 | AC15: 1 | AT15: 0.34861111 | AU15: 0.75208333 | AV15: =MOD(AU15-AT15,1)*24 | AW15: 1 | AX15: 0.34930556 | AY15: 0.80694444 | AZ15: =MOD(AY15-AX15,1)*24 | BA15: 1 | BB15: 0.35069444 | BC15: 0.8375 | BD15: =MOD(BC15-BB15,1)*24 | BE15: 1 | BF15: 0.35138889 | BG15: 0.75347222 | BH15: =MOD(BG15-BF15,1)*24 | BI15: 1 | BJ15: 0.25069444 | BK15: 0.96319444 | BL15: =MOD(BK15-BJ15,1)*24 | BM15: 1 | BN15: 0.35138889 | BO15: 0.82291667 | BP15: =MOD(BO15-BN15,1)*24 | BQ15: 1 | BR15: 0.35277778 | BS15: 0.82430556 | BT15: =MOD(BS15-BR15,1)*24 | BU15: 1 | BV15: 0.35277778 | BW15: 0.74444444 | BX15: =MOD(BW15-BV15,1)*24 | BY15: 1 | BZ15: 0.35208333 | CA15: 0.90694444 | CB15: =MOD(CA15-BZ15,1)*24 | CC15: 1 | CD15: 0.34930556 | CE15: 0.91458333 | CF15: =MOD(CE15-CD15,1)*24 | CG15: 1 | CH15: 0.35069444 | CJ15: =MOD(CI15-CH15,1)*24 | CK15: 1 | DF15: 0.35208333 | DG15: 0.81666667 | DH15: =MOD(DG15-DF15,1)*24 | DI15: 1 | DJ15: 0.35277778 | DL15: =MOD(DK15-DJ15,1)*24 | DM15: 1 | DN15: 0.975 | DP15: =MOD(DO15-DN15,1)*24 | DQ15: 1 | DR15: 0.35138889 | DS15: 0.90833333 | DT15: =MOD(DS15-DR15,1)*24 | DU15: 1 | DV15: 0.35208333 | DW15: 0.82986111 | DX15: =MOD(DW15-DV15,1)*24 | DY15: 1
A16: 五楼 | B16: 向锋 | C16: 12 | CD16: 0.85555556 | CF16: =MOD(CE16-CD16,1)*24 | CG16: 1
A17: 五楼 | B17: 雷松儒 | C17: 13 | F17: 0.34930556 | G17: 0.75972222 | H17: =MOD(G17-F17,1)*24 | I17: 1 | J17: 0.35277778 | K17: 0.89861111 | L17: =MOD(K17-J17,1)*24 | M17: 1 | N17: 0.35069444 | O17: 0.74444444 | P17: =MOD(O17-N17,1)*24 | Q17: 1 | R17: 0.35138889 | S17: 0.74652778 | T17: =MOD(S17-R17,1)*24 | U17: 1 | V17: 0.35277778 | W17: 0.74861111 | X17: =MOD(W17-V17,1)*24 | Y17: 1 | Z17: 0.35069444 | AA17: 0.74166667 | AB17: =MOD(AA17-Z17,1)*24 | AC17: 1 | AL17: 0.76666667 | AN17: =MOD(AM17-AL17,1)*24 | AO17: 1 | AP17: 0.35138889 | AQ17: 0.79236111 | AR17: =MOD(AQ17-AP17,1)*24 | AS17: 1 | AT17: 0.34861111 | AU17: 0.75208333 | AV17: =MOD(AU17-AT17,1)*24 | AW17: 1 | AX17: 0.35 | AY17: 0.73958333 | AZ17: =MOD(AY17-AX17,1)*24 | BA17: 1 | BB17: 0.35 | BC17: 0.76180556 | BD17: =MOD(BC17-BB17,1)*24 | BE17: 1 | BF17: 0.35069444 | BG17: 0.73680556 | BH17: =MOD(BG17-BF17,1)*24 | BI17: 1 | BJ17: 0.96319444 | BL17: =MOD(BK17-BJ17,1)*24 | BM17: 1 | BN17: 0.34930556 | BO17: 0.82430556 | BP17: =MOD(BO17-BN17,1)*24 | BQ17: 1 | BR17: 0.35 | BS17: 0.75486111 | BT17: =MOD(BS17-BR17,1)*24 | BU17: 1 | BV17: 0.35486111 | BW17: 0.80763889 | BX17: =MOD(BW17-BV17,1)*24 | BY17: 1 | BZ17: 0.35277778 | CA17: 0.74513889 | CB17: =MOD(CA17-BZ17,1)*24 | CC17: 1 | CD17: 0.35069444 | CE17: 0.82777778 | CF17: =MOD(CE17-CD17,1)*24 | CG17: 1 | CH17: 0.35069444 | CI17: 0.82708333 | CJ17: =MOD(CI17-CH17,1)*24 | CK17: 1 | CL17: 0.34930556 | CM17: 0.75833333 | CN17: =MOD(CM17-CL17,1)*24 | CO17: 1 | CP17: 0.37013889 | CR17: =MOD(CQ17-CP17,1)*24 | CS17: 1 | DF17: 0.35138889 | DG17: 0.75069444 | DH17: =MOD(DG17-DF17,1)*24 | DI17: 1 | DJ17: 0.34097222 | DL17: =MOD(DK17-DJ17,1)*24 | DM17: 1 | DN17: 0.975 | DP17: =MOD(DO17-DN17,1)*24 | DQ17: 1 | DR17: 0.35138889 | DS17: 0.74722222 | DT17: =MOD(DS17-DR17,1)*24 | DU17: 1 | DV17: 0.35208333 | DW17: 0.79930556 | DX17: =MOD(DW17-DV17,1)*24 | DY17: 1
A18: 五楼 | B18: 杨首琴 | C18: 14 | F18: 0.35138889 | G18: 0.75694444 | H18: =MOD(G18-F18,1)*24 | I18: 1 | N18: 0.34930556 | O18: 0.73680556 | P18: =MOD(O18-N18,1)*24 | Q18: 1 | V18: 0.34791667 | W18: 0.74027778 | X18: =MOD(W18-V18,1)*24 | Y18: 1 | AD18: 0.35138889 | AE18: 0.73819444 | AF18: =MOD(AE18-AD18,1)*24 | AG18: 1 | AL18: 0.35 | AM18: 0.74027778 | AN18: =MOD(AM18-AL18,1)*24 | AO18: 1 | AP18: 0.35069444 | AQ18: 0.73958333 | AR18: =MOD(AQ18-AP18,1)*24 | AS18: 1 | AT18: 0.35069444 | AU18: 0.74236111 | AV18: =MOD(AU18-AT18,1)*24 | AW18: 1 | AX18: 0.34027778 | AY18: 0.74305556 | AZ18: =MOD(AY18-AX18,1)*24 | BA18: 1 | BB18: 0.35069444 | BC18: 0.74861111 | BD18: =MOD(BC18-BB18,1)*24 | BE18: 1 | BF18: 0.35069444 | BG18: 0.73819444 | BH18: =MOD(BG18-BF18,1)*24 | BI18: 1 | BR18: 0.34930556 | BS18: 0.74166667 | BT18: =MOD(BS18-BR18,1)*24 | BU18: 1 | BV18: 0.35138889 | BW18: 0.7375 | BX18: =MOD(BW18-BV18,1)*24 | BY18: 1 | BZ18: 0.35208333 | CA18: 0.73611111 | CB18: =MOD(CA18-BZ18,1)*24 | CC18: 1 | CD18: 0.35138889 | CE18: 0.73611111 | CF18: =MOD(CE18-CD18,1)*24 | CG18: 1 | CH18: 0.35138889 | CI18: 0.73888889 | CJ18: =MOD(CI18-CH18,1)*24 | CK18: 1 | CP18: 0.35277778 | CQ18: 0.73819444 | CR18: =MOD(CQ18-CP18,1)*24 | CS18: 1 | CT18: 0.35277778 | CU18: 0.74444444 | CV18: =MOD(CU18-CT18,1)*24 | CW18: 1 | CX18: 0.35069444 | CY18: 0.74027778 | CZ18: =MOD(CY18-CX18,1)*24 | DA18: 1 | DB18: 0.35138889 | DC18: 0.74097222 | DD18: =MOD(DC18-DB18,1)*24 | DE18: 1 | DF18: 0.35347222 | DG18: 0.74583333 | DH18: =MOD(DG18-DF18,1)*24 | DI18: 1 | DJ18: 0.35208333 | DK18: 0.74722222 | DL18: =MOD(DK18-DJ18,1)*24 | DM18: 1 | DR18: 0.35277778 | DS18: 0.75486111 | DT18: =MOD(DS18-DR18,1)*24 | DU18: 1 | DV18: 0.34861111 | DW18: 0.75763889 | DX18: =MOD(DW18-DV18,1)*24 | DY18: 1
A19: 五楼 | B19: 杨首琴 | C19: 14 | BF19: 0.73680556 | BH19: =MOD(BG19-BF19,1)*24 | BI19: 1 | CP19: 0.7375 | CR19: =MOD(CQ19-CP19,1)*24 | CS19: 1 | DF19: 0.74513889 | DH19: =MOD(DG19-DF19,1)*24 | DI19: 1
A20: 五楼 | B20: 王晓兰 | C20: 15 | F20: 0.35347222 | G20: 0.77013889 | H20: =MOD(G20-F20,1)*24 | I20: 1 | J20: 0.35347222 | K20: 0.73819444 | L20: =MOD(K20-J20,1)*24 | M20: 1 | N20: 0.35208333 | O20: 0.50833333 | P20: =MOD(O20-N20,1)*24 | Q20: 1 | R20: 0.35208333 | S20: 0.73888889 | T20: =MOD(S20-R20,1)*24 | U20: 1 | V20: 0.34861111 | W20: 0.74722222 | X20: =MOD(W20-V20,1)*24 | Y20: 1 | Z20: 0.34375 | AA20: 0.7375 | AB20: =MOD(AA20-Z20,1)*24 | AC20: 1 | AD20: 0.35208333 | AE20: 0.74027778 | AF20: =MOD(AE20-AD20,1)*24 | AG20: 1 | AH20: 0.35208333 | AI20: 0.74444444 | AJ20: =MOD(AI20-AH20,1)*24 | AK20: 1 | AL20: 0.35 | AM20: 0.7375 | AN20: =MOD(AM20-AL20,1)*24 | AO20: 1 | AP20: 0.34583333 | AQ20: 0.74097222 | AR20: =MOD(AQ20-AP20,1)*24 | AS20: 1 | AT20: 0.3375 | AU20: 0.74166667 | AV20: =MOD(AU20-AT20,1)*24 | AW20: 1 | BB20: 0.33680556 | BC20: 0.7375 | BD20: =MOD(BC20-BB20,1)*24 | BE20: 1 | BF20: 0.35416667 | BG20: 0.74027778 | BH20: =MOD(BG20-BF20,1)*24 | BI20: 1 | BJ20: 0.35347222 | BK20: 0.52361111 | BL20: =MOD(BK20-BJ20,1)*24 | BM20: 1 | BN20: 0.34097222 | BO20: 0.73819444 | BP20: =MOD(BO20-BN20,1)*24 | BQ20: 1 | BR20: 0.35138889 | BS20: 0.73819444 | BT20: =MOD(BS20-BR20,1)*24 | BU20: 1 | BV20: 0.34722222 | BW20: 0.73888889 | BX20: =MOD(BW20-BV20,1)*24 | BY20: 1 | BZ20: 0.34097222 | CA20: 0.73888889 | CB20: =MOD(CA20-BZ20,1)*24 | CC20: 1 | CD20: 0.34166667 | CE20: 0.73888889 | CF20: =MOD(CE20-CD20,1)*24 | CG20: 1 | CH20: 0.54444444 | CI20: 0.73680556 | CJ20: =MOD(CI20-CH20,1)*24 | CK20: 1 | CP20: 0.34305556 | CQ20: 0.73680556 | CR20: =MOD(CQ20-CP20,1)*24 | CS20: 1 | CT20: 0.34097222 | CU20: 0.73888889 | CV20: =MOD(CU20-CT20,1)*24 | CW20: 1 | CX20: 0.34375 | CY20: 0.74444444 | CZ20: =MOD(CY20-CX20,1)*24 | DA20: 1 | DB20: 0.34097222 | DC20: 0.74097222 | DD20: =MOD(DC20-DB20,1)*24 | DE20: 1 | DF20: 0.33958333 | DG20: 0.74027778 | DH20: =MOD(DG20-DF20,1)*24 | DI20: 1 | DJ20: 0.54027778 | DK20: 0.74166667 | DL20: =MOD(DK20-DJ20,1)*24 | DM20: 1 | DR20: 0.34236111 | DS20: 0.74097222 | DT20: =MOD(DS20-DR20,1)*24 | DU20: 1 | DV20: 0.34583333 | DW20: 0.7375 | DX20: =MOD(DW20-DV20,1)*24 | DY20: 1
A21: 五楼 | B21: 王晓兰 | C21: 15 | DB21: 0.73958333 | DD21: =MOD(DC21-DB21,1)*24 | DE21: 1
A22: 五楼 | B22: 杨益琴 | C22: 16 | F22: 0.34444444 | G22: 0.75694444 | H22: =MOD(G22-F22,1)*24 | I22: 1 | J22: 0.34583333 | K22: 0.7375 | L22: =MOD(K22-J22,1)*24 | M22: 1 | R22: 0.34652778 | S22: 0.73819444 | T22: =MOD(S22-R22,1)*24 | U22: 1 | Z22: 0.34722222 | AA22: 0.73819444 | AB22: =MOD(AA22-Z22,1)*24 | AC22: 1 | AH22: 0.34791667 | AI22: 0.7375 | AJ22: =MOD(AI22-AH22,1)*24 | AK22: 1 | AX22: 0.34652778 | AY22: 0.74722222 | AZ22: =MOD(AY22-AX22,1)*24 | BA22: 1 | BB22: 0.34722222 | BC22: 0.73680556 | BD22: =MOD(BC22-BB22,1)*24 | BE22: 1 | BF22: 0.34930556 | BG22: 0.7375 | BH22: =MOD(BG22-BF22,1)*24 | BI22: 1 | BN22: 0.34722222 | BO22: 0.73680556 | BP22: =MOD(BO22-BN22,1)*24 | BQ22: 1 | BR22: 0.35138889 | BS22: 0.73680556 | BT22: =MOD(BS22-BR22,1)*24 | BU22: 1 | BV22: 0.34305556 | BW22: 0.7375 | BX22: =MOD(BW22-BV22,1)*24 | BY22: 1 | BZ22: 0.34930556 | CA22: 0.7375 | CB22: =MOD(CA22-BZ22,1)*24 | CC22: 1 | CD22: 0.35 | CE22: 0.7375 | CF22: =MOD(CE22-CD22,1)*24 | CG22: 1 | CH22: 0.35069444 | CI22: 0.7375 | CJ22: =MOD(CI22-CH22,1)*24 | CK22: 1 | CP22: 0.34583333 | CQ22: 0.7375 | CR22: =MOD(CQ22-CP22,1)*24 | CS22: 1 | CT22: 0.34930556 | CU22: 0.7375 | CV22: =MOD(CU22-CT22,1)*24 | CW22: 1 | CX22: 0.34375 | CY22: 0.7375 | CZ22: =MOD(CY22-CX22,1)*24 | DA22: 1 | DB22: 0.34305556 | DC22: 0.7375 | DD22: =MOD(DC22-DB22,1)*24 | DE22: 1 | DF22: 0.34513889 | DG22: 0.78194444 | DH22: =MOD(DG22-DF22,1)*24 | DI22: 1 | DJ22: 0.35 | DK22: 0.73819444 | DL22: =MOD(DK22-DJ22,1)*24 | DM22: 1 | DR22: 0.35069444 | DS22: 0.74236111 | DT22: =MOD(DS22-DR22,1)*24 | DU22: 1 | DV22: 0.34444444 | DW22: 0.93402778 | DX22: =MOD(DW22-DV22,1)*24 | DY22: 1
A23: 五楼 | B23: 刘琴 | C23: 17 | F23: 0.34930556 | G23: 0.75555556 | H23: =MOD(G23-F23,1)*24 | I23: 1 | J23: 0.34791667 | K23: 0.7375 | L23: =MOD(K23-J23,1)*24 | M23: 1 | R23: 0.35138889 | S23: 0.7375 | T23: =MOD(S23-R23,1)*24 | U23: 1 | Z23: 0.35138889 | AB23: =MOD(AA23-Z23,1)*24 | AC23: 1 | AD23: 0.34791667 | AE23: 0.74027778 | AF23: =MOD(AE23-AD23,1)*24 | AG23: 1 | AL23: 0.35208333 | AM23: 0.7375 | AN23: =MOD(AM23-AL23,1)*24 | AO23: 1 | AP23: 0.34930556 | AQ23: 0.85694444 | AR23: =MOD(AQ23-AP23,1)*24 | AS23: 1 | AT23: 0.35138889 | AU23: 0.74027778 | AV23: =MOD(AU23-AT23,1)*24 | AW23: 1 | AX23: 0.35069444 | AY23: 0.74236111 | AZ23: =MOD(AY23-AX23,1)*24 | BA23: 1 | BB23: 0.35138889 | BC23: 0.75972222 | BD23: =MOD(BC23-BB23,1)*24 | BE23: 1 | BF23: 0.35208333 | BG23: 0.50208333 | BH23: =MOD(BG23-BF23,1)*24 | BI23: 1 | BN23: 0.35208333 | BO23: 0.7375 | BP23: =MOD(BO23-BN23,1)*24 | BQ23: 1 | BR23: 0.35277778 | BS23: 0.73888889 | BT23: =MOD(BS23-BR23,1)*24 | BU23: 1 | BV23: 0.35069444 | BW23: 0.75069444 | BX23: =MOD(BW23-BV23,1)*24 | BY23: 1 | BZ23: 0.35416667 | CA23: 0.74027778 | CB23: =MOD(CA23-BZ23,1)*24 | CC23: 1 | CD23: 0.35138889 | CE23: 0.73888889 | CF23: =MOD(CE23-CD23,1)*24 | CG23: 1 | CH23: 0.35208333 | CI23: 0.73611111 | CJ23: =MOD(CI23-CH23,1)*24 | CK23: 1 | CP23: 0.35416667 | CQ23: 0.73819444 | CR23: =MOD(CQ23-CP23,1)*24 | CS23: 1 | CT23: 0.35069444 | CU23: 0.77361111 | CV23: =MOD(CU23-CT23,1)*24 | CW23: 1 | CX23: 0.35138889 | CY23: 0.74375 | CZ23: =MOD(CY23-CX23,1)*24 | DA23: 1 | DB23: 0.34791667 | DC23: 0.74027778 | DD23: =MOD(DC23-DB23,1)*24 | DE23: 1 | DF23: 0.35138889 | DG23: 0.74027778 | DH23: =MOD(DG23-DF23,1)*24 | DI23: 1 | DJ23: 0.35347222 | DK23: 0.7375 | DL23: =MOD(DK23-DJ23,1)*24 | DM23: 1
A24: 五楼 | B24: 刘琴 | C24: 17 | BV24: 0.75 | BX24: =MOD(BW24-BV24,1)*24 | BY24: 1 | BZ24: 0.73958333 | CB24: =MOD(CA24-BZ24,1)*24 | CC24: 1 | DF24: 0.73958333 | DH24: =MOD(DG24-DF24,1)*24 | DI24: 1
A25: 五楼 | B25: 刘文旦 | C25: 18 | F25: 0.33194444 | G25: 0.75694444 | H25: =MOD(G25-F25,1)*24 | I25: 1 | N25: 0.35416667 | O25: 0.73819444 | P25: =MOD(O25-N25,1)*24 | Q25: 1 | R25: 0.35 | S25: 0.7375 | T25: =MOD(S25-R25,1)*24 | U25: 1 | AL25: 0.53680556 | AM25: 0.78125 | AN25: =MOD(AM25-AL25,1)*24 | AO25: 1 | AP25: 0.35069444 | AQ25: 0.80486111 | AR25: =MOD(AQ25-AP25,1)*24 | AS25: 1 | AT25: 0.35347222 | AU25: 0.75902778 | AV25: =MOD(AU25-AT25,1)*24 | AW25: 1 | AX25: 0.35208333 | AY25: 0.74652778 | AZ25: =MOD(AY25-AX25,1)*24 | BA25: 1 | BB25: 0.31875 | BC25: 0.77222222 | BD25: =MOD(BC25-BB25,1)*24 | BE25: 1 | BF25: 0.35555556 | BG25: 0.76041667 | BH25: =MOD(BG25-BF25,1)*24 | BI25: 1 | BJ25: 0.34722222 | BK25: 0.775 | BL25: =MOD(BK25-BJ25,1)*24 | BM25: 1 | BN25: 0.35138889 | BO25: 0.73819444 | BP25: =MOD(BO25-BN25,1)*24 | BQ25: 1 | BR25: 0.35625 | BS25: 0.77361111 | BT25: =MOD(BS25-BR25,1)*24 | BU25: 1 | BV25: 0.35763889 | BW25: 0.7875 | BX25: =MOD(BW25-BV25,1)*24 | BY25: 1 | BZ25: 0.35416667 | CA25: 0.73958333 | CB25: =MOD(CA25-BZ25,1)*24 | CC25: 1 | CD25: 0.35555556 | CE25: 0.75972222 | CF25: =MOD(CE25-CD25,1)*24 | CG25: 1 | CH25: 0.35416667 | CI25: 0.78819444 | CJ25: =MOD(CI25-CH25,1)*24 | CK25: 1 | CL25: 0.76319444 | CN25: =MOD(CM25-CL25,1)*24 | CO25: 1 | CP25: 0.35902778 | CQ25: 0.76041667 | CR25: =MOD(CQ25-CP25,1)*24 | CS25: 1 | CT25: 0.35486111 | CU25: 0.89236111 | CV25: =MOD(CU25-CT25,1)*24 | CW25: 1 | CX25: 0.35763889 | CY25: 0.74375 | CZ25: =MOD(CY25-CX25,1)*24 | DA25: 1 | DB25: 0.35555556 | DC25: 0.74375 | DD25: =MOD(DC25-DB25,1)*24 | DE25: 1 | DF25: 0.35763889 | DG25: 0.77569444 | DH25: =MOD(DG25-DF25,1)*24 | DI25: 1 | DJ25: 0.55069444 | DK25: 0.75208333 | DL25: =MOD(DK25-DJ25,1)*24 | DM25: 1 | DN25: 0.35486111 | DO25: 0.78888889 | DP25: =MOD(DO25-DN25,1)*24 | DQ25: 1 | DR25: 0.79305556 | DT25: =MOD(DS25-DR25,1)*24 | DU25: 1 | DV25: 0.35416667 | DW25: 0.78472222 | DX25: =MOD(DW25-DV25,1)*24 | DY25: 1
A26: 五楼 | B26: 王一程 | C26: 19 | F26: 0.35138889 | G26: 0.75694444 | H26: =MOD(G26-F26,1)*24 | I26: 1 | J26: 0.35138889 | K26: 0.74930556 | L26: =MOD(K26-J26,1)*24 | M26: 1 | R26: 0.35347222 | S26: 0.73819444 | T26: =MOD(S26-R26,1)*24 | U26: 1 | V26: 0.35277778 | W26: 0.73819444 | X26: =MOD(W26-V26,1)*24 | Y26: 1 | Z26: 0.35208333 | AA26: 0.73888889 | AB26: =MOD(AA26-Z26,1)*24 | AC26: 1 | AD26: 0.35277778 | AE26: 0.73958333 | AF26: =MOD(AE26-AD26,1)*24 | AG26: 1 | AL26: 0.35208333 | AM26: 0.74444444 | AN26: =MOD(AM26-AL26,1)*24 | AO26: 1 | AP26: 0.35069444 | AQ26: 0.73958333 | AR26: =MOD(AQ26-AP26,1)*24 | AS26: 1 | AT26: 0.35208333 | AU26: 0.74027778 | AV26: =MOD(AU26-AT26,1)*24 | AW26: 1 | AX26: 0.34930556 | AY26: 0.73888889 | AZ26: =MOD(AY26-AX26,1)*24 | BA26: 1 | BB26: 0.35 | BC26: 0.74027778 | BD26: =MOD(BC26-BB26,1)*24 | BE26: 1 | BF26: 0.35277778 | BG26: 0.73611111 | BH26: =MOD(BG26-BF26,1)*24 | BI26: 1 | BN26: 0.35347222 | BO26: 0.73958333 | BP26: =MOD(BO26-BN26,1)*24 | BQ26: 1 | BR26: 0.35138889 | BS26: 0.73819444 | BT26: =MOD(BS26-BR26,1)*24 | BU26: 1 | BV26: 0.34930556 | BW26: 0.7375 | BX26: =MOD(BW26-BV26,1)*24 | BY26: 1 | BZ26: 0.35347222 | CA26: 0.7375 | CB26: =MOD(CA26-BZ26,1)*24 | CC26: 1 | CD26: 0.35208333 | CE26: 0.73819444 | CF26: =MOD(CE26-CD26,1)*24 | CG26: 1 | CH26: 0.34930556 | CI26: 0.73958333 | CJ26: =MOD(CI26-CH26,1)*24 | CK26: 1 | CP26: 0.35277778 | CQ26: 0.73819444 | CR26: =MOD(CQ26-CP26,1)*24 | CS26: 1 | CT26: 0.35208333 | CU26: 0.7375 | CV26: =MOD(CU26-CT26,1)*24 | CW26: 1 | CX26: 0.35277778 | CY26: 0.82916667 | CZ26: =MOD(CY26-CX26,1)*24 | DA26: 1 | DB26: 0.35138889 | DC26: 0.825 | DD26: =MOD(DC26-DB26,1)*24 | DE26: 1 | DF26: 0.35069444 | DG26: 0.85416667 | DH26: =MOD(DG26-DF26,1)*24 | DI26: 1 | DJ26: 0.35277778 | DK26: 0.85416667 | DL26: =MOD(DK26-DJ26,1)*24 | DM26: 1 | DN26: 0.73888889 | DO26: 0.74027778 | DP26: =MOD(DO26-DN26,1)*24 | DQ26: 1 | DV26: 0.011805556 | DW26: 0.94375 | DX26: =MOD(DW26-DV26,1)*24 | DY26: 1
A27: 五楼 | B27: 王一程 | C27: 19 | J27: 0.74513889 | L27: =MOD(K27-J27,1)*24 | M27: 1 | DV27: 0.35208333 | DW27: 0.83333333 | DX27: =MOD(DW27-DV27,1)*24 | DY27: 1
A28: 五楼 | B28: 段绍红 | C28: 20 | F28: 0.34861111 | G28: 0.75416667 | H28: =MOD(G28-F28,1)*24 | I28: 1 | J28: 0.34861111 | K28: 0.73819444 | L28: =MOD(K28-J28,1)*24 | M28: 1 | N28: 0.35 | O28: 0.73680556 | P28: =MOD(O28-N28,1)*24 | Q28: 1 | R28: 0.34583333 | T28: =MOD(S28-R28,1)*24 | U28: 1 | V28: 0.35069444 | W28: 0.7375 | X28: =MOD(W28-V28,1)*24 | Y28: 1 | Z28: 0.35069444 | AA28: 0.74097222 | AB28: =MOD(AA28-Z28,1)*24 | AC28: 1 | AH28: 0.34444444 | AI28: 0.73680556 | AJ28: =MOD(AI28-AH28,1)*24 | AK28: 1 | AL28: 0.33888889 | AM28: 0.73680556 | AN28: =MOD(AM28-AL28,1)*24 | AO28: 1 | AP28: 0.34930556 | AQ28: 0.73611111 | AR28: =MOD(AQ28-AP28,1)*24 | AS28: 1 | AT28: 0.34861111 | AU28: 0.74027778 | AV28: =MOD(AU28-AT28,1)*24 | AW28: 1 | AX28: 0.33888889 | AY28: 0.50069444 | AZ28: =MOD(AY28-AX28,1)*24 | BA28: 1 | BB28: 0.34166667 | BC28: 0.7375 | BD28: =MOD(BC28-BB28,1)*24 | BE28: 1 | BF28: 0.34791667 | BG28: 0.74166667 | BH28: =MOD(BG28-BF28,1)*24 | BI28: 1 | BN28: 0.34791667 | BO28: 0.7375 | BP28: =MOD(BO28-BN28,1)*24 | BQ28: 1 | BR28: 0.34583333 | BS28: 0.73888889 | BT28: =MOD(BS28-BR28,1)*24 | BU28: 1 | BZ28: 0.34722222 | CA28: 0.73680556 | CB28: =MOD(CA28-BZ28,1)*24 | CC28: 1 | CD28: 0.34305556 | CE28: 0.73958333 | CF28: =MOD(CE28-CD28,1)*24 | CG28: 1 | CH28: 0.35 | CJ28: =MOD(CI28-CH28,1)*24 | CK28: 1 | CP28: 0.34652778 | CQ28: 0.73958333 | CR28: =MOD(CQ28-CP28,1)*24 | CS28: 1 | CT28: 0.34305556 | CU28: 0.7375 | CV28: =MOD(CU28-CT28,1)*24 | CW28: 1 | CX28: 0.34027778 | CY28: 0.73680556 | CZ28: =MOD(CY28-CX28,1)*24 | DA28: 1 | DB28: 0.34236111 | DC28: 0.5 | DD28: =MOD(DC28-DB28,1)*24 | DE28: 1 | DF28: 0.35277778 | DG28: 0.73680556 | DH28: =MOD(DG28-DF28,1)*24 | DI28: 1 | DJ28: 0.34791667 | DK28: 0.73680556 | DL28: =MOD(DK28-DJ28,1)*24 | DM28: 1 | DN28: 0.34513889 | DO28: 0.74375 | DP28: =MOD(DO28-DN28,1)*24 | DQ28: 1 | DR28: 0.34444444 | DS28: 0.7375 | DT28: =MOD(DS28-DR28,1)*24 | DU28: 1 | DV28: 0.35 | DW28: 0.74166667 | DX28: =MOD(DW28-DV28,1)*24 | DY28: 1
A29: 五楼 | B29: 段绍红 | C29: 20 | Z29: 0.73819444 | AB29: =MOD(AA29-Z29,1)*24 | AC29: 1 | AT29: 0.73680556 | AV29: =MOD(AU29-AT29,1)*24 | AW29: 1 | BF29: 0.73680556 | BH29: =MOD(BG29-BF29,1)*24 | BI29: 1 | CP29: 0.73680556 | CR29: =MOD(CQ29-CP29,1)*24 | CS29: 1 | DV29: 0.35138889 | DX29: =MOD(DW29-DV29,1)*24 | DY29: 1
A30: 五楼 | B30: 龙训东 | C30: 21 | F30: 0.34791667 | G30: 0.75486111 | H30: =MOD(G30-F30,1)*24 | I30: 1 | J30: 0.34791667 | K30: 0.74236111 | L30: =MOD(K30-J30,1)*24 | M30: 1 | R30: 0.34166667 | S30: 0.74027778 | T30: =MOD(S30-R30,1)*24 | U30: 1 | Z30: 0.34305556 | AA30: 0.74375 | AB30: =MOD(AA30-Z30,1)*24 | AC30: 1 | AH30: 0.34583333 | AI30: 0.74027778 | AJ30: =MOD(AI30-AH30,1)*24 | AK30: 1 | AP30: 0.34652778 | AQ30: 0.73958333 | AR30: =MOD(AQ30-AP30,1)*24 | AS30: 1 | AX30: 0.34722222 | AY30: 0.74583333 | AZ30: =MOD(AY30-AX30,1)*24 | BA30: 1 | BF30: 0.34930556 | BG30: 0.73888889 | BH30: =MOD(BG30-BF30,1)*24 | BI30: 1 | BN30: 0.34236111 | BO30: 0.73819444 | BP30: =MOD(BO30-BN30,1)*24 | BQ30: 1 | BV30: 0.33819444 | BW30: 0.74583333 | BX30: =MOD(BW30-BV30,1)*24 | BY30: 1 | CD30: 0.34375 | CE30: 0.78541667 | CF30: =MOD(CE30-CD30,1)*24 | CG30: 1 | CL30: 0.33958333 | CM30: 0.73680556 | CN30: =MOD(CM30-CL30,1)*24 | CO30: 1 | CP30: 0.33055556 | CQ30: 0.74236111 | CR30: =MOD(CQ30-CP30,1)*24 | CS30: 1 | CT30: 0.34305556 | CU30: 0.75 | CV30: =MOD(CU30-CT30,1)*24 | CW30: 1 | CX30: 0.34305556 | CY30: 0.73888889 | CZ30: =MOD(CY30-CX30,1)*24 | DA30: 1 | DB30: 0.34375 | DC30: 0.73958333 | DD30: =MOD(DC30-DB30,1)*24 | DE30: 1 | DJ30: 0.35138889 | DK30: 0.73888889 | DL30: =MOD(DK30-DJ30,1)*24 | DM30: 1 | DN30: 0.33958333 | DO30: 0.75972222 | DP30: =MOD(DO30-DN30,1)*24 | DQ30: 1 | DR30: 0.34444444 | DS30: 0.75 | DT30: =MOD(DS30-DR30,1)*24 | DU30: 1 | DV30: 0.34375 | DW30: 0.75694444 | DX30: =MOD(DW30-DV30,1)*24 | DY30: 1
A31: 五楼 | B31: 龙训东 | C31: 21 | J31: 0.74097222 | L31: =MOD(K31-J31,1)*24 | M31: 1
A32: 五楼 | B32: 李荧 | C32: 22 | F32: 0.34652778 | G32: 0.75555556 | H32: =MOD(G32-F32,1)*24 | I32: 1 | J32: 0.35069444 | K32: 0.7375 | L32: =MOD(K32-J32,1)*24 | M32: 1 | R32: 0.34722222 | S32: 0.74375 | T32: =MOD(S32-R32,1)*24 | U32: 1 | Z32: 0.35208333 | AA32: 0.76041667 | AB32: =MOD(AA32-Z32,1)*24 | AC32: 1 | AH32: 0.34652778 | AI32: 0.74791667 | AJ32: =MOD(AI32-AH32,1)*24 | AK32: 1 | AL32: 0.34861111 | AM32: 0.80625 | AN32: =MOD(AM32-AL32,1)*24 | AO32: 1 | AX32: 0.34930556 | AY32: 0.75347222 | AZ32: =MOD(AY32-AX32,1)*24 | BA32: 1 | BF32: 0.35 | BG32: 0.73819444 | BH32: =MOD(BG32-BF32,1)*24 | BI32: 1 | BN32: 0.35208333 | BO32: 0.73888889 | BP32: =MOD(BO32-BN32,1)*24 | BQ32: 1 | BV32: 0.35 | BW32: 0.74722222 | BX32: =MOD(BW32-BV32,1)*24 | BY32: 1 | CD32: 0.35208333 | CE32: 0.74236111 | CF32: =MOD(CE32-CD32,1)*24 | CG32: 1 | CH32: 0.35 | CI32: 0.76944444 | CJ32: =MOD(CI32-CH32,1)*24 | CK32: 1 | CL32: 0.34722222 | CM32: 0.73888889 | CN32: =MOD(CM32-CL32,1)*24 | CO32: 1 | CP32: 0.34930556 | CQ32: 0.74097222 | CR32: =MOD(CQ32-CP32,1)*24 | CS32: 1 | CT32: 0.34722222 | CU32: 0.7375 | CV32: =MOD(CU32-CT32,1)*24 | CW32: 1 | CX32: 0.34652778 | CY32: 0.75208333 | CZ32: =MOD(CY32-CX32,1)*24 | DA32: 1 | DB32: 0.34791667 | DC32: 0.74027778 | DD32: =MOD(DC32-DB32,1)*24 | DE32: 1 | DF32: 0.34652778 | DG32: 0.74513889 | DH32: =MOD(DG32-DF32,1)*24 | DI32: 1 | DJ32: 0.34930556 | DK32: 0.74652778 | DL32: =MOD(DK32-DJ32,1)*24 | DM32: 1 | DN32: 0.34930556 | DO32: 0.74166667 | DP32: =MOD(DO32-DN32,1)*24 | DQ32: 1 | DR32: 0.35069444 | DS32: 0.74027778 | DT32: =MOD(DS32-DR32,1)*24 | DU32: 1 | DV32: 0.34930556 | DW32: 0.92291667 | DX32: =MOD(DW32-DV32,1)*24 | DY32: 1
A33: 五楼 | B33: 李荧 | C33: 22 | AL33: 0.78472222 | AN33: =MOD(AM33-AL33,1)*24 | AO33: 1 | DB33: 0.35138889 | DD33: =MOD(DC33-DB33,1)*24 | DE33: 1
A34: 五楼 | B34: 贺悦 | C34: 23 | F34: 0.34861111 | G34: 0.75694444 | H34: =MOD(G34-F34,1)*24 | I34: 1 | J34: 0.34583333 | K34: 0.73680556 | L34: =MOD(K34-J34,1)*24 | M34: 1 | N34: 0.35 | O34: 0.73958333 | P34: =MOD(O34-N34,1)*24 | Q34: 1 | R34: 0.35138889 | S34: 0.7375 | T34: =MOD(S34-R34,1)*24 | U34: 1 | V34: 0.35 | W34: 0.73680556 | X34: =MOD(W34-V34,1)*24 | Y34: 1 | Z34: 0.35277778 | AA34: 0.73958333 | AB34: =MOD(AA34-Z34,1)*24 | AC34: 1 | AH34: 0.34930556 | AI34: 0.73819444 | AJ34: =MOD(AI34-AH34,1)*24 | AK34: 1 | AL34: 0.35208333 | AM34: 0.74166667 | AN34: =MOD(AM34-AL34,1)*24 | AO34: 1 | AP34: 0.35069444 | AQ34: 0.73958333 | AR34: =MOD(AQ34-AP34,1)*24 | AS34: 1 | AT34: 0.35208333 | AU34: 0.75 | AV34: =MOD(AU34-AT34,1)*24 | AW34: 1 | AX34: 0.35208333 | AY34: 0.73958333 | AZ34: =MOD(AY34-AX34,1)*24 | BA34: 1 | BB34: 0.35069444 | BC34: 0.74305556 | BD34: =MOD(BC34-BB34,1)*24 | BE34: 1 | BF34: 0.35208333 | BG34: 0.77291667 | BH34: =MOD(BG34-BF34,1)*24 | BI34: 1 | BN34: 0.34861111 | BO34: 0.74305556 | BP34: =MOD(BO34-BN34,1)*24 | BQ34: 1 | BR34: 0.35138889 | BS34: 0.74305556 | BT34: =MOD(BS34-BR34,1)*24 | BU34: 1 | BV34: 0.35069444 | BW34: 0.7375 | BX34: =MOD(BW34-BV34,1)*24 | BY34: 1 | BZ34: 0.35416667 | CA34: 0.75625 | CB34: =MOD(CA34-BZ34,1)*24 | CC34: 1 | CD34: 0.35208333 | CE34: 0.73819444 | CF34: =MOD(CE34-CD34,1)*24 | CG34: 1 | CH34: 0.35208333 | CI34: 0.73819444 | CJ34: =MOD(CI34-CH34,1)*24 | CK34: 1 | CP34: 0.35277778 | CQ34: 0.74027778 | CR34: =MOD(CQ34-CP34,1)*24 | CS34: 1 | CT34: 0.35138889 | CU34: 0.7375 | CV34: =MOD(CU34-CT34,1)*24 | CW34: 1 | CX34: 0.35069444 | CY34: 0.7375 | CZ34: =MOD(CY34-CX34,1)*24 | DA34: 1 | DB34: 0.35069444 | DC34: 0.7375 | DD34: =MOD(DC34-DB34,1)*24 | DE34: 1 | DJ34: 0.35277778 | DK34: 0.74583333 | DL34: =MOD(DK34-DJ34,1)*24 | DM34: 1 | DN34: 0.35277778 | DO34: 0.73819444 | DP34: =MOD(DO34-DN34,1)*24 | DQ34: 1 | DR34: 0.34930556 | DS34: 0.7375 | DT34: =MOD(DS34-DR34,1)*24 | DU34: 1 | DV34: 0.35347222 | DW34: 0.74652778 | DX34: =MOD(DW34-DV34,1)*24 | DY34: 1
A35: 五楼 | B35: 贺悦 | C35: 23 | Z35: 0.73819444 | AB35: =MOD(AA35-Z35,1)*24 | AC35: 1 | BB35: 0.74236111 | BD35: =MOD(BC35-BB35,1)*24 | BE35: 1
A36: 五楼 | B36: 莫娇 | C36: 24 | F36: 0.35138889 | G36: 0.75625 | H36: =MOD(G36-F36,1)*24 | I36: 1 | J36: 0.35138889 | K36: 0.73680556 | L36: =MOD(K36-J36,1)*24 | M36: 1 | R36: 0.35138889 | S36: 0.7375 | T36: =MOD(S36-R36,1)*24 | U36: 1 | Z36: 0.34722222 | AA36: 0.7375 | AB36: =MOD(AA36-Z36,1)*24 | AC36: 1 | AD36: 0.34722222 | AE36: 0.73680556 | AF36: =MOD(AE36-AD36,1)*24 | AG36: 1 | AL36: 0.35069444 | AM36: 0.73680556 | AN36: =MOD(AM36-AL36,1)*24 | AO36: 1 | AP36: 0.34930556 | AQ36: 0.7375 | AR36: =MOD(AQ36-AP36,1)*24 | AS36: 1 | AT36: 0.35138889 | AU36: 0.73680556 | AV36: =MOD(AU36-AT36,1)*24 | AW36: 1 | AX36: 0.34930556 | AY36: 0.73680556 | AZ36: =MOD(AY36-AX36,1)*24 | BA36: 1 | BB36: 0.35069444 | BC36: 0.73680556 | BD36: =MOD(BC36-BB36,1)*24 | BE36: 1 | BF36: 0.35 | BG36: 0.7375 | BH36: =MOD(BG36-BF36,1)*24 | BI36: 1 | BN36: 0.35 | BO36: 0.7375 | BP36: =MOD(BO36-BN36,1)*24 | BQ36: 1 | BR36: 0.35 | BS36: 0.73680556 | BT36: =MOD(BS36-BR36,1)*24 | BU36: 1 | BV36: 0.35069444 | BW36: 0.7375 | BX36: =MOD(BW36-BV36,1)*24 | BY36: 1 | BZ36: 0.34930556 | CA36: 0.7375 | CB36: =MOD(CA36-BZ36,1)*24 | CC36: 1 | CD36: 0.35069444 | CE36: 0.73819444 | CF36: =MOD(CE36-CD36,1)*24 | CG36: 1 | CH36: 0.35 | CI36: 0.73680556 | CJ36: =MOD(CI36-CH36,1)*24 | CK36: 1 | CP36: 0.34930556 | CQ36: 0.73819444 | CR36: =MOD(CQ36-CP36,1)*24 | CS36: 1 | CT36: 0.34930556 | CU36: 0.7375 | CV36: =MOD(CU36-CT36,1)*24 | CW36: 1 | CX36: 0.34930556 | CY36: 0.7375 | CZ36: =MOD(CY36-CX36,1)*24 | DA36: 1 | DB36: 0.35 | DC36: 0.73819444 | DD36: =MOD(DC36-DB36,1)*24 | DE36: 1 | DF36: 0.35 | DG36: 0.7375 | DH36: =MOD(DG36-DF36,1)*24 | DI36: 1 | DJ36: 0.34722222 | DK36: 0.73680556 | DL36: =MOD(DK36-DJ36,1)*24 | DM36: 1 | DN36: 0.34583333 | DO36: 0.73680556 | DP36: =MOD(DO36-DN36,1)*24 | DQ36: 1 | DR36: 0.34930556 | DS36: 0.73819444 | DT36: =MOD(DS36-DR36,1)*24 | DU36: 1 | DV36: 0.34861111 | DW36: 0.76111111 | DX36: =MOD(DW36-DV36,1)*24 | DY36: 1
A37: 五楼 | B37: 蒋年冬 | C37: 25 | Z37: 0.35555556 | AA37: 0.7375 | AB37: =MOD(AA37-Z37,1)*24 | AC37: 1 | AD37: 0.35138889 | AE37: 0.7375 | AF37: =MOD(AE37-AD37,1)*24 | AG37: 1 | AH37: 0.35069444 | AI37: 0.35416667 | AJ37: =MOD(AI37-AH37,1)*24 | AK37: 1 | AL37: 0.35208333 | AM37: 0.75277778 | AN37: =MOD(AM37-AL37,1)*24 | AO37: 1 | AP37: 0.34444444 | AQ37: 0.73680556 | AR37: =MOD(AQ37-AP37,1)*24 | AS37: 1 | AT37: 0.35208333 | AU37: 0.73680556 | AV37: =MOD(AU37-AT37,1)*24 | AW37: 1 | AX37: 0.35277778 | AY37: 0.7375 | AZ37: =MOD(AY37-AX37,1)*24 | BA37: 1 | BB37: 0.34375 | BC37: 0.74166667 | BD37: =MOD(BC37-BB37,1)*24 | BE37: 1 | BF37: 0.35208333 | BG37: 0.7375 | BH37: =MOD(BG37-BF37,1)*24 | BI37: 1 | BN37: 0.35138889 | BO37: 0.73680556 | BP37: =MOD(BO37-BN37,1)*24 | BQ37: 1 | BR37: 0.35138889 | BS37: 0.73680556 | BT37: =MOD(BS37-BR37,1)*24 | BU37: 1 | BV37: 0.34513889 | BW37: 0.73680556 | BX37: =MOD(BW37-BV37,1)*24 | BY37: 1 | BZ37: 0.34722222 | CA37: 0.73680556 | CB37: =MOD(CA37-BZ37,1)*24 | CC37: 1 | CD37: 0.34861111 | CE37: 0.73680556 | CF37: =MOD(CE37-CD37,1)*24 | CG37: 1 | CH37: 0.35277778 | CI37: 0.73680556 | CJ37: =MOD(CI37-CH37,1)*24 | CK37: 1 | CP37: 0.34305556 | CQ37: 0.73680556 | CR37: =MOD(CQ37-CP37,1)*24 | CS37: 1 | CT37: 0.34583333 | CU37: 0.73680556 | CV37: =MOD(CU37-CT37,1)*24 | CW37: 1 | CX37: 0.35 | CY37: 0.73680556 | CZ37: =MOD(CY37-CX37,1)*24 | DA37: 1 | DB37: 0.35069444 | DC37: 0.73680556 | DD37: =MOD(DC37-DB37,1)*24 | DE37: 1 | DF37: 0.35277778 | DG37: 0.73680556 | DH37: =MOD(DG37-DF37,1)*24 | DI37: 1 | DJ37: 0.35069444 | DK37: 0.73680556 | DL37: =MOD(DK37-DJ37,1)*24 | DM37: 1 | DR37: 0.34166667 | DS37: 0.73680556 | DT37: =MOD(DS37-DR37,1)*24 | DU37: 1 | DV37: 0.34375 | DW37: 0.73680556 | DX37: =MOD(DW37-DV37,1)*24 | DY37: 1
A38: 五楼 | B38: 田建锋 | C38: 26 | F38: 0.34305556 | G38: 0.75555556 | H38: =MOD(G38-F38,1)*24 | I38: 1 | N38: 0.34444444 | O38: 0.81319444 | P38: =MOD(O38-N38,1)*24 | Q38: 1 | V38: 0.34791667 | W38: 0.73680556 | X38: =MOD(W38-V38,1)*24 | Y38: 1 | AD38: 0.34513889 | AE38: 0.74652778 | AF38: =MOD(AE38-AD38,1)*24 | AG38: 1 | AP38: 0.34583333 | AQ38: 0.78472222 | AR38: =MOD(AQ38-AP38,1)*24 | AS38: 1 | AT38: 0.34375 | AU38: 0.75347222 | AV38: =MOD(AU38-AT38,1)*24 | AW38: 1 | BB38: 0.34583333 | BC38: 0.7375 | BD38: =MOD(BC38-BB38,1)*24 | BE38: 1 | BJ38: 0.34444444 | BK38: 0.73680556 | BL38: =MOD(BK38-BJ38,1)*24 | BM38: 1 | BR38: 0.34444444 | BS38: 0.75138889 | BT38: =MOD(BS38-BR38,1)*24 | BU38: 1 | BZ38: 0.34791667 | CA38: 0.76458333 | CB38: =MOD(CA38-BZ38,1)*24 | CC38: 1 | CD38: 0.34583333 | CE38: 0.73680556 | CF38: =MOD(CE38-CD38,1)*24 | CG38: 1 | CH38: 0.33819444 | CI38: 0.74097222 | CJ38: =MOD(CI38-CH38,1)*24 | CK38: 1 | CL38: 0.34791667 | CM38: 0.73680556 | CN38: =MOD(CM38-CL38,1)*24 | CO38: 1 | CP38: 0.34722222 | CQ38: 0.74305556 | CR38: =MOD(CQ38-CP38,1)*24 | CS38: 1 | CT38: 0.34305556 | CU38: 0.73958333 | CV38: =MOD(CU38-CT38,1)*24 | CW38: 1 | CX38: 0.34375 | CY38: 0.7375 | CZ38: =MOD(CY38-CX38,1)*24 | DA38: 1 | DB38: 0.34444444 | DC38: 0.74097222 | DD38: =MOD(DC38-DB38,1)*24 | DE38: 1 | DF38: 0.34791667 | DG38: 0.74652778 | DH38: =MOD(DG38-DF38,1)*24 | DI38: 1 | DJ38: 0.34513889 | DK38: 0.74027778 | DL38: =MOD(DK38-DJ38,1)*24 | DM38: 1 | DN38: 0.35 | DO38: 0.74236111 | DP38: =MOD(DO38-DN38,1)*24 | DQ38: 1 | DR38: 0.34444444 | DS38: 0.74166667 | DT38: =MOD(DS38-DR38,1)*24 | DU38: 1 | DV38: 0.34583333 | DW38: 0.86388889 | DX38: =MOD(DW38-DV38,1)*24 | DY38: 1
A39: 五楼 | B39: 田建锋 | C39: 26 | DV39: 0.74722222 | DX39: =MOD(DW39-DV39,1)*24 | DY39: 1
A40: 五楼 | B40: 李红波 | C40: 27 | F40: 0.34791667 | G40: 0.75555556 | H40: =MOD(G40-F40,1)*24 | I40: 1 | N40: 0.34722222 | O40: 0.7375 | P40: =MOD(O40-N40,1)*24 | Q40: 1 | V40: 0.34791667 | W40: 0.73680556 | X40: =MOD(W40-V40,1)*24 | Y40: 1 | AD40: 0.35 | AE40: 0.74027778 | AF40: =MOD(AE40-AD40,1)*24 | AG40: 1 | AL40: 0.35 | AM40: 0.74027778 | AN40: =MOD(AM40-AL40,1)*24 | AO40: 1 | AT40: 0.34652778 | AU40: 0.7375 | AV40: =MOD(AU40-AT40,1)*24 | AW40: 1 | BB40: 0.35 | BC40: 0.7375 | BD40: =MOD(BC40-BB40,1)*24 | BE40: 1 | BJ40: 0.34444444 | BK40: 0.73680556 | BL40: =MOD(BK40-BJ40,1)*24 | BM40: 1 | BR40: 0.34583333 | BS40: 0.73680556 | BT40: =MOD(BS40-BR40,1)*24 | BU40: 1 | BZ40: 0.34930556 | CA40: 0.73680556 | CB40: =MOD(CA40-BZ40,1)*24 | CC40: 1 | CH40: 0.34791667 | CI40: 0.74513889 | CJ40: =MOD(CI40-CH40,1)*24 | CK40: 1 | CL40: 0.34791667 | CM40: 0.73680556 | CN40: =MOD(CM40-CL40,1)*24 | CO40: 1 | CP40: 0.34652778 | CQ40: 0.7375 | CR40: =MOD(CQ40-CP40,1)*24 | CS40: 1 | CT40: 0.34652778 | CU40: 0.73680556 | CV40: =MOD(CU40-CT40,1)*24 | CW40: 1 | CX40: 0.34861111 | CY40: 0.7375 | CZ40: =MOD(CY40-CX40,1)*24 | DA40: 1 | DB40: 0.34652778 | DC40: 0.73819444 | DD40: =MOD(DC40-DB40,1)*24 | DE40: 1 | DF40: 0.34861111 | DG40: 0.74444444 | DH40: =MOD(DG40-DF40,1)*24 | DI40: 1 | DJ40: 0.34583333 | DK40: 0.73819444 | DL40: =MOD(DK40-DJ40,1)*24 | DM40: 1 | DN40: 0.34930556 | DO40: 0.73888889 | DP40: =MOD(DO40-DN40,1)*24 | DQ40: 1 | DR40: 0.34652778 | DS40: 0.73680556 | DT40: =MOD(DS40-DR40,1)*24 | DU40: 1 | DV40: 0.34861111 | DW40: 0.73680556 | DX40: =MOD(DW40-DV40,1)*24 | DY40: 1
A41: 五楼 | B41: 陈明会 | C41: 28 | F41: 0.34583333 | G41: 0.75555556 | H41: =MOD(G41-F41,1)*24 | I41: 1 | N41: 0.34583333 | O41: 0.7375 | P41: =MOD(O41-N41,1)*24 | Q41: 1 | V41: 0.34236111 | W41: 0.73611111 | X41: =MOD(W41-V41,1)*24 | Y41: 1 | AD41: 0.34444444 | AE41: 0.74027778 | AF41: =MOD(AE41-AD41,1)*24 | AG41: 1 | AL41: 0.33611111 | AM41: 0.75486111 | AN41: =MOD(AM41-AL41,1)*24 | AO41: 1 | AP41: 0.32986111 | AQ41: 0.75069444 | AR41: =MOD(AQ41-AP41,1)*24 | AS41: 1 | AT41: 0.33055556 | AU41: 0.75555556 | AV41: =MOD(AU41-AT41,1)*24 | AW41: 1 | BB41: 0.34583333 | BC41: 0.7375 | BD41: =MOD(BC41-BB41,1)*24 | BE41: 1 | BJ41: 0.34722222 | BK41: 0.73680556 | BL41: =MOD(BK41-BJ41,1)*24 | BM41: 1 | BN41: 0.34305556 | BO41: 0.7375 | BP41: =MOD(BO41-BN41,1)*24 | BQ41: 1 | BR41: 0.34236111 | BS41: 0.7375 | BT41: =MOD(BS41-BR41,1)*24 | BU41: 1 | BV41: 0.33819444 | BW41: 0.73819444 | BX41: =MOD(BW41-BV41,1)*24 | BY41: 1 | BZ41: 0.33541667 | CA41: 0.73819444 | CB41: =MOD(CA41-BZ41,1)*24 | CC41: 1 | CD41: 0.33819444 | CE41: 0.7375 | CF41: =MOD(CE41-CD41,1)*24 | CG41: 1 | CH41: 0.34444444 | CI41: 0.74166667 | CJ41: =MOD(CI41-CH41,1)*24 | CK41: 1 | CP41: 0.34652778 | CQ41: 0.73888889 | CR41: =MOD(CQ41-CP41,1)*24 | CS41: 1 | CT41: 0.33958333 | CU41: 0.7375 | CV41: =MOD(CU41-CT41,1)*24 | CW41: 1 | CX41: 0.34375 | CY41: 0.7375 | CZ41: =MOD(CY41-CX41,1)*24 | DA41: 1 | DB41: 0.34444444 | DC41: 0.7375 | DD41: =MOD(DC41-DB41,1)*24 | DE41: 1 | DF41: 0.34097222 | DG41: 0.74444444 | DH41: =MOD(DG41-DF41,1)*24 | DI41: 1 | DN41: 0.33958333 | DO41: 0.75833333 | DP41: =MOD(DO41-DN41,1)*24 | DQ41: 1 | DR41: 0.33888889 | DS41: 0.73819444 | DT41: =MOD(DS41-DR41,1)*24 | DU41: 1 | DV41: 0.33888889 | DW41: 0.82708333 | DX41: =MOD(DW41-DV41,1)*24 | DY41: 1
A42: 五楼 | B42: 张金彬 | C42: 29 | AT42: 0.35833333 | AU42: 0.74027778 | AV42: =MOD(AU42-AT42,1)*24 | AW42: 1 | AX42: 0.34930556 | AY42: 0.78333333 | AZ42: =MOD(AY42-AX42,1)*24 | BA42: 1 | BB42: 0.35138889 | BC42: 0.73958333 | BD42: =MOD(BC42-BB42,1)*24 | BE42: 1 | BF42: 0.34861111 | BG42: 0.74444444 | BH42: =MOD(BG42-BF42,1)*24 | BI42: 1 | BN42: 0.35416667 | BO42: 0.74166667 | BP42: =MOD(BO42-BN42,1)*24 | BQ42: 1 | BR42: 0.35208333 | BS42: 0.74305556 | BT42: =MOD(BS42-BR42,1)*24 | BU42: 1 | BV42: 0.35069444 | BW42: 0.73888889 | BX42: =MOD(BW42-BV42,1)*24 | BY42: 1 | BZ42: 0.34652778 | CA42: 0.75138889 | CB42: =MOD(CA42-BZ42,1)*24 | CC42: 1 | CD42: 0.35277778 | CE42: 0.74513889 | CF42: =MOD(CE42-CD42,1)*24 | CG42: 1 | CH42: 0.34930556 | CI42: 0.74236111 | CJ42: =MOD(CI42-CH42,1)*24 | CK42: 1 | CP42: 0.34652778 | CR42: =MOD(CQ42-CP42,1)*24 | CS42: 1 | CT42: 0.35 | CU42: 0.74305556 | CV42: =MOD(CU42-CT42,1)*24 | CW42: 1 | CX42: 0.35069444 | CY42: 0.85972222 | CZ42: =MOD(CY42-CX42,1)*24 | DA42: 1 | DB42: 0.35069444 | DC42: 0.85416667 | DD42: =MOD(DC42-DB42,1)*24 | DE42: 1 | DF42: 0.35 | DG42: 0.85277778 | DH42: =MOD(DG42-DF42,1)*24 | DI42: 1 | DJ42: 0.78263889 | DL42: =MOD(DK42-DJ42,1)*24 | DM42: 1 | DR42: 0.33263889 | DS42: 0.74236111 | DT42: =MOD(DS42-DR42,1)*24 | DU42: 1 | DV42: 0.34930556 | DW42: 0.74097222 | DX42: =MOD(DW42-DV42,1)*24 | DY42: 1
A43: 五楼 | B43: 刘建君 | C43: 30 | AT43: 0.35833333 | AU43: 0.75833333 | AV43: =MOD(AU43-AT43,1)*24 | AW43: 1 | AX43: 0.34583333 | AY43: 0.73819444 | AZ43: =MOD(AY43-AX43,1)*24 | BA43: 1 | BB43: 0.34722222 | BD43: =MOD(BC43-BB43,1)*24 | BE43: 1 | BF43: 0.33819444 | BH43: =MOD(BG43-BF43,1)*24 | BI43: 1 | BN43: 0.34583333 | BO43: 0.74166667 | BP43: =MOD(BO43-BN43,1)*24 | BQ43: 1 | BR43: 0.34236111 | BS43: 0.75416667 | BT43: =MOD(BS43-BR43,1)*24 | BU43: 1 | BV43: 0.33194444 | BW43: 0.73680556 | BX43: =MOD(BW43-BV43,1)*24 | BY43: 1 | BZ43: 0.34861111 | CA43: 0.7375 | CB43: =MOD(CA43-BZ43,1)*24 | CC43: 1 | CD43: 0.34027778 | CE43: 0.73819444 | CF43: =MOD(CE43-CD43,1)*24 | CG43: 1 | CH43: 0.34930556 | CI43: 0.7375 | CJ43: =MOD(CI43-CH43,1)*24 | CK43: 1 | CP43: 0.34652778 | CQ43: 0.7375 | CR43: =MOD(CQ43-CP43,1)*24 | CS43: 1 | CT43: 0.35 | CU43: 0.7375 | CV43: =MOD(CU43-CT43,1)*24 | CW43: 1 | CX43: 0.34930556 | CZ43: =MOD(CY43-CX43,1)*24 | DA43: 1 | DB43: 0.35347222 | DC43: 0.74722222 | DD43: =MOD(DC43-DB43,1)*24 | DE43: 1 | DF43: 0.35 | DG43: 0.85277778 | DH43: =MOD(DG43-DF43,1)*24 | DI43: 1 | DJ43: 0.73680556 | DL43: =MOD(DK43-DJ43,1)*24 | DM43: 1 | DR43: 0.74236111 | DT43: =MOD(DS43-DR43,1)*24 | DU43: 1 | DV43: 0.35625 | DW43: 0.79236111 | DX43: =MOD(DW43-DV43,1)*24 | DY43: 1
A44: 五楼 | B44: 刘建君 | C44: 30 | DF44: 0.79097222 | DH44: =MOD(DG44-DF44,1)*24 | DI44: 1
A45: 五楼 | B45: 吕丹丹 | C45: 31 | F45: 0.35138889 | G45: 0.75625 | H45: =MOD(G45-F45,1)*24 | I45: 1 | J45: 0.35138889 | K45: 0.73680556 | L45: =MOD(K45-J45,1)*24 | M45: 1 | R45: 0.35138889 | S45: 0.7375 | T45: =MOD(S45-R45,1)*24 | U45: 1 | Z45: 0.34722222 | AA45: 0.73680556 | AB45: =MOD(AA45-Z45,1)*24 | AC45: 1 | AD45: 0.34722222 | AE45: 0.74027778 | AF45: =MOD(AE45-AD45,1)*24 | AG45: 1 | AL45: 0.35069444 | AM45: 0.7375 | AN45: =MOD(AM45-AL45,1)*24 | AO45: 1 | AP45: 0.34930556 | AQ45: 0.73680556 | AR45: =MOD(AQ45-AP45,1)*24 | AS45: 1 | AT45: 0.35138889 | AU45: 0.73680556 | AV45: =MOD(AU45-AT45,1)*24 | AW45: 1 | AX45: 0.34930556 | AY45: 0.73680556 | AZ45: =MOD(AY45-AX45,1)*24 | BA45: 1 | BB45: 0.35069444 | BC45: 0.73680556 | BD45: =MOD(BC45-BB45,1)*24 | BE45: 1 | BF45: 0.35 | BG45: 0.74097222 | BH45: =MOD(BG45-BF45,1)*24 | BI45: 1 | BN45: 0.35 | BO45: 0.73680556 | BP45: =MOD(BO45-BN45,1)*24 | BQ45: 1 | BR45: 0.35 | BS45: 0.73680556 | BT45: =MOD(BS45-BR45,1)*24 | BU45: 1 | BV45: 0.35069444 | BW45: 0.7375 | BX45: =MOD(BW45-BV45,1)*24 | BY45: 1 | BZ45: 0.34930556 | CA45: 0.73680556 | CB45: =MOD(CA45-BZ45,1)*24 | CC45: 1 | CD45: 0.35069444 | CE45: 0.73680556 | CF45: =MOD(CE45-CD45,1)*24 | CG45: 1 | CH45: 0.35 | CI45: 0.73680556 | CJ45: =MOD(CI45-CH45,1)*24 | CK45: 1 | CP45: 0.34930556 | CQ45: 0.73680556 | CR45: =MOD(CQ45-CP45,1)*24 | CS45: 1 | CT45: 0.34930556 | CU45: 0.73680556 | CV45: =MOD(CU45-CT45,1)*24 | CW45: 1 | CX45: 0.34930556 | CY45: 0.7375 | CZ45: =MOD(CY45-CX45,1)*24 | DA45: 1 | DB45: 0.35 | DC45: 0.73819444 | DD45: =MOD(DC45-DB45,1)*24 | DE45: 1 | DF45: 0.35 | DG45: 0.73680556 | DH45: =MOD(DG45-DF45,1)*24 | DI45: 1 | DJ45: 0.34722222 | DK45: 0.73680556 | DL45: =MOD(DK45-DJ45,1)*24 | DM45: 1 | DN45: 0.34583333 | DO45: 0.73680556 | DP45: =MOD(DO45-DN45,1)*24 | DQ45: 1 | DR45: 0.34930556 | DS45: 0.73680556 | DT45: =MOD(DS45-DR45,1)*24 | DU45: 1 | DV45: 0.34861111 | DW45: 0.76111111 | DX45: =MOD(DW45-DV45,1)*24 | DY45: 1
A46: 五楼 | B46: 李光义 | C46: 32 | F46: 0.35138889 | G46: 0.75555556 | H46: =MOD(G46-F46,1)*24 | I46: 1 | N46: 0.35208333 | O46: 0.73888889 | P46: =MOD(O46-N46,1)*24 | Q46: 1 | V46: 0.33333333 | W46: 0.73958333 | X46: =MOD(W46-V46,1)*24 | Y46: 1 | Z46: 0.33611111 | AA46: 0.73888889 | AB46: =MOD(AA46-Z46,1)*24 | AC46: 1 | AD46: 0.74583333 | AF46: =MOD(AE46-AD46,1)*24 | AG46: 1 | AL46: 0.35416667 | AM46: 0.74236111 | AN46: =MOD(AM46-AL46,1)*24 | AO46: 1 | AT46: 0.33194444 | AU46: 0.74583333 | AV46: =MOD(AU46-AT46,1)*24 | AW46: 1 | AX46: 0.34722222 | AY46: 0.74444444 | AZ46: =MOD(AY46-AX46,1)*24 | BA46: 1 | BB46: 0.32152778 | BC46: 0.76111111 | BD46: =MOD(BC46-BB46,1)*24 | BE46: 1 | BF46: 0.35277778 | BG46: 0.73819444 | BH46: =MOD(BG46-BF46,1)*24 | BI46: 1 | BN46: 0.31944444 | BO46: 0.73819444 | BP46: =MOD(BO46-BN46,1)*24 | BQ46: 1 | BR46: 0.32777778 | BS46: 0.73819444 | BT46: =MOD(BS46-BR46,1)*24 | BU46: 1 | BV46: 0.34930556 | BW46: 0.74166667 | BX46: =MOD(BW46-BV46,1)*24 | BY46: 1 | BZ46: 0.35347222 | CA46: 0.75138889 | CB46: =MOD(CA46-BZ46,1)*24 | CC46: 1 | CD46: 0.35138889 | CE46: 0.73819444 | CF46: =MOD(CE46-CD46,1)*24 | CG46: 1 | CH46: 0.35069444 | CI46: 0.74861111 | CJ46: =MOD(CI46-CH46,1)*24 | CK46: 1 | CP46: 0.32847222 | CQ46: 0.75 | CR46: =MOD(CQ46-CP46,1)*24 | CS46: 1 | CT46: 0.32638889 | CU46: 0.74166667 | CV46: =MOD(CU46-CT46,1)*24 | CW46: 1 | CX46: 0.32638889 | CY46: 0.74027778 | CZ46: =MOD(CY46-CX46,1)*24 | DA46: 1 | DB46: 0.35208333 | DC46: 0.74791667 | DD46: =MOD(DC46-DB46,1)*24 | DE46: 1 | DF46: 0.35416667 | DG46: 0.7375 | DH46: =MOD(DG46-DF46,1)*24 | DI46: 1 | DJ46: 0.35347222 | DK46: 0.73819444 | DL46: =MOD(DK46-DJ46,1)*24 | DM46: 1 | DR46: 0.32777778 | DS46: 0.74375 | DT46: =MOD(DS46-DR46,1)*24 | DU46: 1 | DV46: 0.35277778 | DW46: 0.74305556 | DX46: =MOD(DW46-DV46,1)*24 | DY46: 1
A47: 五楼 | B47: 李光义 | C47: 32 | BV47: 0.73680556 | BX47: =MOD(BW47-BV47,1)*24 | BY47: 1 | CH47: 0.74305556 | CJ47: =MOD(CI47-CH47,1)*24 | CK47: 1 | DV47: 0.74166667 | DX47: =MOD(DW47-DV47,1)*24 | DY47: 1
A48: 五楼 | B48: 匡启素 | C48: 33 | F48: 0.34861111 | G48: 0.75555556 | H48: =MOD(G48-F48,1)*24 | I48: 1 | J48: 0.35 | K48: 0.74236111 | L48: =MOD(K48-J48,1)*24 | M48: 1 | N48: 0.34861111 | O48: 0.74166667 | P48: =MOD(O48-N48,1)*24 | Q48: 1 | R48: 0.34791667 | S48: 0.75208333 | T48: =MOD(S48-R48,1)*24 | U48: 1 | V48: 0.35069444 | W48: 0.74375 | X48: =MOD(W48-V48,1)*24 | Y48: 1 | Z48: 0.35138889 | AA48: 0.75416667 | AB48: =MOD(AA48-Z48,1)*24 | AC48: 1 | AD48: 0.35208333 | AE48: 0.73888889 | AF48: =MOD(AE48-AD48,1)*24 | AG48: 1 | AL48: 0.35208333 | AM48: 0.75555556 | AN48: =MOD(AM48-AL48,1)*24 | AO48: 1 | AP48: 0.35069444 | AQ48: 0.76041667 | AR48: =MOD(AQ48-AP48,1)*24 | AS48: 1 | AT48: 0.35 | AU48: 0.75555556 | AV48: =MOD(AU48-AT48,1)*24 | AW48: 1 | AX48: 0.34722222 | AY48: 0.75555556 | AZ48: =MOD(AY48-AX48,1)*24 | BA48: 1 | BB48: 0.35 | BC48: 0.7625 | BD48: =MOD(BC48-BB48,1)*24 | BE48: 1 | BF48: 0.35208333 | BG48: 0.73888889 | BH48: =MOD(BG48-BF48,1)*24 | BI48: 1 | BN48: 0.34861111 | BO48: 0.73888889 | BP48: =MOD(BO48-BN48,1)*24 | BQ48: 1 | BR48: 0.34166667 | BS48: 0.74305556 | BT48: =MOD(BS48-BR48,1)*24 | BU48: 1 | BV48: 0.34652778 | BW48: 0.74236111 | BX48: =MOD(BW48-BV48,1)*24 | BY48: 1 | BZ48: 0.34444444 | CA48: 0.74722222 | CB48: =MOD(CA48-BZ48,1)*24 | CC48: 1 | CD48: 0.34722222 | CE48: 0.7375 | CF48: =MOD(CE48-CD48,1)*24 | CG48: 1 | CH48: 0.34444444 | CI48: 0.74166667 | CJ48: =MOD(CI48-CH48,1)*24 | CK48: 1 | CP48: 0.34930556 | CQ48: 0.74861111 | CR48: =MOD(CQ48-CP48,1)*24 | CS48: 1 | CT48: 0.34652778 | CU48: 0.875 | CV48: =MOD(CU48-CT48,1)*24 | CW48: 1 | CX48: 0.34652778 | CY48: 0.74444444 | CZ48: =MOD(CY48-CX48,1)*24 | DA48: 1 | DB48: 0.34513889 | DC48: 0.73958333 | DD48: =MOD(DC48-DB48,1)*24 | DE48: 1 | DF48: 0.34583333 | DG48: 0.74513889 | DH48: =MOD(DG48-DF48,1)*24 | DI48: 1 | DJ48: 0.34375 | DK48: 0.74236111 | DL48: =MOD(DK48-DJ48,1)*24 | DM48: 1 | DR48: 0.33333333 | DS48: 0.75277778 | DT48: =MOD(DS48-DR48,1)*24 | DU48: 1 | DV48: 0.34375 | DW48: 0.7875 | DX48: =MOD(DW48-DV48,1)*24 | DY48: 1
A49: 五楼 | B49: 匡启素 | C49: 33 | CT49: 0.87361111 | CV49: =MOD(CU49-CT49,1)*24 | CW49: 1
A50: 五楼 | B50: 牟林 | C50: 34 | BZ50: 0.74375 | CB50: =MOD(CA50-BZ50,1)*24 | CC50: 1 | CD50: 0.33819444 | CE50: 0.73958333 | CF50: =MOD(CE50-CD50,1)*24 | CG50: 1 | CH50: 0.34236111 | CI50: 0.75138889 | CJ50: =MOD(CI50-CH50,1)*24 | CK50: 1 | CP50: 0.34444444 | CQ50: 0.74375 | CR50: =MOD(CQ50-CP50,1)*24 | CS50: 1 | CX50: 0.34375 | CY50: 0.75694444 | CZ50: =MOD(CY50-CX50,1)*24 | DA50: 1
A51: 五楼 | B51: 兰媛 | C51: 35 | F51: 0.35069444 | G51: 0.75555556 | H51: =MOD(G51-F51,1)*24 | I51: 1 | J51: 0.35 | K51: 0.7375 | L51: =MOD(K51-J51,1)*24 | M51: 1 | N51: 0.34583333 | O51: 0.7375 | P51: =MOD(O51-N51,1)*24 | Q51: 1 | R51: 0.34861111 | S51: 0.73819444 | T51: =MOD(S51-R51,1)*24 | U51: 1 | V51: 0.34652778 | W51: 0.73888889 | X51: =MOD(W51-V51,1)*24 | Y51: 1 | Z51: 0.34930556 | AA51: 0.7375 | AB51: =MOD(AA51-Z51,1)*24 | AC51: 1 | AD51: 0.35 | AE51: 0.7375 | AF51: =MOD(AE51-AD51,1)*24 | AG51: 1 | AL51: 0.34722222 | AM51: 0.7375 | AN51: =MOD(AM51-AL51,1)*24 | AO51: 1 | AP51: 0.34930556 | AQ51: 0.73819444 | AR51: =MOD(AQ51-AP51,1)*24 | AS51: 1 | AX51: 0.34722222 | AY51: 0.73819444 | AZ51: =MOD(AY51-AX51,1)*24 | BA51: 1 | BB51: 0.34861111 | BC51: 0.7375 | BD51: =MOD(BC51-BB51,1)*24 | BE51: 1 | BF51: 0.34722222 | BG51: 0.73819444 | BH51: =MOD(BG51-BF51,1)*24 | BI51: 1 | BN51: 0.34652778 | BO51: 0.73680556 | BP51: =MOD(BO51-BN51,1)*24 | BQ51: 1 | BR51: 0.34930556 | BS51: 0.7375 | BT51: =MOD(BS51-BR51,1)*24 | BU51: 1 | BV51: 0.34722222 | BW51: 0.7375 | BX51: =MOD(BW51-BV51,1)*24 | BY51: 1 | BZ51: 0.34861111 | CA51: 0.73819444 | CB51: =MOD(CA51-BZ51,1)*24 | CC51: 1 | CD51: 0.34652778 | CE51: 0.73819444 | CF51: =MOD(CE51-CD51,1)*24 | CG51: 1 | CH51: 0.35 | CJ51: =MOD(CI51-CH51,1)*24 | CK51: 1 | CP51: 0.34652778 | CQ51: 0.7375 | CR51: =MOD(CQ51-CP51,1)*24 | CS51: 1 | CT51: 0.34722222 | CU51: 0.7375 | CV51: =MOD(CU51-CT51,1)*24 | CW51: 1 | CX51: 0.34930556 | CY51: 0.7375 | CZ51: =MOD(CY51-CX51,1)*24 | DA51: 1 | DB51: 0.35 | DC51: 0.7375 | DD51: =MOD(DC51-DB51,1)*24 | DE51: 1 | DF51: 0.35 | DG51: 0.7375 | DH51: =MOD(DG51-DF51,1)*24 | DI51: 1 | DJ51: 0.35138889 | DK51: 0.73819444 | DL51: =MOD(DK51-DJ51,1)*24 | DM51: 1 | DR51: 0.34652778 | DS51: 0.73888889 | DT51: =MOD(DS51-DR51,1)*24 | DU51: 1 | DV51: 0.34861111 | DW51: 0.7375 | DX51: =MOD(DW51-DV51,1)*24 | DY51: 1
A52: 五楼 | B52: 方宇 | C52: 36 | F52: 0.35069444 | G52: 0.75694444 | H52: =MOD(G52-F52,1)*24 | I52: 1 | J52: 0.35069444 | K52: 0.75138889 | L52: =MOD(K52-J52,1)*24 | M52: 1 | R52: 0.35208333 | S52: 0.73611111 | T52: =MOD(S52-R52,1)*24 | U52: 1 | V52: 0.34791667 | W52: 0.73611111 | X52: =MOD(W52-V52,1)*24 | Y52: 1 | Z52: 0.34791667 | AA52: 0.73611111 | AB52: =MOD(AA52-Z52,1)*24 | AC52: 1 | AD52: 0.35486111 | AE52: 0.73611111 | AF52: =MOD(AE52-AD52,1)*24 | AG52: 1 | AL52: 0.35208333 | AM52: 0.73611111 | AN52: =MOD(AM52-AL52,1)*24 | AO52: 1 | AP52: 0.34722222 | AQ52: 0.73611111 | AR52: =MOD(AQ52-AP52,1)*24 | AS52: 1 | AT52: 0.34791667 | AU52: 0.73611111 | AV52: =MOD(AU52-AT52,1)*24 | AW52: 1 | AX52: 0.34513889 | AY52: 0.73680556 | AZ52: =MOD(AY52-AX52,1)*24 | BA52: 1 | BB52: 0.34791667 | BC52: 0.73611111 | BD52: =MOD(BC52-BB52,1)*24 | BE52: 1 | BF52: 0.35208333 | BG52: 0.73611111 | BH52: =MOD(BG52-BF52,1)*24 | BI52: 1 | BN52: 0.34930556 | BO52: 0.77986111 | BP52: =MOD(BO52-BN52,1)*24 | BQ52: 1 | BR52: 0.34652778 | BS52: 0.73680556 | BT52: =MOD(BS52-BR52,1)*24 | BU52: 1 | BV52: 0.34930556 | BW52: 0.73888889 | BX52: =MOD(BW52-BV52,1)*24 | BY52: 1 | BZ52: 0.34722222 | CA52: 0.73680556 | CB52: =MOD(CA52-BZ52,1)*24 | CC52: 1 | CD52: 0.34930556 | CE52: 0.73680556 | CF52: =MOD(CE52-CD52,1)*24 | CG52: 1 | CH52: 0.34305556 | CI52: 0.7375 | CJ52: =MOD(CI52-CH52,1)*24 | CK52: 1 | CP52: 0.34722222 | CQ52: 0.73680556 | CR52: =MOD(CQ52-CP52,1)*24 | CS52: 1 | CT52: 0.34583333 | CU52: 0.73680556 | CV52: =MOD(CU52-CT52,1)*24 | CW52: 1 | CX52: 0.35416667 | CY52: 0.73680556 | CZ52: =MOD(CY52-CX52,1)*24 | DA52: 1 | DB52: 0.34722222 | DC52: 0.73611111 | DD52: =MOD(DC52-DB52,1)*24 | DE52: 1 | DF52: 0.34583333 | DG52: 0.73680556 | DH52: =MOD(DG52-DF52,1)*24 | DI52: 1 | DJ52: 0.35416667 | DK52: 0.73611111 | DL52: =MOD(DK52-DJ52,1)*24 | DM52: 1 | DR52: 0.35138889 | DS52: 0.73680556 | DT52: =MOD(DS52-DR52,1)*24 | DU52: 1 | DV52: 0.34722222 | DX52: =MOD(DW52-DV52,1)*24 | DY52: 1
A53: 五楼 | B53: 方宇 | C53: 36 | BN53: 0.76527778 | BP53: =MOD(BO53-BN53,1)*24 | BQ53: 1
A54: 五楼 | B54: 莫永兵 | C54: 37 | F54: 0.35 | G54: 0.82361111 | H54: =MOD(G54-F54,1)*24 | I54: 1 | J54: 0.34861111 | K54: 0.91805556 | L54: =MOD(K54-J54,1)*24 | M54: 1 | N54: 0.34652778 | O54: 0.92291667 | P54: =MOD(O54-N54,1)*24 | Q54: 1 | R54: 0.34513889 | S54: 0.93680556 | T54: =MOD(S54-R54,1)*24 | U54: 1 | V54: 0.35 | W54: 0.73611111 | X54: =MOD(W54-V54,1)*24 | Y54: 1 | Z54: 0.34930556 | AA54: 0.87986111 | AB54: =MOD(AA54-Z54,1)*24 | AC54: 1 | AD54: 0.35 | AE54: 0.75208333 | AF54: =MOD(AE54-AD54,1)*24 | AG54: 1 | AH54: 0.75138889 | AJ54: =MOD(AI54-AH54,1)*24 | AK54: 1 | AL54: 0.81944444 | AN54: =MOD(AM54-AL54,1)*24 | AO54: 1 | AP54: 0.35416667 | AQ54: 0.80833333 | AR54: =MOD(AQ54-AP54,1)*24 | AS54: 1 | AT54: 0.35138889 | AU54: 0.80138889 | AV54: =MOD(AU54-AT54,1)*24 | AW54: 1 | AX54: 0.80902778 | AY54: 0.81805556 | AZ54: =MOD(AY54-AX54,1)*24 | BA54: 1 | BB54: 0.35694444 | BC54: 0.81388889 | BD54: =MOD(BC54-BB54,1)*24 | BE54: 1 | BF54: 0.34097222 | BG54: 0.80486111 | BH54: =MOD(BG54-BF54,1)*24 | BI54: 1 | BJ54: 0.48472222 | BK54: 0.77777778 | BL54: =MOD(BK54-BJ54,1)*24 | BM54: 1 | BN54: 0.34861111 | BO54: 0.78819444 | BP54: =MOD(BO54-BN54,1)*24 | BQ54: 1 | BR54: 0.34861111 | BS54: 0.81041667 | BT54: =MOD(BS54-BR54,1)*24 | BU54: 1 | BV54: 0.35416667 | BW54: 0.93819444 | BX54: =MOD(BW54-BV54,1)*24 | BY54: 1 | BZ54: 0.35416667 | CB54: =MOD(CA54-BZ54,1)*24 | CC54: 1 | CD54: 0.35208333 | CE54: 0.80763889 | CF54: =MOD(CE54-CD54,1)*24 | CG54: 1 | CH54: 0.34444444 | CI54: 0.80208333 | CJ54: =MOD(CI54-CH54,1)*24 | CK54: 1 | CL54: 0.75972222 | CN54: =MOD(CM54-CL54,1)*24 | CO54: 1 | CP54: 0.35277778 | CQ54: 0.82152778 | CR54: =MOD(CQ54-CP54,1)*24 | CS54: 1 | CT54: 0.34930556 | CU54: 0.95138889 | CV54: =MOD(CU54-CT54,1)*24 | CW54: 1 | CX54: 0.35208333 | CY54: 0.81180556 | CZ54: =MOD(CY54-CX54,1)*24 | DA54: 1 | DB54: 0.35138889 | DC54: 0.80486111 | DD54: =MOD(DC54-DB54,1)*24 | DE54: 1 | DF54: 0.34097222 | DG54: 0.82361111 | DH54: =MOD(DG54-DF54,1)*24 | DI54: 1 | DJ54: 0.34513889 | DK54: 0.79652778 | DL54: =MOD(DK54-DJ54,1)*24 | DM54: 1 | DN54: 0.34930556 | DO54: 0.77638889 | DP54: =MOD(DO54-DN54,1)*24 | DQ54: 1 | DR54: 0.34513889 | DS54: 0.79722222 | DT54: =MOD(DS54-DR54,1)*24 | DU54: 1 | DV54: 0.34097222 | DW54: 0.80763889 | DX54: =MOD(DW54-DV54,1)*24 | DY54: 1
A55: 五楼 | B55: 冯钰超 | C55: 38 | CH55: 0.35555556 | CI55: 0.74166667 | CJ55: =MOD(CI55-CH55,1)*24 | CK55: 1 | CP55: 0.35069444 | CQ55: 0.7375 | CR55: =MOD(CQ55-CP55,1)*24 | CS55: 1 | CT55: 0.35208333 | CU55: 0.73819444 | CV55: =MOD(CU55-CT55,1)*24 | CW55: 1 | CX55: 0.35069444 | CY55: 0.73819444 | CZ55: =MOD(CY55-CX55,1)*24 | DA55: 1 | DB55: 0.35 | DC55: 0.73819444 | DD55: =MOD(DC55-DB55,1)*24 | DE55: 1 | DF55: 0.35 | DG55: 0.7375 | DH55: =MOD(DG55-DF55,1)*24 | DI55: 1 | DJ55: 0.35 | DK55: 0.73819444 | DL55: =MOD(DK55-DJ55,1)*24 | DM55: 1 | DR55: 0.73819444 | DT55: =MOD(DS55-DR55,1)*24 | DU55: 1 | DV55: 0.35069444 | DW55: 0.73680556 | DX55: =MOD(DW55-DV55,1)*24 | DY55: 1
A56: 五楼 | B56: 黄华 | C56: 39 | F56: 0.34791667 | G56: 0.75694444 | H56: =MOD(G56-F56,1)*24 | I56: 1 | J56: 0.34791667 | K56: 0.74791667 | L56: =MOD(K56-J56,1)*24 | M56: 1 | N56: 0.34652778 | O56: 0.73819444 | P56: =MOD(O56-N56,1)*24 | Q56: 1 | R56: 0.34930556 | S56: 0.74722222 | T56: =MOD(S56-R56,1)*24 | U56: 1 | V56: 0.34722222 | W56: 0.73888889 | X56: =MOD(W56-V56,1)*24 | Y56: 1 | Z56: 0.34930556 | AA56: 0.73958333 | AB56: =MOD(AA56-Z56,1)*24 | AC56: 1 | AD56: 0.34930556 | AE56: 0.74027778 | AF56: =MOD(AE56-AD56,1)*24 | AG56: 1 | AL56: 0.35208333 | AM56: 0.74930556 | AN56: =MOD(AM56-AL56,1)*24 | AO56: 1 | AP56: 0.34791667 | AQ56: 0.7375 | AR56: =MOD(AQ56-AP56,1)*24 | AS56: 1 | AT56: 0.34861111 | AU56: 0.74097222 | AV56: =MOD(AU56-AT56,1)*24 | AW56: 1 | AX56: 0.34652778 | AY56: 0.74791667 | AZ56: =MOD(AY56-AX56,1)*24 | BA56: 1 | BB56: 0.34583333 | BC56: 0.74166667 | BD56: =MOD(BC56-BB56,1)*24 | BE56: 1 | BF56: 0.35 | BG56: 0.75555556 | BH56: =MOD(BG56-BF56,1)*24 | BI56: 1 | BN56: 0.35069444 | BO56: 0.78263889 | BP56: =MOD(BO56-BN56,1)*24 | BQ56: 1 | BR56: 0.35 | BS56: 0.76736111 | BT56: =MOD(BS56-BR56,1)*24 | BU56: 1 | BV56: 0.35 | BW56: 0.74236111 | BX56: =MOD(BW56-BV56,1)*24 | BY56: 1 | BZ56: 0.35138889 | CA56: 0.73958333 | CB56: =MOD(CA56-BZ56,1)*24 | CC56: 1 | CD56: 0.35 | CE56: 0.73819444 | CF56: =MOD(CE56-CD56,1)*24 | CG56: 1 | CH56: 0.34652778 | CI56: 0.74236111 | CJ56: =MOD(CI56-CH56,1)*24 | CK56: 1 | CP56: 0.35 | CQ56: 0.77083333 | CR56: =MOD(CQ56-CP56,1)*24 | CS56: 1 | CT56: 0.34791667 | CU56: 0.74375 | CV56: =MOD(CU56-CT56,1)*24 | CW56: 1 | CX56: 0.34930556 | CY56: 0.83541667 | CZ56: =MOD(CY56-CX56,1)*24 | DA56: 1 | DB56: 0.35208333 | DC56: 0.82083333 | DD56: =MOD(DC56-DB56,1)*24 | DE56: 1 | DF56: 0.35 | DG56: 0.84930556 | DH56: =MOD(DG56-DF56,1)*24 | DI56: 1 | DJ56: 0.34861111 | DK56: 0.74305556 | DL56: =MOD(DK56-DJ56,1)*24 | DM56: 1 | DN56: 0.34791667 | DO56: 0.74930556 | DP56: =MOD(DO56-DN56,1)*24 | DQ56: 1 | DR56: 0.35069444 | DS56: 0.81388889 | DT56: =MOD(DS56-DR56,1)*24 | DU56: 1 | DV56: 0.35 | DW56: 0.84791667 | DX56: =MOD(DW56-DV56,1)*24 | DY56: 1
A57: 五楼 | B57: 黄华 | C57: 39 | AL57: 0.74791667 | AN57: =MOD(AM57-AL57,1)*24 | AO57: 1 | BF57: 0.75416667 | BH57: =MOD(BG57-BF57,1)*24 | BI57: 1 | DF57: 0.79861111 | DH57: =MOD(DG57-DF57,1)*24 | DI57: 1 | DJ57: 0.74166667 | DL57: =MOD(DK57-DJ57,1)*24 | DM57: 1 | DN57: 0.74791667 | DP57: =MOD(DO57-DN57,1)*24 | DQ57: 1 | DR57: 0.8125 | DT57: =MOD(DS57-DR57,1)*24 | DU57: 1
A58: 五楼 | B58: 郭小辉 | C58: 40 | F58: 0.34791667 | G58: 0.75694444 | H58: =MOD(G58-F58,1)*24 | I58: 1 | J58: 0.74513889 | L58: =MOD(K58-J58,1)*24 | M58: 1 | AH58: 0.72986111 | AJ58: =MOD(AI58-AH58,1)*24 | AK58: 1 | AT58: 0.7375 | AV58: =MOD(AU58-AT58,1)*24 | AW58: 1
A59: 五楼 | B59: 康波 | C59: 41 | F59: 0.34305556 | G59: 0.75694444 | H59: =MOD(G59-F59,1)*24 | I59: 1 | J59: 0.34236111 | K59: 0.74513889 | L59: =MOD(K59-J59,1)*24 | M59: 1 | N59: 0.33958333 | O59: 0.73611111 | P59: =MOD(O59-N59,1)*24 | Q59: 1 | V59: 0.34097222 | W59: 0.73819444 | X59: =MOD(W59-V59,1)*24 | Y59: 1 | Z59: 0.3375 | AA59: 0.74097222 | AB59: =MOD(AA59-Z59,1)*24 | AC59: 1 | AD59: 0.34444444 | AE59: 0.73680556 | AF59: =MOD(AE59-AD59,1)*24 | AG59: 1 | AL59: 0.34236111 | AM59: 0.75625 | AN59: =MOD(AM59-AL59,1)*24 | AO59: 1 | AP59: 0.34027778 | AQ59: 0.74236111 | AR59: =MOD(AQ59-AP59,1)*24 | AS59: 1 | AX59: 0.33958333 | AY59: 0.73958333 | AZ59: =MOD(AY59-AX59,1)*24 | BA59: 1 | BB59: 0.34097222 | BC59: 0.87708333 | BD59: =MOD(BC59-BB59,1)*24 | BE59: 1 | BF59: 0.34930556 | BG59: 0.74861111 | BH59: =MOD(BG59-BF59,1)*24 | BI59: 1 | BN59: 0.34166667 | BO59: 0.74791667 | BP59: =MOD(BO59-BN59,1)*24 | BQ59: 1 | BR59: 0.33958333 | BS59: 0.74166667 | BT59: =MOD(BS59-BR59,1)*24 | BU59: 1 | BV59: 0.34236111 | BW59: 0.74375 | BX59: =MOD(BW59-BV59,1)*24 | BY59: 1 | BZ59: 0.35 | CA59: 0.74166667 | CB59: =MOD(CA59-BZ59,1)*24 | CC59: 1 | CD59: 0.3375 | CE59: 0.74236111 | CF59: =MOD(CE59-CD59,1)*24 | CG59: 1 | CH59: 0.34236111 | CI59: 0.74236111 | CJ59: =MOD(CI59-CH59,1)*24 | CK59: 1 | CP59: 0.34791667 | CQ59: 0.74166667 | CR59: =MOD(CQ59-CP59,1)*24 | CS59: 1 | CT59: 0.34652778 | CU59: 0.82569444 | CV59: =MOD(CU59-CT59,1)*24 | CW59: 1 | CX59: 0.34513889 | CY59: 0.84097222 | CZ59: =MOD(CY59-CX59,1)*24 | DA59: 1 | DB59: 0.34305556 | DC59: 0.82222222 | DD59: =MOD(DC59-DB59,1)*24 | DE59: 1 | DF59: 0.33819444 | DG59: 0.83819444 | DH59: =MOD(DG59-DF59,1)*24 | DI59: 1 | DJ59: 0.34097222 | DK59: 0.74444444 | DL59: =MOD(DK59-DJ59,1)*24 | DM59: 1 | DN59: 0.32708333 | DO59: 0.75625 | DP59: =MOD(DO59-DN59,1)*24 | DQ59: 1 | DR59: 0.35 | DS59: 0.84236111 | DT59: =MOD(DS59-DR59,1)*24 | DU59: 1 | DV59: 0.34166667 | DW59: 0.79305556 | DX59: =MOD(DW59-DV59,1)*24 | DY59: 1
A60: 五楼 | B60: 覃定英 | C60: 42 | F60: 0.35069444 | G60: 0.75694444 | H60: =MOD(G60-F60,1)*24 | I60: 1 | J60: 0.75138889 | L60: =MOD(K60-J60,1)*24 | M60: 1 | N60: 0.35625 | O60: 0.73819444 | P60: =MOD(O60-N60,1)*24 | Q60: 1 | R60: 0.35208333 | S60: 0.73611111 | T60: =MOD(S60-R60,1)*24 | U60: 1 | Z60: 0.34791667 | AA60: 0.73611111 | AB60: =MOD(AA60-Z60,1)*24 | AC60: 1 | AD60: 0.35486111 | AE60: 0.7375 | AF60: =MOD(AE60-AD60,1)*24 | AG60: 1 | AL60: 0.35277778 | AM60: 0.75138889 | AN60: =MOD(AM60-AL60,1)*24 | AO60: 1 | AP60: 0.34722222 | AQ60: 0.73611111 | AR60: =MOD(AQ60-AP60,1)*24 | AS60: 1 | AT60: 0.34791667 | AU60: 0.74027778 | AV60: =MOD(AU60-AT60,1)*24 | AW60: 1 | AX60: 0.34513889 | AY60: 0.7375 | AZ60: =MOD(AY60-AX60,1)*24 | BA60: 1 | BB60: 0.34791667 | BC60: 0.73680556 | BD60: =MOD(BC60-BB60,1)*24 | BE60: 1 | BF60: 0.35208333 | BG60: 0.85208333 | BH60: =MOD(BG60-BF60,1)*24 | BI60: 1 | BN60: 0.34930556 | BO60: 0.7375 | BP60: =MOD(BO60-BN60,1)*24 | BQ60: 1 | BR60: 0.34722222 | BS60: 0.73680556 | BT60: =MOD(BS60-BR60,1)*24 | BU60: 1 | BV60: 0.34930556 | BW60: 0.73680556 | BX60: =MOD(BW60-BV60,1)*24 | BY60: 1 | BZ60: 0.34722222 | CA60: 0.73611111 | CB60: =MOD(CA60-BZ60,1)*24 | CC60: 1 | CD60: 0.34930556 | CE60: 0.73611111 | CF60: =MOD(CE60-CD60,1)*24 | CG60: 1 | CL60: 0.34166667 | CM60: 0.73680556 | CN60: =MOD(CM60-CL60,1)*24 | CO60: 1 | CP60: 0.34722222 | CQ60: 0.73680556 | CR60: =MOD(CQ60-CP60,1)*24 | CS60: 1 | CX60: 0.35416667 | CY60: 0.73611111 | CZ60: =MOD(CY60-CX60,1)*24 | DA60: 1 | DB60: 0.34722222 | DC60: 0.87291667 | DD60: =MOD(DC60-DB60,1)*24 | DE60: 1 | DF60: 0.34583333 | DG60: 0.87222222 | DH60: =MOD(DG60-DF60,1)*24 | DI60: 1 | DJ60: 0.35416667 | DK60: 0.89583333 | DL60: =MOD(DK60-DJ60,1)*24 | DM60: 1 | DR60: 0.35138889 | DS60: 0.89097222 | DT60: =MOD(DS60-DR60,1)*24 | DU60: 1 | DV60: 0.34722222 | DW60: 0.92361111 | DX60: =MOD(DW60-DV60,1)*24 | DY60: 1
A61: 五楼 | B61: 覃定英 | C61: 42 | BF61: 0.74722222 | BH61: =MOD(BG61-BF61,1)*24 | BI61: 1
A62: 五楼 | B62: 罗雨 | C62: 43 | F62: 0.35138889 | G62: 0.75694444 | H62: =MOD(G62-F62,1)*24 | I62: 1 | J62: 0.35555556 | K62: 0.75486111 | L62: =MOD(K62-J62,1)*24 | M62: 1 | N62: 0.35208333 | O62: 0.7375 | P62: =MOD(O62-N62,1)*24 | Q62: 1 | R62: 0.35277778 | S62: 0.73819444 | T62: =MOD(S62-R62,1)*24 | U62: 1 | V62: 0.34652778 | W62: 0.74027778 | X62: =MOD(W62-V62,1)*24 | Y62: 1 | Z62: 0.34513889 | AA62: 0.73958333 | AB62: =MOD(AA62-Z62,1)*24 | AC62: 1 | AH62: 0.35208333 | AI62: 0.73680556 | AJ62: =MOD(AI62-AH62,1)*24 | AK62: 1 | AL62: 0.34722222 | AM62: 0.75486111 | AN62: =MOD(AM62-AL62,1)*24 | AO62: 1 | AP62: 0.34513889 | AQ62: 0.73958333 | AR62: =MOD(AQ62-AP62,1)*24 | AS62: 1 | AT62: 0.34444444 | AU62: 0.74027778 | AV62: =MOD(AU62-AT62,1)*24 | AW62: 1 | AX62: 0.34097222 | AY62: 0.78541667 | AZ62: =MOD(AY62-AX62,1)*24 | BA62: 1 | BB62: 0.34583333 | BC62: 0.90486111 | BD62: =MOD(BC62-BB62,1)*24 | BE62: 1 | BF62: 0.35347222 | BG62: 0.76944444 | BH62: =MOD(BG62-BF62,1)*24 | BI62: 1 | BN62: 0.34652778 | BO62: 0.74791667 | BP62: =MOD(BO62-BN62,1)*24 | BQ62: 1 | BR62: 0.35208333 | BS62: 0.75416667 | BT62: =MOD(BS62-BR62,1)*24 | BU62: 1 | BV62: 0.34791667 | BW62: 0.84375 | BX62: =MOD(BW62-BV62,1)*24 | BY62: 1 | BZ62: 0.34861111 | CA62: 0.90625 | CB62: =MOD(CA62-BZ62,1)*24 | CC62: 1 | CD62: 0.34652778 | CF62: =MOD(CE62-CD62,1)*24 | CG62: 1 | CH62: 0.35277778 | CI62: 0.74236111 | CJ62: =MOD(CI62-CH62,1)*24 | CK62: 1 | CP62: 0.34305556 | CQ62: 0.74236111 | CR62: =MOD(CQ62-CP62,1)*24 | CS62: 1 | CT62: 0.34583333 | CU62: 0.73958333 | CV62: =MOD(CU62-CT62,1)*24 | CW62: 1 | CX62: 0.35416667 | CY62: 0.90069444 | CZ62: =MOD(CY62-CX62,1)*24 | DA62: 1 | DB62: 0.35416667 | DC62: 0.89305556 | DD62: =MOD(DC62-DB62,1)*24 | DE62: 1 | DF62: 0.35416667 | DG62: 0.90694444 | DH62: =MOD(DG62-DF62,1)*24 | DI62: 1 | DJ62: 0.35347222 | DK62: 0.90277778 | DL62: =MOD(DK62-DJ62,1)*24 | DM62: 1 | DN62: 0.35347222 | DO62: 0.84930556 | DP62: =MOD(DO62-DN62,1)*24 | DQ62: 1 | DR62: 0.34652778 | DT62: =MOD(DS62-DR62,1)*24 | DU62: 1 | DV62: 0.011805556 | DW62: 0.94513889 | DX62: =MOD(DW62-DV62,1)*24 | DY62: 1
A63: 五楼 | B63: 罗雨 | C63: 43 | Z63: 0.34652778 | AB63: =MOD(AA63-Z63,1)*24 | AC63: 1 | DV63: 0.35069444 | DX63: =MOD(DW63-DV63,1)*24 | DY63: 1
A64: 五楼 | B64: 谭勇 | C64: 44 | F64: 0.425 | G64: 0.75694444 | H64: =MOD(G64-F64,1)*24 | I64: 1 | J64: 0.35486111 | K64: 0.75555556 | L64: =MOD(K64-J64,1)*24 | M64: 1 | N64: 0.35208333 | O64: 0.73819444 | P64: =MOD(O64-N64,1)*24 | Q64: 1 | R64: 0.35277778 | S64: 0.7375 | T64: =MOD(S64-R64,1)*24 | U64: 1 | V64: 0.39722222 | W64: 0.73819444 | X64: =MOD(W64-V64,1)*24 | Y64: 1 | Z64: 0.37013889 | AA64: 0.73888889 | AB64: =MOD(AA64-Z64,1)*24 | AC64: 1 | AD64: 0.34791667 | AE64: 0.73888889 | AF64: =MOD(AE64-AD64,1)*24 | AG64: 1 | AL64: 0.35347222 | AM64: 0.75347222 | AN64: =MOD(AM64-AL64,1)*24 | AO64: 1 | AP64: 0.34513889 | AQ64: 0.73958333 | AR64: =MOD(AQ64-AP64,1)*24 | AS64: 1 | AT64: 0.34444444 | AU64: 0.74027778 | AV64: =MOD(AU64-AT64,1)*24 | AW64: 1 | AX64: 0.34930556 | AY64: 0.74791667 | AZ64: =MOD(AY64-AX64,1)*24 | BA64: 1 | BB64: 0.35138889 | BC64: 0.85 | BD64: =MOD(BC64-BB64,1)*24 | BE64: 1 | BF64: 0.34861111 | BG64: 0.74444444 | BH64: =MOD(BG64-BF64,1)*24 | BI64: 1 | BN64: 0.35416667 | BO64: 0.74166667 | BP64: =MOD(BO64-BN64,1)*24 | BQ64: 1 | BR64: 0.35208333 | BS64: 0.74305556 | BT64: =MOD(BS64-BR64,1)*24 | BU64: 1 | BV64: 0.35069444 | BW64: 0.73888889 | BX64: =MOD(BW64-BV64,1)*24 | BY64: 1 | BZ64: 0.34652778 | CA64: 0.75069444 | CB64: =MOD(CA64-BZ64,1)*24 | CC64: 1 | CD64: 0.35277778 | CE64: 0.74513889 | CF64: =MOD(CE64-CD64,1)*24 | CG64: 1 | CH64: 0.34930556 | CI64: 0.74236111 | CJ64: =MOD(CI64-CH64,1)*24 | CK64: 1 | CP64: 0.34652778 | CQ64: 0.74861111 | CR64: =MOD(CQ64-CP64,1)*24 | CS64: 1 | CT64: 0.35 | CU64: 0.74305556 | CV64: =MOD(CU64-CT64,1)*24 | CW64: 1 | CX64: 0.35069444 | CY64: 0.85972222 | CZ64: =MOD(CY64-CX64,1)*24 | DA64: 1 | DB64: 0.35069444 | DC64: 0.85347222 | DD64: =MOD(DC64-DB64,1)*24 | DE64: 1 | DF64: 0.35 | DG64: 0.85277778 | DH64: =MOD(DG64-DF64,1)*24 | DI64: 1 | DJ64: 0.36805556 | DK64: 0.78263889 | DL64: =MOD(DK64-DJ64,1)*24 | DM64: 1 | DR64: 0.33263889 | DS64: 0.74236111 | DT64: =MOD(DS64-DR64,1)*24 | DU64: 1 | DV64: 0.34930556 | DW64: 0.74097222 | DX64: =MOD(DW64-DV64,1)*24 | DY64: 1
A65: 五楼 | B65: 赵豪杰 | C65: 45 | CX65: 0.38472222 | CY65: 0.73819444 | CZ65: =MOD(CY65-CX65,1)*24 | DA65: 1 | DB65: 0.34861111 | DC65: 0.73819444 | DD65: =MOD(DC65-DB65,1)*24 | DE65: 1 | DF65: 0.35 | DG65: 0.73680556 | DH65: =MOD(DG65-DF65,1)*24 | DI65: 1 | DJ65: 0.35 | DK65: 0.73819444 | DL65: =MOD(DK65-DJ65,1)*24 | DM65: 1 | DR65: 0.73819444 | DT65: =MOD(DS65-DR65,1)*24 | DU65: 1 | DV65: 0.35069444 | DW65: 0.73680556 | DX65: =MOD(DW65-DV65,1)*24 | DY65: 1
A66: 五楼 | B66: 田鹏飞 | C66: 46 | F66: 0.35208333 | G66: 0.75902778 | H66: =MOD(G66-F66,1)*24 | I66: 1 | J66: 0.34583333 | L66: =MOD(K66-J66,1)*24 | M66: 1 | N66: 0.35 | O66: 0.74375 | P66: =MOD(O66-N66,1)*24 | Q66: 1 | R66: 0.34583333 | S66: 0.83611111 | T66: =MOD(S66-R66,1)*24 | U66: 1 | V66: 0.35277778 | W66: 0.88888889 | X66: =MOD(W66-V66,1)*24 | Y66: 1 | Z66: 0.35208333 | AA66: 0.88611111 | AB66: =MOD(AA66-Z66,1)*24 | AC66: 1 | AD66: 0.35069444 | AE66: 0.73888889 | AF66: =MOD(AE66-AD66,1)*24 | AG66: 1 | AL66: 0.34791667 | AM66: 0.88888889 | AN66: =MOD(AM66-AL66,1)*24 | AO66: 1 | AP66: 0.34444444 | AQ66: 0.84375 | AR66: =MOD(AQ66-AP66,1)*24 | AS66: 1 | AT66: 0.35138889 | AU66: 0.75277778 | AV66: =MOD(AU66-AT66,1)*24 | AW66: 1 | AX66: 0.3375 | AY66: 0.82638889 | AZ66: =MOD(AY66-AX66,1)*24 | BA66: 1 | BB66: 0.35 | BC66: 0.82361111 | BD66: =MOD(BC66-BB66,1)*24 | BE66: 1 | BF66: 0.35069444 | BG66: 0.73888889 | BH66: =MOD(BG66-BF66,1)*24 | BI66: 1 | BN66: 0.34375 | BO66: 0.87222222 | BP66: =MOD(BO66-BN66,1)*24 | BQ66: 1 | BR66: 0.35069444 | BS66: 0.85902778 | BT66: =MOD(BS66-BR66,1)*24 | BU66: 1 | BV66: 0.35069444 | BW66: 0.73958333 | BX66: =MOD(BW66-BV66,1)*24 | BY66: 1 | BZ66: 0.34652778 | CA66: 0.84791667 | CB66: =MOD(CA66-BZ66,1)*24 | CC66: 1 | CD66: 0.35069444 | CE66: 0.73888889 | CF66: =MOD(CE66-CD66,1)*24 | CG66: 1 | CH66: 0.34722222 | CI66: 0.74791667 | CJ66: =MOD(CI66-CH66,1)*24 | CK66: 1 | CP66: 0.34861111 | CQ66: 0.82152778 | CR66: =MOD(CQ66-CP66,1)*24 | CS66: 1 | CT66: 0.34791667 | CU66: 0.89930556 | CV66: =MOD(CU66-CT66,1)*24 | CW66: 1 | CX66: 0.34583333 | CY66: 0.73888889 | CZ66: =MOD(CY66-CX66,1)*24 | DA66: 1 | DB66: 0.34930556 | DC66: 0.88194444 | DD66: =MOD(DC66-DB66,1)*24 | DE66: 1 | DF66: 0.35138889 | DH66: =MOD(DG66-DF66,1)*24 | DI66: 1 | DR66: 0.34513889 | DS66: 0.87777778 | DT66: =MOD(DS66-DR66,1)*24 | DU66: 1 | DV66: 0.34930556 | DW66: 0.93333333 | DX66: =MOD(DW66-DV66,1)*24 | DY66: 1
A67: 五楼 | B67: 田鹏飞 | C67: 46 | AL67: 0.35277778 | AN67: =MOD(AM67-AL67,1)*24 | AO67: 1
A68: 五楼 | B68: 陈大庆 | C68: 47
A69: 五楼 | B69: 李泰龙 | C69: 48
A70: 五楼 | B70: 谢灵 | C70: 49 | F70: 0.35138889 | G70: 0.75625 | H70: =MOD(G70-F70,1)*24 | I70: 1 | J70: 0.53472222 | K70: 0.73680556 | L70: =MOD(K70-J70,1)*24 | M70: 1 | N70: 0.35 | O70: 0.7375 | P70: =MOD(O70-N70,1)*24 | Q70: 1 | R70: 0.35 | S70: 0.50138889 | T70: =MOD(S70-R70,1)*24 | U70: 1 | V70: 0.34861111 | W70: 0.73888889 | X70: =MOD(W70-V70,1)*24 | Y70: 1 | Z70: 0.32777778 | AA70: 0.73611111 | AB70: =MOD(AA70-Z70,1)*24 | AC70: 1 | AD70: 0.35138889 | AE70: 0.74027778 | AF70: =MOD(AE70-AD70,1)*24 | AG70: 1 | AL70: 0.34444444 | AM70: 0.73888889 | AN70: =MOD(AM70-AL70,1)*24 | AO70: 1 | AP70: 0.35 | AQ70: 0.73680556 | AR70: =MOD(AQ70-AP70,1)*24 | AS70: 1 | AT70: 0.32638889 | AU70: 0.73680556 | AV70: =MOD(AU70-AT70,1)*24 | AW70: 1 | AX70: 0.35 | AY70: 0.74097222 | AZ70: =MOD(AY70-AX70,1)*24 | BA70: 1 | BB70: 0.32916667 | BC70: 0.74375 | BD70: =MOD(BC70-BB70,1)*24 | BE70: 1 | BF70: 0.35208333 | BG70: 0.81180556 | BH70: =MOD(BG70-BF70,1)*24 | BI70: 1 | BN70: 0.35347222 | BO70: 0.74097222 | BP70: =MOD(BO70-BN70,1)*24 | BQ70: 1 | BR70: 0.35 | BS70: 0.73680556 | BT70: =MOD(BS70-BR70,1)*24 | BU70: 1 | BV70: 0.35277778 | BW70: 0.7375 | BX70: =MOD(BW70-BV70,1)*24 | BY70: 1 | BZ70: 0.35347222 | CA70: 0.75972222 | CB70: =MOD(CA70-BZ70,1)*24 | CC70: 1 | CD70: 0.34861111 | CE70: 0.74513889 | CF70: =MOD(CE70-CD70,1)*24 | CG70: 1 | CH70: 0.35138889 | CI70: 0.80694444 | CJ70: =MOD(CI70-CH70,1)*24 | CK70: 1 | CP70: 0.35138889 | CQ70: 0.73611111 | CR70: =MOD(CQ70-CP70,1)*24 | CS70: 1 | CT70: 0.34861111 | CU70: 0.74444444 | CV70: =MOD(CU70-CT70,1)*24 | CW70: 1 | CX70: 0.35 | CY70: 0.73680556 | CZ70: =MOD(CY70-CX70,1)*24 | DA70: 1 | DB70: 0.34305556 | DC70: 0.73888889 | DD70: =MOD(DC70-DB70,1)*24 | DE70: 1 | DF70: 0.35138889 | DG70: 0.73680556 | DH70: =MOD(DG70-DF70,1)*24 | DI70: 1 | DJ70: 0.35 | DK70: 0.75486111 | DL70: =MOD(DK70-DJ70,1)*24 | DM70: 1 | DR70: 0.35138889 | DS70: 0.73888889 | DT70: =MOD(DS70-DR70,1)*24 | DU70: 1 | DV70: 0.34375 | DW70: 0.91041667 | DX70: =MOD(DW70-DV70,1)*24 | DY70: 1
A71: 五楼 | B71: 周朝会 | C71: 50 | F71: 0.76180556 | H71: =MOD(G71-F71,1)*24 | I71: 1 | J71: 0.31875 | K71: 0.73611111 | L71: =MOD(K71-J71,1)*24 | M71: 1 | N71: 0.32083333 | O71: 0.73611111 | P71: =MOD(O71-N71,1)*24 | Q71: 1 | R71: 0.31875 | S71: 0.73611111 | T71: =MOD(S71-R71,1)*24 | U71: 1 | V71: 0.31736111 | W71: 0.73680556 | X71: =MOD(W71-V71,1)*24 | Y71: 1 | Z71: 0.31944444 | AA71: 0.73680556 | AB71: =MOD(AA71-Z71,1)*24 | AC71: 1 | AD71: 0.31944444 | AE71: 0.73611111 | AF71: =MOD(AE71-AD71,1)*24 | AG71: 1 | AH71: 0.31736111 | AI71: 0.46458333 | AJ71: =MOD(AI71-AH71,1)*24 | AK71: 1 | AL71: 0.32152778 | AM71: 0.73819444 | AN71: =MOD(AM71-AL71,1)*24 | AO71: 1 | AP71: 0.32013889 | AQ71: 0.7375 | AR71: =MOD(AQ71-AP71,1)*24 | AS71: 1 | AT71: 0.31527778 | AU71: 0.73611111 | AV71: =MOD(AU71-AT71,1)*24 | AW71: 1 | AX71: 0.32569444 | AY71: 0.73611111 | AZ71: =MOD(AY71-AX71,1)*24 | BA71: 1 | BB71: 0.31805556 | BC71: 0.73611111 | BD71: =MOD(BC71-BB71,1)*24 | BE71: 1 | BF71: 0.73680556 | BH71: =MOD(BG71-BF71,1)*24 | BI71: 1 | BJ71: 0.31736111 | BK71: 0.46875 | BL71: =MOD(BK71-BJ71,1)*24 | BM71: 1 | BN71: 0.31944444 | BO71: 0.73888889 | BP71: =MOD(BO71-BN71,1)*24 | BQ71: 1 | BR71: 0.31875 | BS71: 0.7375 | BT71: =MOD(BS71-BR71,1)*24 | BU71: 1 | BV71: 0.32013889 | BW71: 0.73611111 | BX71: =MOD(BW71-BV71,1)*24 | BY71: 1 | BZ71: 0.31736111 | CA71: 0.75277778 | CB71: =MOD(CA71-BZ71,1)*24 | CC71: 1 | CD71: 0.31666667 | CE71: 0.73611111 | CF71: =MOD(CE71-CD71,1)*24 | CG71: 1 | CH71: 0.31597222 | CI71: 0.73611111 | CJ71: =MOD(CI71-CH71,1)*24 | CK71: 1 | CL71: 0.31875 | CM71: 0.47986111 | CN71: =MOD(CM71-CL71,1)*24 | CO71: 1 | CP71: 0.73611111 | CR71: =MOD(CQ71-CP71,1)*24 | CS71: 1 | CT71: 0.31666667 | CU71: 0.73680556 | CV71: =MOD(CU71-CT71,1)*24 | CW71: 1 | CX71: 0.32013889 | CY71: 0.73611111 | CZ71: =MOD(CY71-CX71,1)*24 | DA71: 1 | DB71: 0.31736111 | DC71: 0.73680556 | DD71: =MOD(DC71-DB71,1)*24 | DE71: 1 | DF71: 0.31944444 | DG71: 0.73680556 | DH71: =MOD(DG71-DF71,1)*24 | DI71: 1 | DJ71: 0.32291667 | DK71: 0.73888889 | DL71: =MOD(DK71-DJ71,1)*24 | DM71: 1 | DN71: 0.32152778 | DO71: 0.46319444 | DP71: =MOD(DO71-DN71,1)*24 | DQ71: 1 | DR71: 0.32013889 | DS71: 0.73680556 | DT71: =MOD(DS71-DR71,1)*24 | DU71: 1 | DV71: 0.31736111 | DW71: 0.73680556 | DX71: =MOD(DW71-DV71,1)*24 | DY71: 1
A72: 五楼 | B72: 伍梦柯 | C72: 51 | F72: 0.35416667 | G72: 0.76041667 | H72: =MOD(G72-F72,1)*24 | I72: 1 | J72: 0.35277778 | K72: 0.74930556 | L72: =MOD(K72-J72,1)*24 | M72: 1 | R72: 0.35347222 | S72: 0.73888889 | T72: =MOD(S72-R72,1)*24 | U72: 1 | V72: 0.35347222 | W72: 0.73888889 | X72: =MOD(W72-V72,1)*24 | Y72: 1 | Z72: 0.35347222 | AA72: 0.73888889 | AB72: =MOD(AA72-Z72,1)*24 | AC72: 1 | AD72: 0.35347222 | AE72: 0.74236111 | AF72: =MOD(AE72-AD72,1)*24 | AG72: 1 | AP72: 0.35347222 | AQ72: 0.75208333 | AR72: =MOD(AQ72-AP72,1)*24 | AS72: 1 | AT72: 0.35208333 | AU72: 0.74375 | AV72: =MOD(AU72-AT72,1)*24 | AW72: 1 | AX72: 0.35277778 | AY72: 0.78472222 | AZ72: =MOD(AY72-AX72,1)*24 | BA72: 1 | BB72: 0.35347222 | BC72: 0.75277778 | BD72: =MOD(BC72-BB72,1)*24 | BE72: 1 | BF72: 0.36736111 | BG72: 0.74513889 | BH72: =MOD(BG72-BF72,1)*24 | BI72: 1 | BN72: 0.36041667 | BO72: 0.74861111 | BP72: =MOD(BO72-BN72,1)*24 | BQ72: 1 | BR72: 0.35208333 | BS72: 0.75694444 | BT72: =MOD(BS72-BR72,1)*24 | BU72: 1 | BV72: 0.35416667 | BW72: 0.75277778 | BX72: =MOD(BW72-BV72,1)*24 | BY72: 1 | BZ72: 0.35277778 | CA72: 0.74305556 | CB72: =MOD(CA72-BZ72,1)*24 | CC72: 1 | CD72: 0.35277778 | CE72: 0.73958333 | CF72: =MOD(CE72-CD72,1)*24 | CG72: 1 | CH72: 0.73958333 | CJ72: =MOD(CI72-CH72,1)*24 | CK72: 1 | CP72: 0.35416667 | CQ72: 0.76527778 | CR72: =MOD(CQ72-CP72,1)*24 | CS72: 1 | CT72: 0.35486111 | CU72: 0.74791667 | CV72: =MOD(CU72-CT72,1)*24 | CW72: 1 | CX72: 0.35347222 | CY72: 0.83680556 | CZ72: =MOD(CY72-CX72,1)*24 | DA72: 1 | DB72: 0.35416667 | DC72: 0.76597222 | DD72: =MOD(DC72-DB72,1)*24 | DE72: 1 | DF72: 0.35138889 | DG72: 0.83055556 | DH72: =MOD(DG72-DF72,1)*24 | DI72: 1 | DJ72: 0.36111111 | DK72: 0.73958333 | DL72: =MOD(DK72-DJ72,1)*24 | DM72: 1 | DN72: 0.80138889 | DP72: =MOD(DO72-DN72,1)*24 | DQ72: 1 | DR72: 0.35416667 | DS72: 0.76944444 | DT72: =MOD(DS72-DR72,1)*24 | DU72: 1 | DV72: 0.35277778 | DW72: 0.74583333 | DX72: =MOD(DW72-DV72,1)*24 | DY72: 1
A73: 五楼 | B73: 陶杨 | C73: 52 | DV73: 0.35625 | DW73: 0.73680556 | DX73: =MOD(DW73-DV73,1)*24 | DY73: 1
A74: 五楼 | B74: 李志明 | C74: 53 | F74: 0.49791667 | H74: =MOD(G74-F74,1)*24 | I74: 1 | J74: 0.23611111 | K74: 0.74097222 | L74: =MOD(K74-J74,1)*24 | M74: 1 | N74: 0.23472222 | O74: 0.75208333 | P74: =MOD(O74-N74,1)*24 | Q74: 1 | R74: 0.24097222 | S74: 0.75416667 | T74: =MOD(S74-R74,1)*24 | U74: 1 | V74: 0.23680556 | W74: 0.74791667 | X74: =MOD(W74-V74,1)*24 | Y74: 1 | Z74: 0.23611111 | AA74: 0.74791667 | AB74: =MOD(AA74-Z74,1)*24 | AC74: 1 | AD74: 0.2375 | AE74: 0.75 | AF74: =MOD(AE74-AD74,1)*24 | AG74: 1 | AH74: 0.24166667 | AI74: 0.74375 | AJ74: =MOD(AI74-AH74,1)*24 | AK74: 1 | AL74: 0.23611111 | AM74: 0.75416667 | AN74: =MOD(AM74-AL74,1)*24 | AO74: 1 | AP74: 0.23472222 | AQ74: 0.74583333 | AR74: =MOD(AQ74-AP74,1)*24 | AS74: 1 | AT74: 0.25347222 | AU74: 0.75069444 | AV74: =MOD(AU74-AT74,1)*24 | AW74: 1 | AX74: 0.23680556 | AY74: 0.74861111 | AZ74: =MOD(AY74-AX74,1)*24 | BA74: 1 | BB74: 0.24027778 | BC74: 0.74930556 | BD74: =MOD(BC74-BB74,1)*24 | BE74: 1 | BF74: 0.2375 | BG74: 0.74583333 | BH74: =MOD(BG74-BF74,1)*24 | BI74: 1 | BJ74: 0.23819444 | BK74: 0.74930556 | BL74: =MOD(BK74-BJ74,1)*24 | BM74: 1 | BN74: 0.23888889 | BO74: 0.75486111 | BP74: =MOD(BO74-BN74,1)*24 | BQ74: 1 | BR74: 0.23611111 | BS74: 0.75 | BT74: =MOD(BS74-BR74,1)*24 | BU74: 1 | BV74: 0.2375 | BW74: 0.74861111 | BX74: =MOD(BW74-BV74,1)*24 | BY74: 1 | BZ74: 0.24305556 | CA74: 0.74513889 | CB74: =MOD(CA74-BZ74,1)*24 | CC74: 1 | CD74: 0.23888889 | CE74: 0.74930556 | CF74: =MOD(CE74-CD74,1)*24 | CG74: 1 | CH74: 0.2375 | CI74: 0.75416667 | CJ74: =MOD(CI74-CH74,1)*24 | CK74: 1 | CL74: 0.2375 | CM74: 0.74791667 | CN74: =MOD(CM74-CL74,1)*24 | CO74: 1 | CP74: 0.24375 | CQ74: 0.74652778 | CR74: =MOD(CQ74-CP74,1)*24 | CS74: 1 | CT74: 0.2375 | CU74: 0.73472222 | CV74: =MOD(CU74-CT74,1)*24 | CW74: 1 | CX74: 0.25625 | CY74: 0.74583333 | CZ74: =MOD(CY74-CX74,1)*24 | DA74: 1 | DB74: 0.23958333 | DC74: 0.74791667 | DD74: =MOD(DC74-DB74,1)*24 | DE74: 1 | DF74: 0.23611111 | DG74: 0.75069444 | DH74: =MOD(DG74-DF74,1)*24 | DI74: 1 | DJ74: 0.23680556 | DK74: 0.74791667 | DL74: =MOD(DK74-DJ74,1)*24 | DM74: 1 | DN74: 0.23611111 | DO74: 0.74791667 | DP74: =MOD(DO74-DN74,1)*24 | DQ74: 1 | DR74: 0.23611111 | DS74: 0.74861111 | DT74: =MOD(DS74-DR74,1)*24 | DU74: 1 | DV74: 0.24027778 | DW74: 0.75 | DX74: =MOD(DW74-DV74,1)*24 | DY74: 1
A75: 五楼 | B75: 李志明 | C75: 53 | DN75: 0.2375 | DP75: =MOD(DO75-DN75,1)*24 | DQ75: 1
A76: 五楼 | B76: 漆娇 | C76: 54 | F76: 0.34930556 | G76: 0.75486111 | H76: =MOD(G76-F76,1)*24 | I76: 1 | J76: 0.33819444 | K76: 0.73819444 | L76: =MOD(K76-J76,1)*24 | M76: 1 | R76: 0.34513889 | S76: 0.73888889 | T76: =MOD(S76-R76,1)*24 | U76: 1 | V76: 0.34444444 | W76: 0.74027778 | X76: =MOD(W76-V76,1)*24 | Y76: 1 | Z76: 0.35069444 | AA76: 0.74166667 | AB76: =MOD(AA76-Z76,1)*24 | AC76: 1 | AH76: 0.34375 | AI76: 0.73680556 | AJ76: =MOD(AI76-AH76,1)*24 | AK76: 1 | AP76: 0.34930556 | AQ76: 0.73888889 | AR76: =MOD(AQ76-AP76,1)*24 | AS76: 1 | AX76: 0.33958333 | AY76: 0.74722222 | AZ76: =MOD(AY76-AX76,1)*24 | BA76: 1 | BB76: 0.34861111 | BC76: 0.76388889 | BD76: =MOD(BC76-BB76,1)*24 | BE76: 1 | BF76: 0.35069444 | BG76: 0.73819444 | BH76: =MOD(BG76-BF76,1)*24 | BI76: 1 | BN76: 0.34305556 | BO76: 0.73819444 | BP76: =MOD(BO76-BN76,1)*24 | BQ76: 1 | BR76: 0.34930556 | BS76: 0.73888889 | BT76: =MOD(BS76-BR76,1)*24 | BU76: 1 | BV76: 0.35069444 | BW76: 0.7375 | BX76: =MOD(BW76-BV76,1)*24 | BY76: 1 | BZ76: 0.33541667 | CA76: 0.73819444 | CB76: =MOD(CA76-BZ76,1)*24 | CC76: 1 | CD76: 0.35208333 | CE76: 0.73819444 | CF76: =MOD(CE76-CD76,1)*24 | CG76: 1 | CH76: 0.34930556 | CI76: 0.75416667 | CJ76: =MOD(CI76-CH76,1)*24 | CK76: 1 | CP76: 0.34097222 | CQ76: 0.74444444 | CR76: =MOD(CQ76-CP76,1)*24 | CS76: 1 | CT76: 0.34861111 | CU76: 0.74166667 | CV76: =MOD(CU76-CT76,1)*24 | CW76: 1 | CX76: 0.35069444 | CY76: 0.74097222 | CZ76: =MOD(CY76-CX76,1)*24 | DA76: 1 | DB76: 0.34444444 | DC76: 0.73888889 | DD76: =MOD(DC76-DB76,1)*24 | DE76: 1 | DF76: 0.34722222 | DG76: 0.73819444 | DH76: =MOD(DG76-DF76,1)*24 | DI76: 1 | DJ76: 0.34583333 | DK76: 0.74166667 | DL76: =MOD(DK76-DJ76,1)*24 | DM76: 1 | DR76: 0.3375 | DS76: 0.74027778 | DT76: =MOD(DS76-DR76,1)*24 | DU76: 1 | DV76: 0.34583333 | DW76: 0.73888889 | DX76: =MOD(DW76-DV76,1)*24 | DY76: 1
A77: 五楼 | B77: 漆娇 | C77: 54 | Z77: 0.74027778 | AB77: =MOD(AA77-Z77,1)*24 | AC77: 1
A78: 五楼 | B78: 唐良基 | C78: 55 | F78: 0.49236111 | H78: =MOD(G78-F78,1)*24 | I78: 1 | J78: 0.25208333 | K78: 0.74513889 | L78: =MOD(K78-J78,1)*24 | M78: 1 | N78: 0.25486111 | O78: 0.74375 | P78: =MOD(O78-N78,1)*24 | Q78: 1 | R78: 0.25416667 | S78: 0.74513889 | T78: =MOD(S78-R78,1)*24 | U78: 1 | V78: 0.25277778 | W78: 0.75138889 | X78: =MOD(W78-V78,1)*24 | Y78: 1 | Z78: 0.25625 | AA78: 0.74791667 | AB78: =MOD(AA78-Z78,1)*24 | AC78: 1 | AD78: 0.25347222 | AE78: 0.74583333 | AF78: =MOD(AE78-AD78,1)*24 | AG78: 1 | AH78: 0.25625 | AI78: 0.75 | AJ78: =MOD(AI78-AH78,1)*24 | AK78: 1 | AL78: 0.24652778 | AM78: 0.73958333 | AN78: =MOD(AM78-AL78,1)*24 | AO78: 1 | AP78: 0.26388889 | AQ78: 0.74652778 | AR78: =MOD(AQ78-AP78,1)*24 | AS78: 1 | AT78: 0.25347222 | AU78: 0.74444444 | AV78: =MOD(AU78-AT78,1)*24 | AW78: 1 | AX78: 0.25208333 | AY78: 0.74513889 | AZ78: =MOD(AY78-AX78,1)*24 | BA78: 1 | BB78: 0.25694444 | BC78: 0.74305556 | BD78: =MOD(BC78-BB78,1)*24 | BE78: 1 | BF78: 0.25347222 | BG78: 0.74166667 | BH78: =MOD(BG78-BF78,1)*24 | BI78: 1 | BJ78: 0.25694444 | BK78: 0.75347222 | BL78: =MOD(BK78-BJ78,1)*24 | BM78: 1 | BN78: 0.24930556 | BO78: 0.74722222 | BP78: =MOD(BO78-BN78,1)*24 | BQ78: 1 | BR78: 0.25625 | BS78: 0.74652778 | BT78: =MOD(BS78-BR78,1)*24 | BU78: 1 | BV78: 0.25347222 | BW78: 0.74444444 | BX78: =MOD(BW78-BV78,1)*24 | BY78: 1 | BZ78: 0.25416667 | CA78: 0.75138889 | CB78: =MOD(CA78-BZ78,1)*24 | CC78: 1 | CD78: 0.25069444 | CE78: 0.74166667 | CF78: =MOD(CE78-CD78,1)*24 | CG78: 1 | CH78: 0.25138889 | CI78: 0.74444444 | CJ78: =MOD(CI78-CH78,1)*24 | CK78: 1 | CL78: 0.25277778 | CM78: 0.75069444 | CN78: =MOD(CM78-CL78,1)*24 | CO78: 1 | CP78: 0.25416667 | CQ78: 0.74444444 | CR78: =MOD(CQ78-CP78,1)*24 | CS78: 1 | CT78: 0.25416667 | CU78: 0.72708333 | CV78: =MOD(CU78-CT78,1)*24 | CW78: 1 | CX78: 0.24375 | CY78: 0.74791667 | CZ78: =MOD(CY78-CX78,1)*24 | DA78: 1 | DB78: 0.25 | DC78: 0.74305556 | DD78: =MOD(DC78-DB78,1)*24 | DE78: 1 | DF78: 0.25208333 | DG78: 0.74583333 | DH78: =MOD(DG78-DF78,1)*24 | DI78: 1 | DJ78: 0.25347222 | DK78: 0.73958333 | DL78: =MOD(DK78-DJ78,1)*24 | DM78: 1 | DN78: 0.25486111 | DO78: 0.75902778 | DP78: =MOD(DO78-DN78,1)*24 | DQ78: 1 | DR78: 0.24375 | DS78: 0.75277778 | DT78: =MOD(DS78-DR78,1)*24 | DU78: 1 | DV78: 0.25277778 | DW78: 0.75833333 | DX78: =MOD(DW78-DV78,1)*24 | DY78: 1
A79: 五楼 | B79: 刘明 | C79: 56 | F79: 0.29652778 | G79: 0.49375 | H79: =MOD(G79-F79,1)*24 | I79: 1 | N79: 0.25 | O79: 0.74930556 | P79: =MOD(O79-N79,1)*24 | Q79: 1 | R79: 0.25 | S79: 0.75 | T79: =MOD(S79-R79,1)*24 | U79: 1 | V79: 0.25 | W79: 0.75416667 | X79: =MOD(W79-V79,1)*24 | Y79: 1 | Z79: 0.25138889 | AA79: 0.75208333 | AB79: =MOD(AA79-Z79,1)*24 | AC79: 1 | AD79: 0.25555556 | AE79: 0.75208333 | AF79: =MOD(AE79-AD79,1)*24 | AG79: 1 | AH79: 0.25 | AI79: 0.75416667 | AJ79: =MOD(AI79-AH79,1)*24 | AK79: 1 | AP79: 0.24930556 | AQ79: 0.75208333 | AR79: =MOD(AQ79-AP79,1)*24 | AS79: 1 | AT79: 0.25138889 | AU79: 0.75069444 | AV79: =MOD(AU79-AT79,1)*24 | AW79: 1 | AX79: 0.25069444 | AY79: 0.75069444 | AZ79: =MOD(AY79-AX79,1)*24 | BA79: 1 | BB79: 0.25069444 | BC79: 0.74930556 | BD79: =MOD(BC79-BB79,1)*24 | BE79: 1 | BF79: 0.25 | BG79: 0.74791667 | BH79: =MOD(BG79-BF79,1)*24 | BI79: 1 | BJ79: 0.25069444 | BK79: 0.75625 | BL79: =MOD(BK79-BJ79,1)*24 | BM79: 1 | BR79: 0.25 | BS79: 0.74305556 | BT79: =MOD(BS79-BR79,1)*24 | BU79: 1 | BV79: 0.24791667 | BW79: 0.74930556 | BX79: =MOD(BW79-BV79,1)*24 | BY79: 1 | BZ79: 0.25763889 | CA79: 0.74722222 | CB79: =MOD(CA79-BZ79,1)*24 | CC79: 1 | CD79: 0.25347222 | CE79: 0.74791667 | CF79: =MOD(CE79-CD79,1)*24 | CG79: 1 | CH79: 0.25138889 | CI79: 0.73333333 | CJ79: =MOD(CI79-CH79,1)*24 | CK79: 1 | CL79: 0.25347222 | CM79: 0.75416667 | CN79: =MOD(CM79-CL79,1)*24 | CO79: 1 | CP79: 0.74236111 | CR79: =MOD(CQ79-CP79,1)*24 | CS79: 1 | CT79: 0.73611111 | CV79: =MOD(CU79-CT79,1)*24 | CW79: 1 | CX79: 0.28888889 | CY79: 0.71736111 | CZ79: =MOD(CY79-CX79,1)*24 | DA79: 1 | DB79: 0.26805556 | DD79: =MOD(DC79-DB79,1)*24 | DE79: 1 | DF79: 0.26805556 | DG79: 0.73888889 | DH79: =MOD(DG79-DF79,1)*24 | DI79: 1 | DJ79: 0.26527778 | DK79: 0.75069444 | DL79: =MOD(DK79-DJ79,1)*24 | DM79: 1 | DN79: 0.27361111 | DO79: 0.72083333 | DP79: =MOD(DO79-DN79,1)*24 | DQ79: 1 | DR79: 0.26319444 | DS79: 0.72986111 | DT79: =MOD(DS79-DR79,1)*24 | DU79: 1 | DV79: 0.27916667 | DX79: =MOD(DW79-DV79,1)*24 | DY79: 1
A80: 五楼 | B80: 高源 | C80: 57 | F80: 0.34097222 | G80: 0.78888889 | H80: =MOD(G80-F80,1)*24 | I80: 1 | J80: 0.34375 | K80: 0.79027778 | L80: =MOD(K80-J80,1)*24 | M80: 1 | N80: 0.34444444 | O80: 0.78402778 | P80: =MOD(O80-N80,1)*24 | Q80: 1 | R80: 0.34722222 | S80: 0.86388889 | T80: =MOD(S80-R80,1)*24 | U80: 1 | V80: 0.34375 | W80: 0.77291667 | X80: =MOD(W80-V80,1)*24 | Y80: 1 | Z80: 0.34791667 | AA80: 0.76319444 | AB80: =MOD(AA80-Z80,1)*24 | AC80: 1 | AD80: 0.35 | AE80: 0.77638889 | AF80: =MOD(AE80-AD80,1)*24 | AG80: 1 | AL80: 0.34722222 | AM80: 0.77083333 | AN80: =MOD(AM80-AL80,1)*24 | AO80: 1 | AP80: 0.34791667 | AQ80: 0.87361111 | AR80: =MOD(AQ80-AP80,1)*24 | AS80: 1 | AT80: 0.34652778 | AU80: 0.81666667 | AV80: =MOD(AU80-AT80,1)*24 | AW80: 1 | AX80: 0.34930556 | AY80: 0.84375 | AZ80: =MOD(AY80-AX80,1)*24 | BA80: 1 | BB80: 0.34583333 | BC80: 0.80347222 | BD80: =MOD(BC80-BB80,1)*24 | BE80: 1 | BF80: 0.34652778 | BG80: 0.77083333 | BH80: =MOD(BG80-BF80,1)*24 | BI80: 1 | BN80: 0.34722222 | BO80: 0.76388889 | BP80: =MOD(BO80-BN80,1)*24 | BQ80: 1 | BR80: 0.34791667 | BS80: 0.75 | BT80: =MOD(BS80-BR80,1)*24 | BU80: 1 | BV80: 0.35 | BW80: 0.82777778 | BX80: =MOD(BW80-BV80,1)*24 | BY80: 1 | BZ80: 0.34930556 | CA80: 0.77986111 | CB80: =MOD(CA80-BZ80,1)*24 | CC80: 1 | CD80: 0.35 | CE80: 0.76458333 | CF80: =MOD(CE80-CD80,1)*24 | CG80: 1 | CP80: 0.35 | CQ80: 0.84583333 | CR80: =MOD(CQ80-CP80,1)*24 | CS80: 1 | CT80: 0.34375 | CU80: 0.90972222 | CV80: =MOD(CU80-CT80,1)*24 | CW80: 1 | CX80: 0.34236111 | CY80: 0.76875 | CZ80: =MOD(CY80-CX80,1)*24 | DA80: 1 | DB80: 0.34722222 | DC80: 0.81805556 | DD80: =MOD(DC80-DB80,1)*24 | DE80: 1 | DF80: 0.34652778 | DG80: 0.75972222 | DH80: =MOD(DG80-DF80,1)*24 | DI80: 1 | DJ80: 0.34930556 | DK80: 0.73958333 | DL80: =MOD(DK80-DJ80,1)*24 | DM80: 1 | DR80: 0.34722222 | DS80: 0.76736111 | DT80: =MOD(DS80-DR80,1)*24 | DU80: 1 | DV80: 0.34791667 | DW80: 0.75 | DX80: =MOD(DW80-DV80,1)*24 | DY80: 1
A81: 五楼 | B81: 高源 | C81: 57 | DF81: 0.35277778 | DH81: =MOD(DG81-DF81,1)*24 | DI81: 1
A82: 五楼 | B82: 雷益 | C82: 58
A83: 五楼 | B83: 张兴六 | C83: 59 | F83: 0.25208333 | G83: 0.49375 | H83: =MOD(G83-F83,1)*24 | I83: 1 | J83: 0.24652778 | K83: 0.74027778 | L83: =MOD(K83-J83,1)*24 | M83: 1 | R83: 0.24930556 | S83: 0.73541667 | T83: =MOD(S83-R83,1)*24 | U83: 1 | V83: 0.24791667 | W83: 0.74097222 | X83: =MOD(W83-V83,1)*24 | Y83: 1 | Z83: 0.24930556 | AA83: 0.73958333 | AB83: =MOD(AA83-Z83,1)*24 | AC83: 1 | AD83: 0.24861111 | AE83: 0.74305556 | AF83: =MOD(AE83-AD83,1)*24 | AG83: 1 | AH83: 0.24722222 | AI83: 0.74097222 | AJ83: =MOD(AI83-AH83,1)*24 | AK83: 1 | AL83: 0.25138889 | AM83: 0.74027778 | AN83: =MOD(AM83-AL83,1)*24 | AO83: 1 | AT83: 0.25 | AU83: 0.74097222 | AV83: =MOD(AU83-AT83,1)*24 | AW83: 1 | AX83: 0.25277778 | AY83: 0.74236111 | AZ83: =MOD(AY83-AX83,1)*24 | BA83: 1 | BB83: 0.24791667 | BC83: 0.74097222 | BD83: =MOD(BC83-BB83,1)*24 | BE83: 1 | BF83: 0.24791667 | BG83: 0.74166667 | BH83: =MOD(BG83-BF83,1)*24 | BI83: 1 | BJ83: 0.25069444 | BK83: 0.74236111 | BL83: =MOD(BK83-BJ83,1)*24 | BM83: 1 | BN83: 0.24791667 | BO83: 0.74097222 | BP83: =MOD(BO83-BN83,1)*24 | BQ83: 1 | BV83: 0.24861111 | BW83: 0.74166667 | BX83: =MOD(BW83-BV83,1)*24 | BY83: 1 | BZ83: 0.24791667 | CA83: 0.74097222 | CB83: =MOD(CA83-BZ83,1)*24 | CC83: 1 | CD83: 0.24791667 | CE83: 0.74097222 | CF83: =MOD(CE83-CD83,1)*24 | CG83: 1 | CH83: 0.24791667 | CI83: 0.74097222 | CJ83: =MOD(CI83-CH83,1)*24 | CK83: 1 | CL83: 0.24861111 | CM83: 0.73888889 | CN83: =MOD(CM83-CL83,1)*24 | CO83: 1 | CP83: 0.24861111 | CQ83: 0.74236111 | CR83: =MOD(CQ83-CP83,1)*24 | CS83: 1 | CX83: 0.24930556 | CY83: 0.74166667 | CZ83: =MOD(CY83-CX83,1)*24 | DA83: 1 | DB83: 0.24930556 | DC83: 0.74166667 | DD83: =MOD(DC83-DB83,1)*24 | DE83: 1 | DF83: 0.24722222 | DG83: 0.74166667 | DH83: =MOD(DG83-DF83,1)*24 | DI83: 1 | DJ83: 0.25069444 | DK83: 0.74166667 | DL83: =MOD(DK83-DJ83,1)*24 | DM83: 1 | DN83: 0.24791667 | DO83: 0.74027778 | DP83: =MOD(DO83-DN83,1)*24 | DQ83: 1 | DR83: 0.25069444 | DS83: 0.74097222 | DT83: =MOD(DS83-DR83,1)*24 | DU83: 1 | DV83: 0.24722222 | DW83: 0.74305556 | DX83: =MOD(DW83-DV83,1)*24 | DY83: 1
A84: 五楼 | B84: 何汉秀 | C84: 60 | F84: 0.31527778 | G84: 0.75625 | H84: =MOD(G84-F84,1)*24 | I84: 1 | J84: 0.31527778 | K84: 0.75555556 | L84: =MOD(K84-J84,1)*24 | M84: 1 | N84: 0.31944444 | O84: 0.74375 | P84: =MOD(O84-N84,1)*24 | Q84: 1 | R84: 0.52777778 | S84: 0.73888889 | T84: =MOD(S84-R84,1)*24 | U84: 1 | V84: 0.31666667 | W84: 0.74652778 | X84: =MOD(W84-V84,1)*24 | Y84: 1 | Z84: 0.31666667 | AA84: 0.73611111 | AB84: =MOD(AA84-Z84,1)*24 | AC84: 1 | AD84: 0.31944444 | AE84: 0.74861111 | AF84: =MOD(AE84-AD84,1)*24 | AG84: 1 | AL84: 0.32083333 | AM84: 0.75 | AN84: =MOD(AM84-AL84,1)*24 | AO84: 1 | AP84: 0.31666667 | AQ84: 0.74791667 | AR84: =MOD(AQ84-AP84,1)*24 | AS84: 1 | AT84: 0.31319444 | AU84: 0.75277778 | AV84: =MOD(AU84-AT84,1)*24 | AW84: 1 | AX84: 0.31944444 | AY84: 0.75138889 | AZ84: =MOD(AY84-AX84,1)*24 | BA84: 1 | BB84: 0.32152778 | BC84: 0.74513889 | BD84: =MOD(BC84-BB84,1)*24 | BE84: 1 | BF84: 0.31805556 | BG84: 0.75138889 | BH84: =MOD(BG84-BF84,1)*24 | BI84: 1 | BN84: 0.31597222 | BO84: 0.75555556 | BP84: =MOD(BO84-BN84,1)*24 | BQ84: 1 | BR84: 0.31666667 | BS84: 0.73958333 | BT84: =MOD(BS84-BR84,1)*24 | BU84: 1 | BV84: 0.31388889 | BW84: 0.74027778 | BX84: =MOD(BW84-BV84,1)*24 | BY84: 1 | BZ84: 0.31666667 | CA84: 0.74583333 | CB84: =MOD(CA84-BZ84,1)*24 | CC84: 1 | CD84: 0.31458333 | CE84: 0.75 | CF84: =MOD(CE84-CD84,1)*24 | CG84: 1 | CH84: 0.31527778 | CI84: 0.74722222 | CJ84: =MOD(CI84-CH84,1)*24 | CK84: 1 | CP84: 0.31180556 | CQ84: 0.75972222 | CR84: =MOD(CQ84-CP84,1)*24 | CS84: 1 | CT84: 0.30625 | CU84: 0.75138889 | CV84: =MOD(CU84-CT84,1)*24 | CW84: 1 | CX84: 0.3125 | CY84: 0.75208333 | CZ84: =MOD(CY84-CX84,1)*24 | DA84: 1 | DB84: 0.30972222 | DC84: 0.80416667 | DD84: =MOD(DC84-DB84,1)*24 | DE84: 1 | DF84: 0.31041667 | DG84: 0.75138889 | DH84: =MOD(DG84-DF84,1)*24 | DI84: 1 | DJ84: 0.31597222 | DK84: 0.74166667 | DL84: =MOD(DK84-DJ84,1)*24 | DM84: 1 | DR84: 0.31458333 | DS84: 0.73680556 | DT84: =MOD(DS84-DR84,1)*24 | DU84: 1 | DV84: 0.31180556 | DW84: 0.76111111 | DX84: =MOD(DW84-DV84,1)*24 | DY84: 1
A85: 五楼 | B85: 何汉秀 | C85: 60 | R85: 0.73819444 | T85: =MOD(S85-R85,1)*24 | U85: 1 | AD85: 0.74305556 | AF85: =MOD(AE85-AD85,1)*24 | AG85: 1 | AP85: 0.74652778 | AR85: =MOD(AQ85-AP85,1)*24 | AS85: 1 | CD85: 0.31736111 | CF85: =MOD(CE85-CD85,1)*24 | CG85: 1 | CX85: 0.74861111 | CZ85: =MOD(CY85-CX85,1)*24 | DA85: 1 | DF85: 0.31180556 | DH85: =MOD(DG85-DF85,1)*24 | DI85: 1 | DJ85: 0.73888889 | DL85: =MOD(DK85-DJ85,1)*24 | DM85: 1
A86: 五楼 | B86: 李春严 | C86: 61 | DV86: 0.35625 | DW86: 0.73680556 | DX86: =MOD(DW86-DV86,1)*24 | DY86: 1
A87: 五楼 | B87: 谢文越 | C87: 62
A88: 五楼 | B88: 姜全洪 | C88: 63 | F88: 0.35347222 | G88: 0.76041667 | H88: =MOD(G88-F88,1)*24 | I88: 1 | J88: 0.35277778 | K88: 0.75486111 | L88: =MOD(K88-J88,1)*24 | M88: 1 | N88: 0.35277778 | O88: 0.73888889 | P88: =MOD(O88-N88,1)*24 | Q88: 1 | R88: 0.35347222 | S88: 0.74166667 | T88: =MOD(S88-R88,1)*24 | U88: 1 | V88: 0.35347222 | W88: 0.74722222 | X88: =MOD(W88-V88,1)*24 | Y88: 1 | Z88: 0.35347222 | AA88: 0.74583333 | AB88: =MOD(AA88-Z88,1)*24 | AC88: 1 | AD88: 0.35347222 | AE88: 0.73680556 | AF88: =MOD(AE88-AD88,1)*24 | AG88: 1 | AL88: 0.35277778 | AM88: 0.75416667 | AN88: =MOD(AM88-AL88,1)*24 | AO88: 1 | AP88: 0.35277778 | AQ88: 0.73888889 | AR88: =MOD(AQ88-AP88,1)*24 | AS88: 1 | AT88: 0.35347222 | AU88: 0.73888889 | AV88: =MOD(AU88-AT88,1)*24 | AW88: 1 | AX88: 0.35277778 | AY88: 0.74027778 | AZ88: =MOD(AY88-AX88,1)*24 | BA88: 1 | BB88: 0.35277778 | BC88: 0.90555556 | BD88: =MOD(BC88-BB88,1)*24 | BE88: 1 | BF88: 0.35277778 | BG88: 0.74583333 | BH88: =MOD(BG88-BF88,1)*24 | BI88: 1 | BN88: 0.35347222 | BO88: 0.74236111 | BP88: =MOD(BO88-BN88,1)*24 | BQ88: 1 | BR88: 0.35277778 | BS88: 0.73680556 | BT88: =MOD(BS88-BR88,1)*24 | BU88: 1 | BZ88: 0.35277778 | CA88: 0.74166667 | CB88: =MOD(CA88-BZ88,1)*24 | CC88: 1 | CD88: 0.35277778 | CE88: 0.73888889 | CF88: =MOD(CE88-CD88,1)*24 | CG88: 1 | CH88: 0.35347222 | CI88: 0.73888889 | CJ88: =MOD(CI88-CH88,1)*24 | CK88: 1 | CP88: 0.35347222 | CQ88: 0.74444444 | CR88: =MOD(CQ88-CP88,1)*24 | CS88: 1 | CT88: 0.35208333 | CU88: 0.75277778 | CV88: =MOD(CU88-CT88,1)*24 | CW88: 1 | CX88: 0.35347222 | CY88: 0.85486111 | CZ88: =MOD(CY88-CX88,1)*24 | DA88: 1 | DB88: 0.35347222 | DC88: 0.85555556 | DD88: =MOD(DC88-DB88,1)*24 | DE88: 1 | DF88: 0.35138889 | DG88: 0.85416667 | DH88: =MOD(DG88-DF88,1)*24 | DI88: 1 | DJ88: 0.35416667 | DK88: 0.85902778 | DL88: =MOD(DK88-DJ88,1)*24 | DM88: 1 | DN88: 0.35486111 | DO88: 0.76527778 | DP88: =MOD(DO88-DN88,1)*24 | DQ88: 1 | DR88: 0.35069444 | DS88: 0.85138889 | DT88: =MOD(DS88-DR88,1)*24 | DU88: 1 | DV88: 0.34930556 | DW88: 0.73958333 | DX88: =MOD(DW88-DV88,1)*24 | DY88: 1
A89: 五楼 | B89: 李丰希 | C89: 64 | F89: 0.35208333 | G89: 0.77361111 | H89: =MOD(G89-F89,1)*24 | I89: 1 | J89: 0.35277778 | K89: 0.74375 | L89: =MOD(K89-J89,1)*24 | M89: 1 | N89: 0.35277778 | O89: 0.74583333 | P89: =MOD(O89-N89,1)*24 | Q89: 1 | R89: 0.35347222 | S89: 0.75833333 | T89: =MOD(S89-R89,1)*24 | U89: 1 | V89: 0.35277778 | W89: 0.73888889 | X89: =MOD(W89-V89,1)*24 | Y89: 1 | Z89: 0.35486111 | AA89: 0.74097222 | AB89: =MOD(AA89-Z89,1)*24 | AC89: 1 | AD89: 0.35 | AE89: 0.74305556 | AF89: =MOD(AE89-AD89,1)*24 | AG89: 1 | AL89: 0.35347222 | AN89: =MOD(AM89-AL89,1)*24 | AO89: 1 | AP89: 0.35277778 | AQ89: 0.77152778 | AR89: =MOD(AQ89-AP89,1)*24 | AS89: 1 | AT89: 0.35 | AU89: 0.78472222 | AV89: =MOD(AU89-AT89,1)*24 | AW89: 1 | AX89: 0.35416667 | AY89: 0.74375 | AZ89: =MOD(AY89-AX89,1)*24 | BA89: 1 | BB89: 0.35486111 | BC89: 0.77013889 | BD89: =MOD(BC89-BB89,1)*24 | BE89: 1 | BF89: 0.35347222 | BG89: 0.79583333 | BH89: =MOD(BG89-BF89,1)*24 | BI89: 1 | BN89: 0.35347222 | BO89: 0.73680556 | BP89: =MOD(BO89-BN89,1)*24 | BQ89: 1 | BR89: 0.35347222 | BS89: 0.75694444 | BT89: =MOD(BS89-BR89,1)*24 | BU89: 1 | BV89: 0.35277778 | BW89: 0.75277778 | BX89: =MOD(BW89-BV89,1)*24 | BY89: 1 | BZ89: 0.35208333 | CA89: 0.82291667 | CB89: =MOD(CA89-BZ89,1)*24 | CC89: 1 | CD89: 0.35208333 | CE89: 0.73819444 | CF89: =MOD(CE89-CD89,1)*24 | CG89: 1 | CH89: 0.35347222 | CI89: 0.74861111 | CJ89: =MOD(CI89-CH89,1)*24 | CK89: 1 | CP89: 0.35277778 | CQ89: 0.75902778 | CR89: =MOD(CQ89-CP89,1)*24 | CS89: 1 | CT89: 0.35486111 | CU89: 0.875 | CV89: =MOD(CU89-CT89,1)*24 | CW89: 1 | CX89: 0.35416667 | CY89: 0.73680556 | CZ89: =MOD(CY89-CX89,1)*24 | DA89: 1 | DB89: 0.35486111 | DC89: 0.75763889 | DD89: =MOD(DC89-DB89,1)*24 | DE89: 1 | DF89: 0.35277778 | DG89: 0.81527778 | DH89: =MOD(DG89-DF89,1)*24 | DI89: 1 | DN89: 0.35277778 | DO89: 0.75416667 | DP89: =MOD(DO89-DN89,1)*24 | DQ89: 1 | DR89: 0.35277778 | DS89: 0.775 | DT89: =MOD(DS89-DR89,1)*24 | DU89: 1 | DV89: 0.35069444 | DW89: 0.88125 | DX89: =MOD(DW89-DV89,1)*24 | DY89: 1
A90: 五楼 | B90: 李丰希 | C90: 64 | N90: 0.74097222 | P90: =MOD(O90-N90,1)*24 | Q90: 1 | AX90: 0.74027778 | AZ90: =MOD(AY90-AX90,1)*24 | BA90: 1 | BF90: 0.79375 | BH90: =MOD(BG90-BF90,1)*24 | BI90: 1 | DV90: 0.74652778 | DX90: =MOD(DW90-DV90,1)*24 | DY90: 1
A91: 五楼 | B91: 许军 | C91: 65 | F91: 0.35138889 | G91: 0.75763889 | H91: =MOD(G91-F91,1)*24 | I91: 1 | J91: 0.35069444 | K91: 0.74722222 | L91: =MOD(K91-J91,1)*24 | M91: 1 | Z91: 0.34930556 | AB91: =MOD(AA91-Z91,1)*24 | AC91: 1 | AD91: 0.35277778 | AE91: 0.73958333 | AF91: =MOD(AE91-AD91,1)*24 | AG91: 1 | AL91: 0.34375 | AM91: 0.76388889 | AN91: =MOD(AM91-AL91,1)*24 | AO91: 1 | AP91: 0.34930556 | AR91: =MOD(AQ91-AP91,1)*24 | AS91: 1 | AT91: 0.34027778 | AU91: 0.80694444 | AV91: =MOD(AU91-AT91,1)*24 | AW91: 1 | AX91: 0.35 | AY91: 0.74652778 | AZ91: =MOD(AY91-AX91,1)*24 | BA91: 1 | BB91: 0.35 | BC91: 0.90347222 | BD91: =MOD(BC91-BB91,1)*24 | BE91: 1 | BF91: 0.35069444 | BG91: 0.73819444 | BH91: =MOD(BG91-BF91,1)*24 | BI91: 1 | BN91: 0.35555556 | BO91: 0.82708333 | BP91: =MOD(BO91-BN91,1)*24 | BQ91: 1 | BR91: 0.35138889 | BS91: 0.82777778 | BT91: =MOD(BS91-BR91,1)*24 | BU91: 1 | BV91: 0.83958333 | BX91: =MOD(BW91-BV91,1)*24 | BY91: 1 | BZ91: 0.34791667 | CA91: 0.90555556 | CB91: =MOD(CA91-BZ91,1)*24 | CC91: 1 | CD91: 0.35069444 | CE91: 0.84027778 | CF91: =MOD(CE91-CD91,1)*24 | CG91: 1 | CH91: 0.35069444 | CI91: 0.74305556 | CJ91: =MOD(CI91-CH91,1)*24 | CK91: 1 | CP91: 0.33819444 | CQ91: 0.825 | CR91: =MOD(CQ91-CP91,1)*24 | CS91: 1 | CT91: 0.34236111 | CV91: =MOD(CU91-CT91,1)*24 | CW91: 1 | CX91: 0.34930556 | CY91: 0.75833333 | CZ91: =MOD(CY91-CX91,1)*24 | DA91: 1 | DB91: 0.85208333 | DD91: =MOD(DC91-DB91,1)*24 | DE91: 1 | DF91: 0.34722222 | DG91: 0.7375 | DH91: =MOD(DG91-DF91,1)*24 | DI91: 1
A92: 五楼 | B92: 许军 | C92: 65 | AT92: 0.74236111 | AV92: =MOD(AU92-AT92,1)*24 | AW92: 1 | CP92: 0.34375 | CR92: =MOD(CQ92-CP92,1)*24 | CS92: 1
A93: 五楼 | B93: 陈忠斌 | C93: 66
A94: 五楼 | B94: 黄义晴 | C94: 67 | F94: 0.34583333 | G94: 0.75555556 | H94: =MOD(G94-F94,1)*24 | I94: 1 | J94: 0.34583333 | K94: 0.73680556 | L94: =MOD(K94-J94,1)*24 | M94: 1 | R94: 0.34513889 | S94: 0.7375 | T94: =MOD(S94-R94,1)*24 | U94: 1 | Z94: 0.34583333 | AA94: 0.73680556 | AB94: =MOD(AA94-Z94,1)*24 | AC94: 1 | AL94: 0.34652778 | AM94: 0.73680556 | AN94: =MOD(AM94-AL94,1)*24 | AO94: 1 | AT94: 0.34583333 | AU94: 0.75486111 | AV94: =MOD(AU94-AT94,1)*24 | AW94: 1 | BB94: 0.34513889 | BC94: 0.7375 | BD94: =MOD(BC94-BB94,1)*24 | BE94: 1 | BF94: 0.34722222 | BG94: 0.7375 | BH94: =MOD(BG94-BF94,1)*24 | BI94: 1 | BN94: 0.34652778 | BO94: 0.73680556 | BP94: =MOD(BO94-BN94,1)*24 | BQ94: 1 | BR94: 0.34513889 | BS94: 0.73680556 | BT94: =MOD(BS94-BR94,1)*24 | BU94: 1 | BV94: 0.34513889 | BW94: 0.73680556 | BX94: =MOD(BW94-BV94,1)*24 | BY94: 1 | BZ94: 0.34444444 | CA94: 0.73680556 | CB94: =MOD(CA94-BZ94,1)*24 | CC94: 1 | CD94: 0.34583333 | CE94: 0.73680556 | CF94: =MOD(CE94-CD94,1)*24 | CG94: 1 | CH94: 0.34722222 | CI94: 0.73680556 | CJ94: =MOD(CI94-CH94,1)*24 | CK94: 1 | CL94: 0.34583333 | CM94: 0.73680556 | CN94: =MOD(CM94-CL94,1)*24 | CO94: 1 | CT94: 0.34513889 | CU94: 0.73680556 | CV94: =MOD(CU94-CT94,1)*24 | CW94: 1 | CX94: 0.34652778 | CY94: 0.73680556 | CZ94: =MOD(CY94-CX94,1)*24 | DA94: 1 | DB94: 0.34722222 | DC94: 0.73680556 | DD94: =MOD(DC94-DB94,1)*24 | DE94: 1 | DF94: 0.34791667 | DG94: 0.73680556 | DH94: =MOD(DG94-DF94,1)*24 | DI94: 1 | DJ94: 0.34861111 | DK94: 0.73680556 | DL94: =MOD(DK94-DJ94,1)*24 | DM94: 1 | DN94: 0.34652778 | DO94: 0.73819444 | DP94: =MOD(DO94-DN94,1)*24 | DQ94: 1 | DR94: 0.34652778 | DS94: 0.73958333 | DT94: =MOD(DS94-DR94,1)*24 | DU94: 1 | DV94: 0.34861111 | DW94: 0.79027778 | DX94: =MOD(DW94-DV94,1)*24 | DY94: 1
A95: 五楼 | B95: 谭兴兵 | C95: 68
A96: 五楼 | B96: 何绍奇 | C96: 69 | F96: 0.34722222 | G96: 0.76388889 | H96: =MOD(G96-F96,1)*24 | I96: 1 | J96: 0.34930556 | K96: 0.73819444 | L96: =MOD(K96-J96,1)*24 | M96: 1 | N96: 0.34930556 | O96: 0.74027778 | P96: =MOD(O96-N96,1)*24 | Q96: 1 | R96: 0.34791667 | S96: 0.75277778 | T96: =MOD(S96-R96,1)*24 | U96: 1 | V96: 0.34861111 | W96: 0.73819444 | X96: =MOD(W96-V96,1)*24 | Y96: 1 | Z96: 0.34236111 | AA96: 0.73611111 | AB96: =MOD(AA96-Z96,1)*24 | AC96: 1 | AD96: 0.35208333 | AE96: 0.73958333 | AF96: =MOD(AE96-AD96,1)*24 | AG96: 1 | AL96: 0.33611111 | AM96: 0.73888889 | AN96: =MOD(AM96-AL96,1)*24 | AO96: 1 | AP96: 0.34236111 | AQ96: 0.74027778 | AR96: =MOD(AQ96-AP96,1)*24 | AS96: 1 | AT96: 0.34236111 | AU96: 0.7375 | AV96: =MOD(AU96-AT96,1)*24 | AW96: 1 | AX96: 0.34722222 | AY96: 0.73611111 | AZ96: =MOD(AY96-AX96,1)*24 | BA96: 1 | BB96: 0.34722222 | BC96: 0.7375 | BD96: =MOD(BC96-BB96,1)*24 | BE96: 1 | BF96: 0.35 | BG96: 0.7375 | BH96: =MOD(BG96-BF96,1)*24 | BI96: 1 | BN96: 0.34861111 | BO96: 0.73680556 | BP96: =MOD(BO96-BN96,1)*24 | BQ96: 1 | BR96: 0.34930556 | BS96: 0.7375 | BT96: =MOD(BS96-BR96,1)*24 | BU96: 1 | BV96: 0.34861111 | BW96: 0.73888889 | BX96: =MOD(BW96-BV96,1)*24 | BY96: 1 | BZ96: 0.34861111 | CA96: 0.75277778 | CB96: =MOD(CA96-BZ96,1)*24 | CC96: 1 | CD96: 0.34652778 | CE96: 0.74513889 | CF96: =MOD(CE96-CD96,1)*24 | CG96: 1 | CH96: 0.35 | CI96: 0.74097222 | CJ96: =MOD(CI96-CH96,1)*24 | CK96: 1 | CP96: 0.34652778 | CQ96: 0.74027778 | CR96: =MOD(CQ96-CP96,1)*24 | CS96: 1 | CT96: 0.34722222 | CU96: 0.73819444 | CV96: =MOD(CU96-CT96,1)*24 | CW96: 1 | CX96: 0.34375 | CY96: 0.7375 | CZ96: =MOD(CY96-CX96,1)*24 | DA96: 1 | DB96: 0.34444444 | DC96: 0.73819444 | DD96: =MOD(DC96-DB96,1)*24 | DE96: 1 | DF96: 0.35 | DG96: 0.7375 | DH96: =MOD(DG96-DF96,1)*24 | DI96: 1 | DJ96: 0.35138889 | DK96: 0.74166667 | DL96: =MOD(DK96-DJ96,1)*24 | DM96: 1 | DR96: 0.34652778 | DS96: 0.73819444 | DT96: =MOD(DS96-DR96,1)*24 | DU96: 1 | DV96: 0.34861111 | DW96: 0.73888889 | DX96: =MOD(DW96-DV96,1)*24 | DY96: 1
A97: 五楼 | B97: 旷星琪 | C97: 70 | AL97: 0.34166667 | AM97: 0.73611111 | AN97: =MOD(AM97-AL97,1)*24 | AO97: 1 | AP97: 0.34166667 | AQ97: 0.73611111 | AR97: =MOD(AQ97-AP97,1)*24 | AS97: 1 | AT97: 0.34166667 | AU97: 0.73611111 | AV97: =MOD(AU97-AT97,1)*24 | AW97: 1 | AX97: 0.34097222 | AY97: 0.73611111 | AZ97: =MOD(AY97-AX97,1)*24 | BA97: 1 | BB97: 0.34305556 | BC97: 0.73611111 | BD97: =MOD(BC97-BB97,1)*24 | BE97: 1 | BN97: 0.3375 | BO97: 0.73611111 | BP97: =MOD(BO97-BN97,1)*24 | BQ97: 1 | BR97: 0.34236111 | BS97: 0.73611111 | BT97: =MOD(BS97-BR97,1)*24 | BU97: 1 | BV97: 0.34375 | BW97: 0.73611111 | BX97: =MOD(BW97-BV97,1)*24 | BY97: 1 | BZ97: 0.34375 | CA97: 0.73611111 | CB97: =MOD(CA97-BZ97,1)*24 | CC97: 1 | CD97: 0.33819444 | CE97: 0.73611111 | CF97: =MOD(CE97-CD97,1)*24 | CG97: 1 | CP97: 0.33888889 | CQ97: 0.73611111 | CR97: =MOD(CQ97-CP97,1)*24 | CS97: 1 | CT97: 0.33888889 | CU97: 0.73611111 | CV97: =MOD(CU97-CT97,1)*24 | CW97: 1 | CX97: 0.33958333 | CY97: 0.73611111 | CZ97: =MOD(CY97-CX97,1)*24 | DA97: 1 | DB97: 0.34097222 | DC97: 0.73611111 | DD97: =MOD(DC97-DB97,1)*24 | DE97: 1 | DF97: 0.34097222 | DG97: 0.73611111 | DH97: =MOD(DG97-DF97,1)*24 | DI97: 1 | DR97: 0.73611111 | DT97: =MOD(DS97-DR97,1)*24 | DU97: 1 | DV97: 0.34166667 | DW97: 0.73611111 | DX97: =MOD(DW97-DV97,1)*24 | DY97: 1
A98: 五楼 | B98: 刘娇 | C98: 71
A99: 五楼 | B99: 李鹏 | C99: 72
A100: 五楼 | B100: 陈昌容 | C100: 73 | F100: 0.34305556 | G100: 0.75694444 | H100: =MOD(G100-F100,1)*24 | I100: 1 | J100: 0.34930556 | K100: 0.73680556 | L100: =MOD(K100-J100,1)*24 | M100: 1 | N100: 0.34861111 | O100: 0.7375 | P100: =MOD(O100-N100,1)*24 | Q100: 1 | V100: 0.35 | W100: 0.73958333 | X100: =MOD(W100-V100,1)*24 | Y100: 1 | AD100: 0.34583333 | AE100: 0.73680556 | AF100: =MOD(AE100-AD100,1)*24 | AG100: 1 | AL100: 0.34444444 | AM100: 0.7375 | AN100: =MOD(AM100-AL100,1)*24 | AO100: 1 | AP100: 0.35138889 | AQ100: 0.7375 | AR100: =MOD(AQ100-AP100,1)*24 | AS100: 1 | AT100: 0.35069444 | AU100: 0.73680556 | AV100: =MOD(AU100-AT100,1)*24 | AW100: 1 | AX100: 0.35 | AY100: 0.73680556 | AZ100: =MOD(AY100-AX100,1)*24 | BA100: 1 | BB100: 0.34861111 | BC100: 0.73680556 | BD100: =MOD(BC100-BB100,1)*24 | BE100: 1 | BJ100: 0.34722222 | BK100: 0.73680556 | BL100: =MOD(BK100-BJ100,1)*24 | BM100: 1 | BN100: 0.35 | BO100: 0.7375 | BP100: =MOD(BO100-BN100,1)*24 | BQ100: 1 | BR100: 0.34583333 | BS100: 0.73680556 | BT100: =MOD(BS100-BR100,1)*24 | BU100: 1 | BV100: 0.34930556 | BW100: 0.7375 | BX100: =MOD(BW100-BV100,1)*24 | BY100: 1 | BZ100: 0.35 | CA100: 0.73680556 | CB100: =MOD(CA100-BZ100,1)*24 | CC100: 1 | CD100: 0.34861111 | CE100: 0.73888889 | CF100: =MOD(CE100-CD100,1)*24 | CG100: 1 | CH100: 0.34652778 | CI100: 0.74027778 | CJ100: =MOD(CI100-CH100,1)*24 | CK100: 1 | CP100: 0.34930556 | CQ100: 0.74097222 | CR100: =MOD(CQ100-CP100,1)*24 | CS100: 1 | CT100: 0.34861111 | CU100: 0.74027778 | CV100: =MOD(CU100-CT100,1)*24 | CW100: 1 | CX100: 0.34236111 | CY100: 0.73888889 | CZ100: =MOD(CY100-CX100,1)*24 | DA100: 1 | DB100: 0.34513889 | DC100: 0.73958333 | DD100: =MOD(DC100-DB100,1)*24 | DE100: 1 | DF100: 0.35069444 | DG100: 0.74652778 | DH100: =MOD(DG100-DF100,1)*24 | DI100: 1 | DJ100: 0.34652778 | DK100: 0.73680556 | DL100: =MOD(DK100-DJ100,1)*24 | DM100: 1 | DN100: 0.35138889 | DO100: 0.73680556 | DP100: =MOD(DO100-DN100,1)*24 | DQ100: 1 | DR100: 0.33888889 | DS100: 0.73680556 | DT100: =MOD(DS100-DR100,1)*24 | DU100: 1 | DV100: 0.33958333 | DW100: 0.92291667 | DX100: =MOD(DW100-DV100,1)*24 | DY100: 1
...

Sheet 汇总
A1: 姓名 | B1: 打卡地点 | C1: 一级部门 | D1: 二级部门 | E1: 岗位 | F1: 上班日期 | G1: 身份证号 | H1: 上班小时数 | I1: 上班分钟数 | J1: 当月打卡天数 | K1: 正常休假天数 | L1: 调休天数 | M1: 出差天数 | N1: 补卡天数 | O1: 异常打卡 | P1: 漏卡次数 | Q1: 请假天数 | R1: 出勤合计 | S1: 补卡时间 | T1: 出差时间 | U1: 请假时间 | V1: 未打卡时间 | W1: 备注
A2: 张雪莲 | H2: =SUMIF('3月部门分发'!B:B,A2,'3月部门分发'!DX:DX) | I2: =H2*60 | J2: =SUMIF('3月部门分发'!B:B,A2,'3月部门分发'!DY:DY) | R2: =J2+K2+L2+M2+N2+O2+P2+Q2
A3: 高淑文 | H3: =SUMIF('3月部门分发'!B:B,A3,'3月部门分发'!DX:DX) | I3: =H3*60 | J3: =SUMIF('3月部门分发'!B:B,A3,'3月部门分发'!DY:DY) | R3: =J3+K3+L3+M3+N3+O3+P3+Q3
A4: 伍小雪 | H4: =SUMIF('3月部门分发'!B:B,A4,'3月部门分发'!DX:DX) | I4: =H4*60 | J4: =SUMIF('3月部门分发'!B:B,A4,'3月部门分发'!DY:DY) | R4: =J4+K4+L4+M4+N4+O4+P4+Q4
A5: 邱霞 | H5: =SUMIF('3月部门分发'!B:B,A5,'3月部门分发'!DX:DX) | I5: =H5*60 | J5: =SUMIF('3月部门分发'!B:B,A5,'3月部门分发'!DY:DY) | R5: =J5+K5+L5+M5+N5+O5+P5+Q5
A6: 苏春梅 | H6: =SUMIF('3月部门分发'!B:B,A6,'3月部门分发'!DX:DX) | I6: =H6*60 | J6: =SUMIF('3月部门分发'!B:B,A6,'3月部门分发'!DY:DY) | R6: =J6+K6+L6+M6+N6+O6+P6+Q6
A7: 黄晓云 | H7: =SUMIF('3月部门分发'!B:B,A7,'3月部门分发'!DX:DX) | I7: =H7*60 | J7: =SUMIF('3月部门分发'!B:B,A7,'3月部门分发'!DY:DY) | R7: =J7+K7+L7+M7+N7+O7+P7+Q7
A8: 陈小红 | H8: =SUMIF('3月部门分发'!B:B,A8,'3月部门分发'!DX:DX) | I8: =H8*60 | J8: =SUMIF('3月部门分发'!B:B,A8,'3月部门分发'!DY:DY) | R8: =J8+K8+L8+M8+N8+O8+P8+Q8
A9: 罗丽 | H9: =SUMIF('3月部门分发'!B:B,A9,'3月部门分发'!DX:DX) | I9: =H9*60 | J9: =SUMIF('3月部门分发'!B:B,A9,'3月部门分发'!DY:DY) | R9: =J9+K9+L9+M9+N9+O9+P9+Q9
A10: 胡娅 | H10: =SUMIF('3月部门分发'!B:B,A10,'3月部门分发'!DX:DX) | I10: =H10*60 | J10: =SUMIF('3月部门分发'!B:B,A10,'3月部门分发'!DY:DY) | R10: =J10+K10+L10+M10+N10+O10+P10+Q10
A11: 杨青青 | H11: =SUMIF('3月部门分发'!B:B,A11,'3月部门分发'!DX:DX) | I11: =H11*60 | J11: =SUMIF('3月部门分发'!B:B,A11,'3月部门分发'!DY:DY) | R11: =J11+K11+L11+M11+N11+O11+P11+Q11
A12: 代白高 | H12: =SUMIF('3月部门分发'!B:B,A12,'3月部门分发'!DX:DX) | I12: =H12*60 | J12: =SUMIF('3月部门分发'!B:B,A12,'3月部门分发'!DY:DY) | R12: =J12+K12+L12+M12+N12+O12+P12+Q12
A13: 向锋 | H13: =SUMIF('3月部门分发'!B:B,A13,'3月部门分发'!DX:DX) | I13: =H13*60 | J13: =SUMIF('3月部门分发'!B:B,A13,'3月部门分发'!DY:DY) | R13: =J13+K13+L13+M13+N13+O13+P13+Q13
... A85: 毛玉玲 | H85: =SUMIF('3月部门分发'!B:B,A85,'3月部门分发'!DX:DX) | I85: =H85*60 | J85: =SUMIF('3月部门分发'!B:B,A85,'3月部门分发'!DY:DY) | R85: =J85+K85+L85+M85+N85+O85+P85+Q85

Sheet 花名册
A1: 姓名 | B1: 部门 | C1: 二级部门 | D1: 岗位 | E1: 合同签订日期 | F1: 身份证号码
A2: 郑强 | B2: 生产制造中心 | C2: 生产制造中心 | D2: 生产总监 | E2: 2022-02-07 | F2: 511521198402115393
A3: 康波 | B3: 设计部 | C3: 设计组 | D3: 方案设计师 | E3: 2023-02-22 | F3: 500225199303293814
A4: 贺悦 | B4: 信息部 | C4: 信息部 | D4: 酷家乐建模工程师 | E4: 2025-03-03 | F4: 500111199702150016
A5: 匡启素 | B5: 综合部 | C5: 综合部 | D5: 经理 | E5: 2014-02-07 | F5: 512322197310221860
A6: 陈静 | B6: 品质部 | C6: 品质部 | D6: 全检 | E6: 2024-03-14 | F6: 500234199107196327
A7: 杨为 | B7: 板式车间 | C7: 柜体线-排孔组 | D7: 排孔 | E7: 2022-02-11 | F7: 500225199009093838
A8: 李荧 | B8: 订单部 | C8: 审单组 | D8: 手工拆单员 | E8: 2021-02-19 | F8: 513021199504011068
A9: 章新灯 | B9: 设计部 | C9: 设计组 | D9: 工艺经理 | E9: 2024-09-04 | F9: 500237199310047879
A10: 刘文旦 | B10: 设计部 | C10: 设计组 | D10: 深化拆单设计师 | E10: 2024-10-21 | F10: 362421199210302911
A11: 谭勇 | B11: 设计部 | C11: 设计组 | D11: 方案设计师 | E11: 2025-06-30 | F11: 500225198602072312
A12: 莫永兵 | B12: 板式车间 | C12: 板式车间 | D12: 厂长 | E12: 2022-03-28 | F12: 510225197703015437
... A155: 王晓兰 | B155: 财务部 | C155: 财务部 | D155: 会计 | E155: 2019-04-17 | F155: 500225199107248442
A156: 张冰 | B156: 压贴厂 | D156: 压板厂长 | E156: 2021-06-09 | F156: 510184199101272173
A157: 覃树科 | B157: 压贴厂 | D157: 压贴工 | E157: 2026-03-09 | F157: 500225199402021451
A158: 刘俊杰 | B158: 压贴厂 | D158: 压贴工 | E158: 2023-06-21 | F158: 513623198004109713
A159: 黄贞才 | B159: 压贴厂 | D159: 叉车工 | E159: 2026-03-23 | F159: 510230197505267191
A160: 杨宗碧 | B160: 综合部 | D160: 车间清洁工 | E160: 2023-05-06 | F160: 512322196609231284
A161: 肖祖鞅 | B161: 销售一部 | D161: 销售经理 | E161: 2026-03-05 | F161: 500225200410311112
A162: 李文儒 | B162: 销售一部 | D162: 销售经理 | E162: 2026-03-05 | F162: 500225200405054473
A163: 曹连民 | B163: 久派商贸公司 | D163: 展辰油漆工 | E163: 2026-03-06 | F163: 371428198301092519
A164: 杨玲 | B164: 综合部 | D164: 叉车工 | E164: 2024-03-17 | F164: 500225199407141188
A165: 张成彪 | B165: 压贴厂 | D165: 压贴工 | E165: 2025-06-24 | F165: 500225198710111171
A166: 罗万川 | B166: 线条厂 | D166: 包覆 | E166: 2021-12-30 | F166: 51023019830406435X
A167: 陈建 | B167: 销售一部 | D167: 销售经理 | E167: 2022-09-12 | F167: 510230198205071116
... A270: 肖俊泽 | B270: 压贴厂 | D270: 压贴工 | E270: 2026-03-16 | F270: 510230197505138437
